API,Type,Count,Input,Unnamed: 4
mxnet.contrib.autograd.mark_variables,Segmentation_Fault,442,/local1/xdanning/docter/expr/mxnet/MX26_c890544_baseline/workdir/expect_ok_no_constr/mxnet.contrib.autograd.mark_variables.yaml_workdir/Segmentation_Fault_script_record,mx9
mxnet.contrib.ndarray.arange_like,Abort,1,/local1/xdanning/docter/expr/mxnet/MX26_c890544_baseline/workdir/expect_ok_no_constr/mxnet.contrib.ndarray.arange_like.yaml_workdir/Abort_script_record,
mxnet.gluon.contrib.nn.pixelshuffle1d,Floating_Point_Exception,19,/local1/xdanning/docter/expr/mxnet/MX26_c890544_baseline/workdir/expect_ok_no_constr/mxnet.gluon.contrib.nn.pixelshuffle1d.yaml_workdir/Floating_Point_Exception_script_record,mx16
mxnet.gluon.contrib.nn.pixelshuffle1d,Abort,1,/local1/xdanning/docter/expr/mxnet/MX26_c890544_baseline/workdir/expect_ok_no_constr/mxnet.gluon.contrib.nn.pixelshuffle1d.yaml_workdir/Abort_script_record,
mxnet.gluon.contrib.nn.pixelshuffle2d,Floating_Point_Exception,15,/local1/xdanning/docter/expr/mxnet/MX26_c890544_baseline/workdir/expect_ok_no_constr/mxnet.gluon.contrib.nn.pixelshuffle2d.yaml_workdir/Floating_Point_Exception_script_record,mx16
mxnet.gluon.contrib.nn.pixelshuffle1d,Segmentation_Fault,1,/local1/xdanning/docter/expr/mxnet/MX26_c890544_baseline/workdir/expect_ok_no_constr/mxnet.gluon.contrib.nn.pixelshuffle1d.yaml_workdir/Segmentation_Fault_script_record,cannot reproduce
mxnet.gluon.contrib.nn.pixelshuffle1d,timeout,1,/local1/xdanning/docter/expr/mxnet/MX26_c890544_baseline/workdir/expect_ok_no_constr/mxnet.gluon.contrib.nn.pixelshuffle1d.yaml_workdir/timeout_script_record,
mxnet.gluon.contrib.nn.pixelshuffle3d,Floating_Point_Exception,21,/local1/xdanning/docter/expr/mxnet/MX26_c890544_baseline/workdir/expect_ok_no_constr/mxnet.gluon.contrib.nn.pixelshuffle3d.yaml_workdir/Floating_Point_Exception_script_record,mx16
mxnet.gluon.contrib.nn.pixelshuffle2d,timeout,2,/local1/xdanning/docter/expr/mxnet/MX26_c890544_baseline/workdir/expect_ok_no_constr/mxnet.gluon.contrib.nn.pixelshuffle2d.yaml_workdir/timeout_script_record,
mxnet.gluon.nn.elu,Floating_Point_Exception,24,/local1/xdanning/docter/expr/mxnet/MX26_c890544_baseline/workdir/expect_ok_no_constr/mxnet.gluon.nn.elu.yaml_workdir/Floating_Point_Exception_script_record,mx17
mxnet.gluon.model_zoo.vision.alexnet,timeout,8,/local1/xdanning/docter/expr/mxnet/MX26_c890544_baseline/workdir/expect_ok_no_constr/mxnet.gluon.model_zoo.vision.alexnet.yaml_workdir/timeout_script_record,
mxnet.gluon.model_zoo.vision.vgg11_bn,timeout,125,/local1/xdanning/docter/expr/mxnet/MX26_c890544_baseline/workdir/expect_ok_no_constr/mxnet.gluon.model_zoo.vision.vgg11_bn.yaml_workdir/timeout_script_record,
mxnet.gluon.model_zoo.vision.vgg11,timeout,111,/local1/xdanning/docter/expr/mxnet/MX26_c890544_baseline/workdir/expect_ok_no_constr/mxnet.gluon.model_zoo.vision.vgg11.yaml_workdir/timeout_script_record,
mxnet.gluon.model_zoo.vision.vgg13_bn,timeout,125,/local1/xdanning/docter/expr/mxnet/MX26_c890544_baseline/workdir/expect_ok_no_constr/mxnet.gluon.model_zoo.vision.vgg13_bn.yaml_workdir/timeout_script_record,
mxnet.gluon.model_zoo.vision.vgg13,timeout,112,/local1/xdanning/docter/expr/mxnet/MX26_c890544_baseline/workdir/expect_ok_no_constr/mxnet.gluon.model_zoo.vision.vgg13.yaml_workdir/timeout_script_record,
mxnet.gluon.model_zoo.vision.vgg16_bn,timeout,116,/local1/xdanning/docter/expr/mxnet/MX26_c890544_baseline/workdir/expect_ok_no_constr/mxnet.gluon.model_zoo.vision.vgg16_bn.yaml_workdir/timeout_script_record,
mxnet.gluon.model_zoo.vision.vgg16,timeout,109,/local1/xdanning/docter/expr/mxnet/MX26_c890544_baseline/workdir/expect_ok_no_constr/mxnet.gluon.model_zoo.vision.vgg16.yaml_workdir/timeout_script_record,
mxnet.gluon.model_zoo.vision.vgg19_bn,timeout,124,/local1/xdanning/docter/expr/mxnet/MX26_c890544_baseline/workdir/expect_ok_no_constr/mxnet.gluon.model_zoo.vision.vgg19_bn.yaml_workdir/timeout_script_record,
mxnet.gluon.model_zoo.vision.vgg19,timeout,119,/local1/xdanning/docter/expr/mxnet/MX26_c890544_baseline/workdir/expect_ok_no_constr/mxnet.gluon.model_zoo.vision.vgg19.yaml_workdir/timeout_script_record,
mxnet.gluon.nn.avgpool1d,Abort,1,/local1/xdanning/docter/expr/mxnet/MX26_c890544_baseline/workdir/expect_ok_no_constr/mxnet.gluon.nn.avgpool1d.yaml_workdir/Abort_script_record,
mxnet.gluon.nn.elu,Abort,12,/local1/xdanning/docter/expr/mxnet/MX26_c890544_baseline/workdir/expect_ok_no_constr/mxnet.gluon.nn.elu.yaml_workdir/Abort_script_record,
mxnet.gluon.nn.leakyrelu,Floating_Point_Exception,1,/local1/xdanning/docter/expr/mxnet/MX26_c890544_baseline/workdir/expect_ok_no_constr/mxnet.gluon.nn.leakyrelu.yaml_workdir/Floating_Point_Exception_script_record,mx3
mxnet.gluon.nn.globalavgpool1d,Abort,12,/local1/xdanning/docter/expr/mxnet/MX26_c890544_baseline/workdir/expect_ok_no_constr/mxnet.gluon.nn.globalavgpool1d.yaml_workdir/Abort_script_record,
mxnet.gluon.nn.globalavgpool2d,Abort,17,/local1/xdanning/docter/expr/mxnet/MX26_c890544_baseline/workdir/expect_ok_no_constr/mxnet.gluon.nn.globalavgpool2d.yaml_workdir/Abort_script_record,
mxnet.gluon.nn.globalavgpool3d,Abort,11,/local1/xdanning/docter/expr/mxnet/MX26_c890544_baseline/workdir/expect_ok_no_constr/mxnet.gluon.nn.globalavgpool3d.yaml_workdir/Abort_script_record,
mxnet.gluon.nn.globalavgpool3d,Nan,17,/local1/xdanning/docter/expr/mxnet/MX26_c890544_baseline/workdir/expect_ok_no_constr/mxnet.gluon.nn.globalavgpool3d.yaml_workdir/Nan_script_record,
mxnet.gluon.nn.globalmaxpool1d,Abort,22,/local1/xdanning/docter/expr/mxnet/MX26_c890544_baseline/workdir/expect_ok_no_constr/mxnet.gluon.nn.globalmaxpool1d.yaml_workdir/Abort_script_record,
mxnet.gluon.nn.globalmaxpool2d,Abort,13,/local1/xdanning/docter/expr/mxnet/MX26_c890544_baseline/workdir/expect_ok_no_constr/mxnet.gluon.nn.globalmaxpool2d.yaml_workdir/Abort_script_record,
mxnet.gluon.nn.globalmaxpool3d,Abort,11,/local1/xdanning/docter/expr/mxnet/MX26_c890544_baseline/workdir/expect_ok_no_constr/mxnet.gluon.nn.globalmaxpool3d.yaml_workdir/Abort_script_record,
mxnet.gluon.nn.leakyrelu,Abort,5,/local1/xdanning/docter/expr/mxnet/MX26_c890544_baseline/workdir/expect_ok_no_constr/mxnet.gluon.nn.leakyrelu.yaml_workdir/Abort_script_record,
mxnet.ndarray.instancenorm,Floating_Point_Exception,1,/local1/xdanning/docter/expr/mxnet/MX26_c890544_baseline/workdir/expect_ok_no_constr/mxnet.ndarray.instancenorm.yaml_workdir/Floating_Point_Exception_script_record,mx2
mxnet.gluon.nn.maxpool1d,Abort,1,/local1/xdanning/docter/expr/mxnet/MX26_c890544_baseline/workdir/expect_ok_no_constr/mxnet.gluon.nn.maxpool1d.yaml_workdir/Abort_script_record,
mxnet.gluon.nn.maxpool2d,Abort,2,/local1/xdanning/docter/expr/mxnet/MX26_c890544_baseline/workdir/expect_ok_no_constr/mxnet.gluon.nn.maxpool2d.yaml_workdir/Abort_script_record,
mxnet.gluon.nn.maxpool2d,timeout,1,/local1/xdanning/docter/expr/mxnet/MX26_c890544_baseline/workdir/expect_ok_no_constr/mxnet.gluon.nn.maxpool2d.yaml_workdir/timeout_script_record,
mxnet.gluon.nn.maxpool3d,Abort,1,/local1/xdanning/docter/expr/mxnet/MX26_c890544_baseline/workdir/expect_ok_no_constr/mxnet.gluon.nn.maxpool3d.yaml_workdir/Abort_script_record,
mxnet.gluon.nn.reflectionpad2d,Abort,7,/local1/xdanning/docter/expr/mxnet/MX26_c890544_baseline/workdir/expect_ok_no_constr/mxnet.gluon.nn.reflectionpad2d.yaml_workdir/Abort_script_record,
mxnet.gluon.nn.swish,Nan,14,/local1/xdanning/docter/expr/mxnet/MX26_c890544_baseline/workdir/expect_ok_no_constr/mxnet.gluon.nn.swish.yaml_workdir/Nan_script_record,
mxnet.gluon.utils.check_sha1,timeout,37,/local1/xdanning/docter/expr/mxnet/MX26_c890544_baseline/workdir/expect_ok_no_constr/mxnet.gluon.utils.check_sha1.yaml_workdir/timeout_script_record,
mxnet.gluon.utils.download,timeout,2,/local1/xdanning/docter/expr/mxnet/MX26_c890544_baseline/workdir/expect_ok_no_constr/mxnet.gluon.utils.download.yaml_workdir/timeout_script_record,
mxnet.image.random_size_crop,timeout,41,/local1/xdanning/docter/expr/mxnet/MX26_c890544_baseline/workdir/expect_ok_no_constr/mxnet.image.random_size_crop.yaml_workdir/timeout_script_record,
mxnet.ndarray.abs,timeout,83,/local1/xdanning/docter/expr/mxnet/MX26_c890544_baseline/workdir/expect_ok_no_constr/mxnet.ndarray.abs.yaml_workdir/timeout_script_record,
mxnet.ndarray.add,timeout,151,/local1/xdanning/docter/expr/mxnet/MX26_c890544_baseline/workdir/expect_ok_no_constr/mxnet.ndarray.add.yaml_workdir/timeout_script_record,
mxnet.ndarray.op.instancenorm,Floating_Point_Exception,2,/local1/xdanning/docter/expr/mxnet/MX26_c890544_baseline/workdir/expect_ok_no_constr/mxnet.ndarray.op.instancenorm.yaml_workdir/Floating_Point_Exception_script_record,mx2
mxnet.ndarray.amp_cast,timeout,85,/local1/xdanning/docter/expr/mxnet/MX26_c890544_baseline/workdir/expect_ok_no_constr/mxnet.ndarray.amp_cast.yaml_workdir/timeout_script_record,
mxnet.ndarray.arange,timeout,1,/local1/xdanning/docter/expr/mxnet/MX26_c890544_baseline/workdir/expect_ok_no_constr/mxnet.ndarray.arange.yaml_workdir/timeout_script_record,
mxnet.ndarray.arccosh,timeout,95,/local1/xdanning/docter/expr/mxnet/MX26_c890544_baseline/workdir/expect_ok_no_constr/mxnet.ndarray.arccosh.yaml_workdir/timeout_script_record,
mxnet.ndarray.arccos,timeout,92,/local1/xdanning/docter/expr/mxnet/MX26_c890544_baseline/workdir/expect_ok_no_constr/mxnet.ndarray.arccos.yaml_workdir/timeout_script_record,
mxnet.ndarray.arcsinh,timeout,91,/local1/xdanning/docter/expr/mxnet/MX26_c890544_baseline/workdir/expect_ok_no_constr/mxnet.ndarray.arcsinh.yaml_workdir/timeout_script_record,
mxnet.ndarray.arcsin,timeout,89,/local1/xdanning/docter/expr/mxnet/MX26_c890544_baseline/workdir/expect_ok_no_constr/mxnet.ndarray.arcsin.yaml_workdir/timeout_script_record,
mxnet.ndarray.arctanh,timeout,115,/local1/xdanning/docter/expr/mxnet/MX26_c890544_baseline/workdir/expect_ok_no_constr/mxnet.ndarray.arctanh.yaml_workdir/timeout_script_record,
mxnet.ndarray.arctan,timeout,107,/local1/xdanning/docter/expr/mxnet/MX26_c890544_baseline/workdir/expect_ok_no_constr/mxnet.ndarray.arctan.yaml_workdir/timeout_script_record,
mxnet.ndarray.argmax_channel,timeout,46,/local1/xdanning/docter/expr/mxnet/MX26_c890544_baseline/workdir/expect_ok_no_constr/mxnet.ndarray.argmax_channel.yaml_workdir/timeout_script_record,
mxnet.ndarray.argsort,Abort,15,/local1/xdanning/docter/expr/mxnet/MX26_c890544_baseline/workdir/expect_ok_no_constr/mxnet.ndarray.argsort.yaml_workdir/Abort_script_record,
mxnet.ndarray.argsort,timeout,13,/local1/xdanning/docter/expr/mxnet/MX26_c890544_baseline/workdir/expect_ok_no_constr/mxnet.ndarray.argsort.yaml_workdir/timeout_script_record,
mxnet.ndarray.array,timeout,146,/local1/xdanning/docter/expr/mxnet/MX26_c890544_baseline/workdir/expect_ok_no_constr/mxnet.ndarray.array.yaml_workdir/timeout_script_record,
mxnet.ndarray.blockgrad,timeout,98,/local1/xdanning/docter/expr/mxnet/MX26_c890544_baseline/workdir/expect_ok_no_constr/mxnet.ndarray.blockgrad.yaml_workdir/timeout_script_record,
mxnet.ndarray.broadcast_add,timeout,5,/local1/xdanning/docter/expr/mxnet/MX26_c890544_baseline/workdir/expect_ok_no_constr/mxnet.ndarray.broadcast_add.yaml_workdir/timeout_script_record,
mxnet.ndarray.broadcast_axes,timeout,13,/local1/xdanning/docter/expr/mxnet/MX26_c890544_baseline/workdir/expect_ok_no_constr/mxnet.ndarray.broadcast_axes.yaml_workdir/timeout_script_record,
mxnet.ndarray.broadcast_axis,timeout,14,/local1/xdanning/docter/expr/mxnet/MX26_c890544_baseline/workdir/expect_ok_no_constr/mxnet.ndarray.broadcast_axis.yaml_workdir/timeout_script_record,
mxnet.ndarray.broadcast_equal,timeout,3,/local1/xdanning/docter/expr/mxnet/MX26_c890544_baseline/workdir/expect_ok_no_constr/mxnet.ndarray.broadcast_equal.yaml_workdir/timeout_script_record,
mxnet.ndarray.broadcast_greater_equal,timeout,1,/local1/xdanning/docter/expr/mxnet/MX26_c890544_baseline/workdir/expect_ok_no_constr/mxnet.ndarray.broadcast_greater_equal.yaml_workdir/timeout_script_record,
mxnet.ndarray.broadcast_greater,timeout,3,/local1/xdanning/docter/expr/mxnet/MX26_c890544_baseline/workdir/expect_ok_no_constr/mxnet.ndarray.broadcast_greater.yaml_workdir/timeout_script_record,
mxnet.ndarray.broadcast_hypot,timeout,3,/local1/xdanning/docter/expr/mxnet/MX26_c890544_baseline/workdir/expect_ok_no_constr/mxnet.ndarray.broadcast_hypot.yaml_workdir/timeout_script_record,
mxnet.ndarray.broadcast_lesser_equal,timeout,4,/local1/xdanning/docter/expr/mxnet/MX26_c890544_baseline/workdir/expect_ok_no_constr/mxnet.ndarray.broadcast_lesser_equal.yaml_workdir/timeout_script_record,
mxnet.ndarray.broadcast_lesser,timeout,2,/local1/xdanning/docter/expr/mxnet/MX26_c890544_baseline/workdir/expect_ok_no_constr/mxnet.ndarray.broadcast_lesser.yaml_workdir/timeout_script_record,
mxnet.ndarray.broadcast_logical_and,timeout,3,/local1/xdanning/docter/expr/mxnet/MX26_c890544_baseline/workdir/expect_ok_no_constr/mxnet.ndarray.broadcast_logical_and.yaml_workdir/timeout_script_record,
mxnet.ndarray.broadcast_logical_or,timeout,2,/local1/xdanning/docter/expr/mxnet/MX26_c890544_baseline/workdir/expect_ok_no_constr/mxnet.ndarray.broadcast_logical_or.yaml_workdir/timeout_script_record,
mxnet.ndarray.broadcast_logical_xor,timeout,5,/local1/xdanning/docter/expr/mxnet/MX26_c890544_baseline/workdir/expect_ok_no_constr/mxnet.ndarray.broadcast_logical_xor.yaml_workdir/timeout_script_record,
mxnet.ndarray.broadcast_maximum,timeout,4,/local1/xdanning/docter/expr/mxnet/MX26_c890544_baseline/workdir/expect_ok_no_constr/mxnet.ndarray.broadcast_maximum.yaml_workdir/timeout_script_record,
mxnet.ndarray.broadcast_minimum,timeout,5,/local1/xdanning/docter/expr/mxnet/MX26_c890544_baseline/workdir/expect_ok_no_constr/mxnet.ndarray.broadcast_minimum.yaml_workdir/timeout_script_record,
mxnet.ndarray.broadcast_minus,timeout,4,/local1/xdanning/docter/expr/mxnet/MX26_c890544_baseline/workdir/expect_ok_no_constr/mxnet.ndarray.broadcast_minus.yaml_workdir/timeout_script_record,
mxnet.ndarray.broadcast_mod,timeout,3,/local1/xdanning/docter/expr/mxnet/MX26_c890544_baseline/workdir/expect_ok_no_constr/mxnet.ndarray.broadcast_mod.yaml_workdir/timeout_script_record,
mxnet.ndarray.broadcast_mul,timeout,4,/local1/xdanning/docter/expr/mxnet/MX26_c890544_baseline/workdir/expect_ok_no_constr/mxnet.ndarray.broadcast_mul.yaml_workdir/timeout_script_record,
mxnet.ndarray.broadcast_not_equal,timeout,4,/local1/xdanning/docter/expr/mxnet/MX26_c890544_baseline/workdir/expect_ok_no_constr/mxnet.ndarray.broadcast_not_equal.yaml_workdir/timeout_script_record,
mxnet.ndarray.broadcast_plus,timeout,3,/local1/xdanning/docter/expr/mxnet/MX26_c890544_baseline/workdir/expect_ok_no_constr/mxnet.ndarray.broadcast_plus.yaml_workdir/timeout_script_record,
mxnet.ndarray.broadcast_power,timeout,2,/local1/xdanning/docter/expr/mxnet/MX26_c890544_baseline/workdir/expect_ok_no_constr/mxnet.ndarray.broadcast_power.yaml_workdir/timeout_script_record,
mxnet.ndarray.broadcast_sub,timeout,5,/local1/xdanning/docter/expr/mxnet/MX26_c890544_baseline/workdir/expect_ok_no_constr/mxnet.ndarray.broadcast_sub.yaml_workdir/timeout_script_record,
mxnet.ndarray.op.random_pdf_dirichlet,Floating_Point_Exception,3,/local1/xdanning/docter/expr/mxnet/MX26_c890544_baseline/workdir/expect_ok_no_constr/mxnet.ndarray.op.random_pdf_dirichlet.yaml_workdir/Floating_Point_Exception_script_record,mx4
mxnet.ndarray.cast,timeout,91,/local1/xdanning/docter/expr/mxnet/MX26_c890544_baseline/workdir/expect_ok_no_constr/mxnet.ndarray.cast.yaml_workdir/timeout_script_record,
mxnet.ndarray.cbrt,timeout,105,/local1/xdanning/docter/expr/mxnet/MX26_c890544_baseline/workdir/expect_ok_no_constr/mxnet.ndarray.cbrt.yaml_workdir/timeout_script_record,
mxnet.ndarray.ceil,timeout,92,/local1/xdanning/docter/expr/mxnet/MX26_c890544_baseline/workdir/expect_ok_no_constr/mxnet.ndarray.ceil.yaml_workdir/timeout_script_record,
mxnet.ndarray.op.random_pdf_poisson,Floating_Point_Exception,3,/local1/xdanning/docter/expr/mxnet/MX26_c890544_baseline/workdir/expect_ok_no_constr/mxnet.ndarray.op.random_pdf_poisson.yaml_workdir/Floating_Point_Exception_script_record,mx4
mxnet.ndarray.clip,timeout,1,/local1/xdanning/docter/expr/mxnet/MX26_c890544_baseline/workdir/expect_ok_no_constr/mxnet.ndarray.clip.yaml_workdir/timeout_script_record,
mxnet.ndarray.contrib.arange_like,Abort,4,/local1/xdanning/docter/expr/mxnet/MX26_c890544_baseline/workdir/expect_ok_no_constr/mxnet.ndarray.contrib.arange_like.yaml_workdir/Abort_script_record,
mxnet.ndarray.cosh,timeout,91,/local1/xdanning/docter/expr/mxnet/MX26_c890544_baseline/workdir/expect_ok_no_constr/mxnet.ndarray.cosh.yaml_workdir/timeout_script_record,
mxnet.ndarray.cos,timeout,103,/local1/xdanning/docter/expr/mxnet/MX26_c890544_baseline/workdir/expect_ok_no_constr/mxnet.ndarray.cos.yaml_workdir/timeout_script_record,
mxnet.ndarray.cumsum,Abort,41,/local1/xdanning/docter/expr/mxnet/MX26_c890544_baseline/workdir/expect_ok_no_constr/mxnet.ndarray.cumsum.yaml_workdir/Abort_script_record,
mxnet.ndarray.cumsum,timeout,44,/local1/xdanning/docter/expr/mxnet/MX26_c890544_baseline/workdir/expect_ok_no_constr/mxnet.ndarray.cumsum.yaml_workdir/timeout_script_record,
mxnet.ndarray.degrees,timeout,95,/local1/xdanning/docter/expr/mxnet/MX26_c890544_baseline/workdir/expect_ok_no_constr/mxnet.ndarray.degrees.yaml_workdir/timeout_script_record,
mxnet.ndarray.divide,timeout,144,/local1/xdanning/docter/expr/mxnet/MX26_c890544_baseline/workdir/expect_ok_no_constr/mxnet.ndarray.divide.yaml_workdir/timeout_script_record,
mxnet.ndarray.dropout,Abort,2,/local1/xdanning/docter/expr/mxnet/MX26_c890544_baseline/workdir/expect_ok_no_constr/mxnet.ndarray.dropout.yaml_workdir/Abort_script_record,
mxnet.ndarray.dropout,timeout,2,/local1/xdanning/docter/expr/mxnet/MX26_c890544_baseline/workdir/expect_ok_no_constr/mxnet.ndarray.dropout.yaml_workdir/timeout_script_record,
mxnet.ndarray.empty,timeout,5,/local1/xdanning/docter/expr/mxnet/MX26_c890544_baseline/workdir/expect_ok_no_constr/mxnet.ndarray.empty.yaml_workdir/timeout_script_record,
mxnet.ndarray.equal,timeout,136,/local1/xdanning/docter/expr/mxnet/MX26_c890544_baseline/workdir/expect_ok_no_constr/mxnet.ndarray.equal.yaml_workdir/timeout_script_record,
mxnet.ndarray.erfinv,timeout,114,/local1/xdanning/docter/expr/mxnet/MX26_c890544_baseline/workdir/expect_ok_no_constr/mxnet.ndarray.erfinv.yaml_workdir/timeout_script_record,
mxnet.ndarray.erf,timeout,96,/local1/xdanning/docter/expr/mxnet/MX26_c890544_baseline/workdir/expect_ok_no_constr/mxnet.ndarray.erf.yaml_workdir/timeout_script_record,
mxnet.ndarray.expm1,timeout,95,/local1/xdanning/docter/expr/mxnet/MX26_c890544_baseline/workdir/expect_ok_no_constr/mxnet.ndarray.expm1.yaml_workdir/timeout_script_record,
mxnet.ndarray.exp,timeout,114,/local1/xdanning/docter/expr/mxnet/MX26_c890544_baseline/workdir/expect_ok_no_constr/mxnet.ndarray.exp.yaml_workdir/timeout_script_record,
mxnet.ndarray.eye,timeout,4,/local1/xdanning/docter/expr/mxnet/MX26_c890544_baseline/workdir/expect_ok_no_constr/mxnet.ndarray.eye.yaml_workdir/timeout_script_record,
mxnet.ndarray.fix,timeout,88,/local1/xdanning/docter/expr/mxnet/MX26_c890544_baseline/workdir/expect_ok_no_constr/mxnet.ndarray.fix.yaml_workdir/timeout_script_record,
mxnet.ndarray.flatten,timeout,97,/local1/xdanning/docter/expr/mxnet/MX26_c890544_baseline/workdir/expect_ok_no_constr/mxnet.ndarray.flatten.yaml_workdir/timeout_script_record,
mxnet.ndarray.flip,timeout,8,/local1/xdanning/docter/expr/mxnet/MX26_c890544_baseline/workdir/expect_ok_no_constr/mxnet.ndarray.flip.yaml_workdir/timeout_script_record,
mxnet.ndarray.floor,timeout,99,/local1/xdanning/docter/expr/mxnet/MX26_c890544_baseline/workdir/expect_ok_no_constr/mxnet.ndarray.floor.yaml_workdir/timeout_script_record,
mxnet.ndarray.from_numpy,timeout,24,/local1/xdanning/docter/expr/mxnet/MX26_c890544_baseline/workdir/expect_ok_no_constr/mxnet.ndarray.from_numpy.yaml_workdir/timeout_script_record,
mxnet.ndarray.full,timeout,42,/local1/xdanning/docter/expr/mxnet/MX26_c890544_baseline/workdir/expect_ok_no_constr/mxnet.ndarray.full.yaml_workdir/timeout_script_record,
mxnet.ndarray.gammaln,timeout,91,/local1/xdanning/docter/expr/mxnet/MX26_c890544_baseline/workdir/expect_ok_no_constr/mxnet.ndarray.gammaln.yaml_workdir/timeout_script_record,
mxnet.ndarray.gamma,timeout,92,/local1/xdanning/docter/expr/mxnet/MX26_c890544_baseline/workdir/expect_ok_no_constr/mxnet.ndarray.gamma.yaml_workdir/timeout_script_record,
mxnet.ndarray.op.sample_multinomial,Floating_Point_Exception,5,/local1/xdanning/docter/expr/mxnet/MX26_c890544_baseline/workdir/expect_ok_no_constr/mxnet.ndarray.op.sample_multinomial.yaml_workdir/Floating_Point_Exception_script_record,mx19
mxnet.ndarray.gather_nd,timeout,6,/local1/xdanning/docter/expr/mxnet/MX26_c890544_baseline/workdir/expect_ok_no_constr/mxnet.ndarray.gather_nd.yaml_workdir/timeout_script_record,
mxnet.ndarray.greater_equal,timeout,124,/local1/xdanning/docter/expr/mxnet/MX26_c890544_baseline/workdir/expect_ok_no_constr/mxnet.ndarray.greater_equal.yaml_workdir/timeout_script_record,
mxnet.ndarray.greater,timeout,131,/local1/xdanning/docter/expr/mxnet/MX26_c890544_baseline/workdir/expect_ok_no_constr/mxnet.ndarray.greater.yaml_workdir/timeout_script_record,
mxnet.ndarray.groupnorm,timeout,1,/local1/xdanning/docter/expr/mxnet/MX26_c890544_baseline/workdir/expect_ok_no_constr/mxnet.ndarray.groupnorm.yaml_workdir/timeout_script_record,
mxnet.ndarray.hard_sigmoid,timeout,19,/local1/xdanning/docter/expr/mxnet/MX26_c890544_baseline/workdir/expect_ok_no_constr/mxnet.ndarray.hard_sigmoid.yaml_workdir/timeout_script_record,
mxnet.ndarray.histogram,Abort,6,/local1/xdanning/docter/expr/mxnet/MX26_c890544_baseline/workdir/expect_ok_no_constr/mxnet.ndarray.histogram.yaml_workdir/Abort_script_record,
mxnet.ndarray.histogram,Kill,1,/local1/xdanning/docter/expr/mxnet/MX26_c890544_baseline/workdir/expect_ok_no_constr/mxnet.ndarray.histogram.yaml_workdir/Kill_script_record,
mxnet.ndarray.histogram,timeout,2,/local1/xdanning/docter/expr/mxnet/MX26_c890544_baseline/workdir/expect_ok_no_constr/mxnet.ndarray.histogram.yaml_workdir/timeout_script_record,
mxnet.ndarray.identity,timeout,102,/local1/xdanning/docter/expr/mxnet/MX26_c890544_baseline/workdir/expect_ok_no_constr/mxnet.ndarray.identity.yaml_workdir/timeout_script_record,
mxnet.ndarray.op.sequencelast,Floating_Point_Exception,4,/local1/xdanning/docter/expr/mxnet/MX26_c890544_baseline/workdir/expect_ok_no_constr/mxnet.ndarray.op.sequencelast.yaml_workdir/Floating_Point_Exception_script_record,mx6
mxnet.ndarray.instancenorm,timeout,9,/local1/xdanning/docter/expr/mxnet/MX26_c890544_baseline/workdir/expect_ok_no_constr/mxnet.ndarray.instancenorm.yaml_workdir/timeout_script_record,
mxnet.ndarray.l2normalization,Abort,12,/local1/xdanning/docter/expr/mxnet/MX26_c890544_baseline/workdir/expect_ok_no_constr/mxnet.ndarray.l2normalization.yaml_workdir/Abort_script_record,
mxnet.ndarray.l2normalization,timeout,20,/local1/xdanning/docter/expr/mxnet/MX26_c890544_baseline/workdir/expect_ok_no_constr/mxnet.ndarray.l2normalization.yaml_workdir/timeout_script_record,
mxnet.ndarray.leakyrelu,timeout,1,/local1/xdanning/docter/expr/mxnet/MX26_c890544_baseline/workdir/expect_ok_no_constr/mxnet.ndarray.leakyrelu.yaml_workdir/timeout_script_record,
mxnet.ndarray.lesser_equal,timeout,135,/local1/xdanning/docter/expr/mxnet/MX26_c890544_baseline/workdir/expect_ok_no_constr/mxnet.ndarray.lesser_equal.yaml_workdir/timeout_script_record,
mxnet.ndarray.lesser,timeout,143,/local1/xdanning/docter/expr/mxnet/MX26_c890544_baseline/workdir/expect_ok_no_constr/mxnet.ndarray.lesser.yaml_workdir/timeout_script_record,
mxnet.ndarray.linalg.extractdiag,Abort,1,/local1/xdanning/docter/expr/mxnet/MX26_c890544_baseline/workdir/expect_ok_no_constr/mxnet.ndarray.linalg.extractdiag.yaml_workdir/Abort_script_record,
mxnet.ndarray.linalg_extracttrian,timeout,1,/local1/xdanning/docter/expr/mxnet/MX26_c890544_baseline/workdir/expect_ok_no_constr/mxnet.ndarray.linalg_extracttrian.yaml_workdir/timeout_script_record,
mxnet.ndarray.linalg_gelqf,Abort,26,/local1/xdanning/docter/expr/mxnet/MX26_c890544_baseline/workdir/expect_ok_no_constr/mxnet.ndarray.linalg_gelqf.yaml_workdir/Abort_script_record,
mxnet.ndarray.linalg.gelqf,Abort,28,/local1/xdanning/docter/expr/mxnet/MX26_c890544_baseline/workdir/expect_ok_no_constr/mxnet.ndarray.linalg.gelqf.yaml_workdir/Abort_script_record,
mxnet.ndarray.linalg_gelqf,timeout,59,/local1/xdanning/docter/expr/mxnet/MX26_c890544_baseline/workdir/expect_ok_no_constr/mxnet.ndarray.linalg_gelqf.yaml_workdir/timeout_script_record,
mxnet.ndarray.linalg_inverse,timeout,4,/local1/xdanning/docter/expr/mxnet/MX26_c890544_baseline/workdir/expect_ok_no_constr/mxnet.ndarray.linalg_inverse.yaml_workdir/timeout_script_record,
mxnet.ndarray.linalg_makediag,Abort,22,/local1/xdanning/docter/expr/mxnet/MX26_c890544_baseline/workdir/expect_ok_no_constr/mxnet.ndarray.linalg_makediag.yaml_workdir/Abort_script_record,
mxnet.ndarray.linalg.makediag,Abort,21,/local1/xdanning/docter/expr/mxnet/MX26_c890544_baseline/workdir/expect_ok_no_constr/mxnet.ndarray.linalg.makediag.yaml_workdir/Abort_script_record,
mxnet.ndarray.linalg_makediag,timeout,68,/local1/xdanning/docter/expr/mxnet/MX26_c890544_baseline/workdir/expect_ok_no_constr/mxnet.ndarray.linalg_makediag.yaml_workdir/timeout_script_record,
mxnet.ndarray.linalg_maketrian,Abort,4,/local1/xdanning/docter/expr/mxnet/MX26_c890544_baseline/workdir/expect_ok_no_constr/mxnet.ndarray.linalg_maketrian.yaml_workdir/Abort_script_record,
mxnet.ndarray.linalg.maketrian,Abort,2,/local1/xdanning/docter/expr/mxnet/MX26_c890544_baseline/workdir/expect_ok_no_constr/mxnet.ndarray.linalg.maketrian.yaml_workdir/Abort_script_record,
mxnet.ndarray.linalg_maketrian,timeout,9,/local1/xdanning/docter/expr/mxnet/MX26_c890544_baseline/workdir/expect_ok_no_constr/mxnet.ndarray.linalg_maketrian.yaml_workdir/timeout_script_record,
mxnet.ndarray.linalg_potrf,timeout,106,/local1/xdanning/docter/expr/mxnet/MX26_c890544_baseline/workdir/expect_ok_no_constr/mxnet.ndarray.linalg_potrf.yaml_workdir/timeout_script_record,
mxnet.ndarray.linalg_potri,timeout,77,/local1/xdanning/docter/expr/mxnet/MX26_c890544_baseline/workdir/expect_ok_no_constr/mxnet.ndarray.linalg_potri.yaml_workdir/timeout_script_record,
mxnet.ndarray.linalg_slogdet,timeout,1,/local1/xdanning/docter/expr/mxnet/MX26_c890544_baseline/workdir/expect_ok_no_constr/mxnet.ndarray.linalg_slogdet.yaml_workdir/timeout_script_record,
mxnet.ndarray.linalg_sumlogdiag,Abort,19,/local1/xdanning/docter/expr/mxnet/MX26_c890544_baseline/workdir/expect_ok_no_constr/mxnet.ndarray.linalg_sumlogdiag.yaml_workdir/Abort_script_record,
mxnet.ndarray.linalg.sumlogdiag,Abort,12,/local1/xdanning/docter/expr/mxnet/MX26_c890544_baseline/workdir/expect_ok_no_constr/mxnet.ndarray.linalg.sumlogdiag.yaml_workdir/Abort_script_record,
mxnet.ndarray.linalg_sumlogdiag,timeout,4,/local1/xdanning/docter/expr/mxnet/MX26_c890544_baseline/workdir/expect_ok_no_constr/mxnet.ndarray.linalg_sumlogdiag.yaml_workdir/timeout_script_record,
mxnet.ndarray.linalg.syevd,Abort,3,/local1/xdanning/docter/expr/mxnet/MX26_c890544_baseline/workdir/expect_ok_no_constr/mxnet.ndarray.linalg.syevd.yaml_workdir/Abort_script_record,
mxnet.ndarray.linalg_syrk,Abort,9,/local1/xdanning/docter/expr/mxnet/MX26_c890544_baseline/workdir/expect_ok_no_constr/mxnet.ndarray.linalg_syrk.yaml_workdir/Abort_script_record,
mxnet.ndarray.linalg.syrk,Abort,3,/local1/xdanning/docter/expr/mxnet/MX26_c890544_baseline/workdir/expect_ok_no_constr/mxnet.ndarray.linalg.syrk.yaml_workdir/Abort_script_record,
mxnet.ndarray.linalg_syrk,timeout,20,/local1/xdanning/docter/expr/mxnet/MX26_c890544_baseline/workdir/expect_ok_no_constr/mxnet.ndarray.linalg_syrk.yaml_workdir/timeout_script_record,
mxnet.ndarray.linearregressionoutput,Abort,3,/local1/xdanning/docter/expr/mxnet/MX26_c890544_baseline/workdir/expect_ok_no_constr/mxnet.ndarray.linearregressionoutput.yaml_workdir/Abort_script_record,
mxnet.ndarray.log10,timeout,132,/local1/xdanning/docter/expr/mxnet/MX26_c890544_baseline/workdir/expect_ok_no_constr/mxnet.ndarray.log10.yaml_workdir/timeout_script_record,
mxnet.ndarray.log1p,timeout,105,/local1/xdanning/docter/expr/mxnet/MX26_c890544_baseline/workdir/expect_ok_no_constr/mxnet.ndarray.log1p.yaml_workdir/timeout_script_record,
mxnet.ndarray.log2,timeout,110,/local1/xdanning/docter/expr/mxnet/MX26_c890544_baseline/workdir/expect_ok_no_constr/mxnet.ndarray.log2.yaml_workdir/timeout_script_record,
mxnet.ndarray.logical_and,timeout,158,/local1/xdanning/docter/expr/mxnet/MX26_c890544_baseline/workdir/expect_ok_no_constr/mxnet.ndarray.logical_and.yaml_workdir/timeout_script_record,
mxnet.ndarray.logical_not,timeout,126,/local1/xdanning/docter/expr/mxnet/MX26_c890544_baseline/workdir/expect_ok_no_constr/mxnet.ndarray.logical_not.yaml_workdir/timeout_script_record,
mxnet.ndarray.logical_or,timeout,153,/local1/xdanning/docter/expr/mxnet/MX26_c890544_baseline/workdir/expect_ok_no_constr/mxnet.ndarray.logical_or.yaml_workdir/timeout_script_record,
mxnet.ndarray.logical_xor,timeout,157,/local1/xdanning/docter/expr/mxnet/MX26_c890544_baseline/workdir/expect_ok_no_constr/mxnet.ndarray.logical_xor.yaml_workdir/timeout_script_record,
mxnet.ndarray.logisticregressionoutput,Abort,1,/local1/xdanning/docter/expr/mxnet/MX26_c890544_baseline/workdir/expect_ok_no_constr/mxnet.ndarray.logisticregressionoutput.yaml_workdir/Abort_script_record,
mxnet.ndarray.log_softmax,timeout,6,/local1/xdanning/docter/expr/mxnet/MX26_c890544_baseline/workdir/expect_ok_no_constr/mxnet.ndarray.log_softmax.yaml_workdir/timeout_script_record,
mxnet.ndarray.log,timeout,80,/local1/xdanning/docter/expr/mxnet/MX26_c890544_baseline/workdir/expect_ok_no_constr/mxnet.ndarray.log.yaml_workdir/timeout_script_record,
mxnet.ndarray.lrn,timeout,1,/local1/xdanning/docter/expr/mxnet/MX26_c890544_baseline/workdir/expect_ok_no_constr/mxnet.ndarray.lrn.yaml_workdir/timeout_script_record,
mxnet.ndarray.maeregressionoutput,Abort,1,/local1/xdanning/docter/expr/mxnet/MX26_c890544_baseline/workdir/expect_ok_no_constr/mxnet.ndarray.maeregressionoutput.yaml_workdir/Abort_script_record,
mxnet.ndarray.take,Abort,1,/local1/xdanning/docter/expr/mxnet/MX26_c890544_baseline/workdir/expect_ok_no_constr/mxnet.ndarray.take.yaml_workdir/Abort_script_record,mx22
mxnet.ndarray.make_loss,timeout,111,/local1/xdanning/docter/expr/mxnet/MX26_c890544_baseline/workdir/expect_ok_no_constr/mxnet.ndarray.make_loss.yaml_workdir/timeout_script_record,
mxnet.ndarray.makeloss,timeout,8,/local1/xdanning/docter/expr/mxnet/MX26_c890544_baseline/workdir/expect_ok_no_constr/mxnet.ndarray.makeloss.yaml_workdir/timeout_script_record,
mxnet.ndarray.maximum,timeout,159,/local1/xdanning/docter/expr/mxnet/MX26_c890544_baseline/workdir/expect_ok_no_constr/mxnet.ndarray.maximum.yaml_workdir/timeout_script_record,
mxnet.ndarray.minimum,timeout,153,/local1/xdanning/docter/expr/mxnet/MX26_c890544_baseline/workdir/expect_ok_no_constr/mxnet.ndarray.minimum.yaml_workdir/timeout_script_record,
mxnet.ndarray.modulo,timeout,131,/local1/xdanning/docter/expr/mxnet/MX26_c890544_baseline/workdir/expect_ok_no_constr/mxnet.ndarray.modulo.yaml_workdir/timeout_script_record,
mxnet.ndarray.moments,timeout,1,/local1/xdanning/docter/expr/mxnet/MX26_c890544_baseline/workdir/expect_ok_no_constr/mxnet.ndarray.moments.yaml_workdir/timeout_script_record,
mxnet.ndarray.moveaxis,timeout,1,/local1/xdanning/docter/expr/mxnet/MX26_c890544_baseline/workdir/expect_ok_no_constr/mxnet.ndarray.moveaxis.yaml_workdir/timeout_script_record,
mxnet.ndarray.multiply,timeout,132,/local1/xdanning/docter/expr/mxnet/MX26_c890544_baseline/workdir/expect_ok_no_constr/mxnet.ndarray.multiply.yaml_workdir/timeout_script_record,
mxnet.ndarray.negative,timeout,94,/local1/xdanning/docter/expr/mxnet/MX26_c890544_baseline/workdir/expect_ok_no_constr/mxnet.ndarray.negative.yaml_workdir/timeout_script_record,
mxnet.ndarray.not_equal,timeout,140,/local1/xdanning/docter/expr/mxnet/MX26_c890544_baseline/workdir/expect_ok_no_constr/mxnet.ndarray.not_equal.yaml_workdir/timeout_script_record,
mxnet.ndarray.one_hot,timeout,1,/local1/xdanning/docter/expr/mxnet/MX26_c890544_baseline/workdir/expect_ok_no_constr/mxnet.ndarray.one_hot.yaml_workdir/timeout_script_record,
mxnet.ndarray.ones_like,timeout,80,/local1/xdanning/docter/expr/mxnet/MX26_c890544_baseline/workdir/expect_ok_no_constr/mxnet.ndarray.ones_like.yaml_workdir/timeout_script_record,
mxnet.ndarray.ones,timeout,5,/local1/xdanning/docter/expr/mxnet/MX26_c890544_baseline/workdir/expect_ok_no_constr/mxnet.ndarray.ones.yaml_workdir/timeout_script_record,
mxnet.ndarray.op.abs,timeout,100,/local1/xdanning/docter/expr/mxnet/MX26_c890544_baseline/workdir/expect_ok_no_constr/mxnet.ndarray.op.abs.yaml_workdir/timeout_script_record,
mxnet.ndarray.gather_nd,Abort,3,/local1/xdanning/docter/expr/mxnet/MX26_c890544_baseline/workdir/expect_ok_no_constr/mxnet.ndarray.gather_nd.yaml_workdir/Abort_script_record,mx24
mxnet.ndarray.op.amp_cast,timeout,72,/local1/xdanning/docter/expr/mxnet/MX26_c890544_baseline/workdir/expect_ok_no_constr/mxnet.ndarray.op.amp_cast.yaml_workdir/timeout_script_record,
mxnet.ndarray.op.arccosh,timeout,88,/local1/xdanning/docter/expr/mxnet/MX26_c890544_baseline/workdir/expect_ok_no_constr/mxnet.ndarray.op.arccosh.yaml_workdir/timeout_script_record,
mxnet.ndarray.op.arccos,timeout,110,/local1/xdanning/docter/expr/mxnet/MX26_c890544_baseline/workdir/expect_ok_no_constr/mxnet.ndarray.op.arccos.yaml_workdir/timeout_script_record,
mxnet.ndarray.op.arcsinh,timeout,85,/local1/xdanning/docter/expr/mxnet/MX26_c890544_baseline/workdir/expect_ok_no_constr/mxnet.ndarray.op.arcsinh.yaml_workdir/timeout_script_record,
mxnet.ndarray.op.arcsin,timeout,98,/local1/xdanning/docter/expr/mxnet/MX26_c890544_baseline/workdir/expect_ok_no_constr/mxnet.ndarray.op.arcsin.yaml_workdir/timeout_script_record,
mxnet.ndarray.op.arctanh,timeout,106,/local1/xdanning/docter/expr/mxnet/MX26_c890544_baseline/workdir/expect_ok_no_constr/mxnet.ndarray.op.arctanh.yaml_workdir/timeout_script_record,
mxnet.ndarray.op.arctan,timeout,89,/local1/xdanning/docter/expr/mxnet/MX26_c890544_baseline/workdir/expect_ok_no_constr/mxnet.ndarray.op.arctan.yaml_workdir/timeout_script_record,
mxnet.ndarray.op.argmax_channel,timeout,45,/local1/xdanning/docter/expr/mxnet/MX26_c890544_baseline/workdir/expect_ok_no_constr/mxnet.ndarray.op.argmax_channel.yaml_workdir/timeout_script_record,
mxnet.ndarray.op.argsort,Abort,13,/local1/xdanning/docter/expr/mxnet/MX26_c890544_baseline/workdir/expect_ok_no_constr/mxnet.ndarray.op.argsort.yaml_workdir/Abort_script_record,
mxnet.ndarray.op.argsort,timeout,21,/local1/xdanning/docter/expr/mxnet/MX26_c890544_baseline/workdir/expect_ok_no_constr/mxnet.ndarray.op.argsort.yaml_workdir/timeout_script_record,
mxnet.ndarray.op.blockgrad,timeout,114,/local1/xdanning/docter/expr/mxnet/MX26_c890544_baseline/workdir/expect_ok_no_constr/mxnet.ndarray.op.blockgrad.yaml_workdir/timeout_script_record,
mxnet.ndarray.op.broadcast_add,timeout,5,/local1/xdanning/docter/expr/mxnet/MX26_c890544_baseline/workdir/expect_ok_no_constr/mxnet.ndarray.op.broadcast_add.yaml_workdir/timeout_script_record,
mxnet.ndarray.op.broadcast_axes,timeout,17,/local1/xdanning/docter/expr/mxnet/MX26_c890544_baseline/workdir/expect_ok_no_constr/mxnet.ndarray.op.broadcast_axes.yaml_workdir/timeout_script_record,
mxnet.ndarray.op.broadcast_axis,timeout,25,/local1/xdanning/docter/expr/mxnet/MX26_c890544_baseline/workdir/expect_ok_no_constr/mxnet.ndarray.op.broadcast_axis.yaml_workdir/timeout_script_record,
mxnet.ndarray.op.broadcast_div,timeout,4,/local1/xdanning/docter/expr/mxnet/MX26_c890544_baseline/workdir/expect_ok_no_constr/mxnet.ndarray.op.broadcast_div.yaml_workdir/timeout_script_record,
mxnet.ndarray.op.broadcast_greater_equal,timeout,3,/local1/xdanning/docter/expr/mxnet/MX26_c890544_baseline/workdir/expect_ok_no_constr/mxnet.ndarray.op.broadcast_greater_equal.yaml_workdir/timeout_script_record,
mxnet.ndarray.op.broadcast_greater,timeout,3,/local1/xdanning/docter/expr/mxnet/MX26_c890544_baseline/workdir/expect_ok_no_constr/mxnet.ndarray.op.broadcast_greater.yaml_workdir/timeout_script_record,
mxnet.ndarray.op.broadcast_hypot,timeout,3,/local1/xdanning/docter/expr/mxnet/MX26_c890544_baseline/workdir/expect_ok_no_constr/mxnet.ndarray.op.broadcast_hypot.yaml_workdir/timeout_script_record,
mxnet.ndarray.op.broadcast_lesser_equal,timeout,5,/local1/xdanning/docter/expr/mxnet/MX26_c890544_baseline/workdir/expect_ok_no_constr/mxnet.ndarray.op.broadcast_lesser_equal.yaml_workdir/timeout_script_record,
mxnet.ndarray.op.broadcast_lesser,timeout,3,/local1/xdanning/docter/expr/mxnet/MX26_c890544_baseline/workdir/expect_ok_no_constr/mxnet.ndarray.op.broadcast_lesser.yaml_workdir/timeout_script_record,
mxnet.ndarray.op.broadcast_logical_and,timeout,1,/local1/xdanning/docter/expr/mxnet/MX26_c890544_baseline/workdir/expect_ok_no_constr/mxnet.ndarray.op.broadcast_logical_and.yaml_workdir/timeout_script_record,
mxnet.ndarray.op.broadcast_logical_or,timeout,1,/local1/xdanning/docter/expr/mxnet/MX26_c890544_baseline/workdir/expect_ok_no_constr/mxnet.ndarray.op.broadcast_logical_or.yaml_workdir/timeout_script_record,
mxnet.ndarray.op.broadcast_logical_xor,timeout,3,/local1/xdanning/docter/expr/mxnet/MX26_c890544_baseline/workdir/expect_ok_no_constr/mxnet.ndarray.op.broadcast_logical_xor.yaml_workdir/timeout_script_record,
mxnet.ndarray.op.broadcast_maximum,timeout,6,/local1/xdanning/docter/expr/mxnet/MX26_c890544_baseline/workdir/expect_ok_no_constr/mxnet.ndarray.op.broadcast_maximum.yaml_workdir/timeout_script_record,
mxnet.ndarray.op.broadcast_minimum,timeout,4,/local1/xdanning/docter/expr/mxnet/MX26_c890544_baseline/workdir/expect_ok_no_constr/mxnet.ndarray.op.broadcast_minimum.yaml_workdir/timeout_script_record,
mxnet.ndarray.op.broadcast_minus,timeout,3,/local1/xdanning/docter/expr/mxnet/MX26_c890544_baseline/workdir/expect_ok_no_constr/mxnet.ndarray.op.broadcast_minus.yaml_workdir/timeout_script_record,
mxnet.ndarray.op.broadcast_mod,timeout,6,/local1/xdanning/docter/expr/mxnet/MX26_c890544_baseline/workdir/expect_ok_no_constr/mxnet.ndarray.op.broadcast_mod.yaml_workdir/timeout_script_record,
mxnet.ndarray.op.broadcast_mul,timeout,4,/local1/xdanning/docter/expr/mxnet/MX26_c890544_baseline/workdir/expect_ok_no_constr/mxnet.ndarray.op.broadcast_mul.yaml_workdir/timeout_script_record,
mxnet.ndarray.op.broadcast_not_equal,timeout,1,/local1/xdanning/docter/expr/mxnet/MX26_c890544_baseline/workdir/expect_ok_no_constr/mxnet.ndarray.op.broadcast_not_equal.yaml_workdir/timeout_script_record,
mxnet.ndarray.op.broadcast_plus,timeout,1,/local1/xdanning/docter/expr/mxnet/MX26_c890544_baseline/workdir/expect_ok_no_constr/mxnet.ndarray.op.broadcast_plus.yaml_workdir/timeout_script_record,
mxnet.ndarray.op.broadcast_power,timeout,2,/local1/xdanning/docter/expr/mxnet/MX26_c890544_baseline/workdir/expect_ok_no_constr/mxnet.ndarray.op.broadcast_power.yaml_workdir/timeout_script_record,
mxnet.ndarray.op.broadcast_sub,timeout,3,/local1/xdanning/docter/expr/mxnet/MX26_c890544_baseline/workdir/expect_ok_no_constr/mxnet.ndarray.op.broadcast_sub.yaml_workdir/timeout_script_record,
mxnet.ndarray.op.cast,timeout,82,/local1/xdanning/docter/expr/mxnet/MX26_c890544_baseline/workdir/expect_ok_no_constr/mxnet.ndarray.op.cast.yaml_workdir/timeout_script_record,
mxnet.ndarray.op.cbrt,timeout,103,/local1/xdanning/docter/expr/mxnet/MX26_c890544_baseline/workdir/expect_ok_no_constr/mxnet.ndarray.op.cbrt.yaml_workdir/timeout_script_record,
mxnet.ndarray.op.ceil,timeout,96,/local1/xdanning/docter/expr/mxnet/MX26_c890544_baseline/workdir/expect_ok_no_constr/mxnet.ndarray.op.ceil.yaml_workdir/timeout_script_record,
mxnet.ndarray.op.clip,timeout,2,/local1/xdanning/docter/expr/mxnet/MX26_c890544_baseline/workdir/expect_ok_no_constr/mxnet.ndarray.op.clip.yaml_workdir/timeout_script_record,
mxnet.ndarray.op.cosh,timeout,91,/local1/xdanning/docter/expr/mxnet/MX26_c890544_baseline/workdir/expect_ok_no_constr/mxnet.ndarray.op.cosh.yaml_workdir/timeout_script_record,
mxnet.ndarray.op.cos,timeout,112,/local1/xdanning/docter/expr/mxnet/MX26_c890544_baseline/workdir/expect_ok_no_constr/mxnet.ndarray.op.cos.yaml_workdir/timeout_script_record,
mxnet.ndarray.op.cumsum,Abort,33,/local1/xdanning/docter/expr/mxnet/MX26_c890544_baseline/workdir/expect_ok_no_constr/mxnet.ndarray.op.cumsum.yaml_workdir/Abort_script_record,
mxnet.ndarray.op.cumsum,timeout,37,/local1/xdanning/docter/expr/mxnet/MX26_c890544_baseline/workdir/expect_ok_no_constr/mxnet.ndarray.op.cumsum.yaml_workdir/timeout_script_record,
mxnet.ndarray.op.degrees,timeout,81,/local1/xdanning/docter/expr/mxnet/MX26_c890544_baseline/workdir/expect_ok_no_constr/mxnet.ndarray.op.degrees.yaml_workdir/timeout_script_record,
mxnet.ndarray.op.diag,timeout,1,/local1/xdanning/docter/expr/mxnet/MX26_c890544_baseline/workdir/expect_ok_no_constr/mxnet.ndarray.op.diag.yaml_workdir/timeout_script_record,
mxnet.ndarray.op.dot,Abort,4,/local1/xdanning/docter/expr/mxnet/MX26_c890544_baseline/workdir/expect_ok_no_constr/mxnet.ndarray.op.dot.yaml_workdir/Abort_script_record,
mxnet.ndarray.op.dropout,Abort,3,/local1/xdanning/docter/expr/mxnet/MX26_c890544_baseline/workdir/expect_ok_no_constr/mxnet.ndarray.op.dropout.yaml_workdir/Abort_script_record,
mxnet.ndarray.op.dropout,timeout,4,/local1/xdanning/docter/expr/mxnet/MX26_c890544_baseline/workdir/expect_ok_no_constr/mxnet.ndarray.op.dropout.yaml_workdir/timeout_script_record,
mxnet.ndarray.op.erfinv,timeout,96,/local1/xdanning/docter/expr/mxnet/MX26_c890544_baseline/workdir/expect_ok_no_constr/mxnet.ndarray.op.erfinv.yaml_workdir/timeout_script_record,
mxnet.ndarray.op.erf,timeout,102,/local1/xdanning/docter/expr/mxnet/MX26_c890544_baseline/workdir/expect_ok_no_constr/mxnet.ndarray.op.erf.yaml_workdir/timeout_script_record,
mxnet.ndarray.op.expm1,timeout,109,/local1/xdanning/docter/expr/mxnet/MX26_c890544_baseline/workdir/expect_ok_no_constr/mxnet.ndarray.op.expm1.yaml_workdir/timeout_script_record,
mxnet.ndarray.op.exp,timeout,82,/local1/xdanning/docter/expr/mxnet/MX26_c890544_baseline/workdir/expect_ok_no_constr/mxnet.ndarray.op.exp.yaml_workdir/timeout_script_record,
mxnet.ndarray.op.fix,timeout,99,/local1/xdanning/docter/expr/mxnet/MX26_c890544_baseline/workdir/expect_ok_no_constr/mxnet.ndarray.op.fix.yaml_workdir/timeout_script_record,
mxnet.ndarray.op.flatten,timeout,100,/local1/xdanning/docter/expr/mxnet/MX26_c890544_baseline/workdir/expect_ok_no_constr/mxnet.ndarray.op.flatten.yaml_workdir/timeout_script_record,
mxnet.ndarray.op.flip,timeout,9,/local1/xdanning/docter/expr/mxnet/MX26_c890544_baseline/workdir/expect_ok_no_constr/mxnet.ndarray.op.flip.yaml_workdir/timeout_script_record,
mxnet.ndarray.op.floor,timeout,110,/local1/xdanning/docter/expr/mxnet/MX26_c890544_baseline/workdir/expect_ok_no_constr/mxnet.ndarray.op.floor.yaml_workdir/timeout_script_record,
mxnet.ndarray.op.gammaln,timeout,94,/local1/xdanning/docter/expr/mxnet/MX26_c890544_baseline/workdir/expect_ok_no_constr/mxnet.ndarray.op.gammaln.yaml_workdir/timeout_script_record,
mxnet.ndarray.op.gamma,timeout,94,/local1/xdanning/docter/expr/mxnet/MX26_c890544_baseline/workdir/expect_ok_no_constr/mxnet.ndarray.op.gamma.yaml_workdir/timeout_script_record,
mxnet.ndarray.op.gather_nd,Abort,2,/local1/xdanning/docter/expr/mxnet/MX26_c890544_baseline/workdir/expect_ok_no_constr/mxnet.ndarray.op.gather_nd.yaml_workdir/Abort_script_record,mx24
mxnet.ndarray.op.gather_nd,timeout,4,/local1/xdanning/docter/expr/mxnet/MX26_c890544_baseline/workdir/expect_ok_no_constr/mxnet.ndarray.op.gather_nd.yaml_workdir/timeout_script_record,
mxnet.ndarray.op.groupnorm,timeout,1,/local1/xdanning/docter/expr/mxnet/MX26_c890544_baseline/workdir/expect_ok_no_constr/mxnet.ndarray.op.groupnorm.yaml_workdir/timeout_script_record,
mxnet.ndarray.choose_element_0index,Abort,1,/local1/xdanning/docter/expr/mxnet/MX26_c890544_baseline/workdir/expect_ok_no_constr/mxnet.ndarray.choose_element_0index.yaml_workdir/Abort_script_record,mx25
mxnet.ndarray.op.hard_sigmoid,timeout,19,/local1/xdanning/docter/expr/mxnet/MX26_c890544_baseline/workdir/expect_ok_no_constr/mxnet.ndarray.op.hard_sigmoid.yaml_workdir/timeout_script_record,
mxnet.ndarray.op.identity,timeout,109,/local1/xdanning/docter/expr/mxnet/MX26_c890544_baseline/workdir/expect_ok_no_constr/mxnet.ndarray.op.identity.yaml_workdir/timeout_script_record,
mxnet.ndarray.amp_cast,Abort,2,/local1/xdanning/docter/expr/mxnet/MX26_c890544_baseline/workdir/expect_ok_no_constr/mxnet.ndarray.amp_cast.yaml_workdir/Abort_script_record,mx27
mxnet.ndarray.op.instancenorm,timeout,10,/local1/xdanning/docter/expr/mxnet/MX26_c890544_baseline/workdir/expect_ok_no_constr/mxnet.ndarray.op.instancenorm.yaml_workdir/timeout_script_record,
mxnet.ndarray.op.l2normalization,Abort,6,/local1/xdanning/docter/expr/mxnet/MX26_c890544_baseline/workdir/expect_ok_no_constr/mxnet.ndarray.op.l2normalization.yaml_workdir/Abort_script_record,
mxnet.ndarray.op.l2normalization,timeout,15,/local1/xdanning/docter/expr/mxnet/MX26_c890544_baseline/workdir/expect_ok_no_constr/mxnet.ndarray.op.l2normalization.yaml_workdir/timeout_script_record,
mxnet.ndarray.op.layernorm,timeout,2,/local1/xdanning/docter/expr/mxnet/MX26_c890544_baseline/workdir/expect_ok_no_constr/mxnet.ndarray.op.layernorm.yaml_workdir/timeout_script_record,
mxnet.ndarray.op.leakyrelu,timeout,2,/local1/xdanning/docter/expr/mxnet/MX26_c890544_baseline/workdir/expect_ok_no_constr/mxnet.ndarray.op.leakyrelu.yaml_workdir/timeout_script_record,
mxnet.ndarray.op.linalg_det,timeout,1,/local1/xdanning/docter/expr/mxnet/MX26_c890544_baseline/workdir/expect_ok_no_constr/mxnet.ndarray.op.linalg_det.yaml_workdir/timeout_script_record,
mxnet.ndarray.op.linalg_extractdiag,Abort,1,/local1/xdanning/docter/expr/mxnet/MX26_c890544_baseline/workdir/expect_ok_no_constr/mxnet.ndarray.op.linalg_extractdiag.yaml_workdir/Abort_script_record,
mxnet.ndarray.op.linalg_extractdiag,timeout,1,/local1/xdanning/docter/expr/mxnet/MX26_c890544_baseline/workdir/expect_ok_no_constr/mxnet.ndarray.op.linalg_extractdiag.yaml_workdir/timeout_script_record,
mxnet.ndarray.op.linalg_gelqf,Abort,24,/local1/xdanning/docter/expr/mxnet/MX26_c890544_baseline/workdir/expect_ok_no_constr/mxnet.ndarray.op.linalg_gelqf.yaml_workdir/Abort_script_record,
mxnet.ndarray.op.linalg_gelqf,timeout,54,/local1/xdanning/docter/expr/mxnet/MX26_c890544_baseline/workdir/expect_ok_no_constr/mxnet.ndarray.op.linalg_gelqf.yaml_workdir/timeout_script_record,
mxnet.ndarray.op.linalg_inverse,timeout,4,/local1/xdanning/docter/expr/mxnet/MX26_c890544_baseline/workdir/expect_ok_no_constr/mxnet.ndarray.op.linalg_inverse.yaml_workdir/timeout_script_record,
mxnet.ndarray.op.linalg_makediag,Abort,19,/local1/xdanning/docter/expr/mxnet/MX26_c890544_baseline/workdir/expect_ok_no_constr/mxnet.ndarray.op.linalg_makediag.yaml_workdir/Abort_script_record,
mxnet.ndarray.op.linalg_makediag,timeout,77,/local1/xdanning/docter/expr/mxnet/MX26_c890544_baseline/workdir/expect_ok_no_constr/mxnet.ndarray.op.linalg_makediag.yaml_workdir/timeout_script_record,
mxnet.ndarray.op.linalg_maketrian,timeout,6,/local1/xdanning/docter/expr/mxnet/MX26_c890544_baseline/workdir/expect_ok_no_constr/mxnet.ndarray.op.linalg_maketrian.yaml_workdir/timeout_script_record,
mxnet.ndarray.op.linalg_potrf,timeout,116,/local1/xdanning/docter/expr/mxnet/MX26_c890544_baseline/workdir/expect_ok_no_constr/mxnet.ndarray.op.linalg_potrf.yaml_workdir/timeout_script_record,
mxnet.ndarray.op.linalg_potri,timeout,97,/local1/xdanning/docter/expr/mxnet/MX26_c890544_baseline/workdir/expect_ok_no_constr/mxnet.ndarray.op.linalg_potri.yaml_workdir/timeout_script_record,
mxnet.ndarray.op.linalg_slogdet,timeout,1,/local1/xdanning/docter/expr/mxnet/MX26_c890544_baseline/workdir/expect_ok_no_constr/mxnet.ndarray.op.linalg_slogdet.yaml_workdir/timeout_script_record,
mxnet.ndarray.op.linalg_sumlogdiag,Abort,17,/local1/xdanning/docter/expr/mxnet/MX26_c890544_baseline/workdir/expect_ok_no_constr/mxnet.ndarray.op.linalg_sumlogdiag.yaml_workdir/Abort_script_record,
mxnet.ndarray.op.linalg_sumlogdiag,timeout,7,/local1/xdanning/docter/expr/mxnet/MX26_c890544_baseline/workdir/expect_ok_no_constr/mxnet.ndarray.op.linalg_sumlogdiag.yaml_workdir/timeout_script_record,
mxnet.ndarray.op.linalg_syrk,Abort,6,/local1/xdanning/docter/expr/mxnet/MX26_c890544_baseline/workdir/expect_ok_no_constr/mxnet.ndarray.op.linalg_syrk.yaml_workdir/Abort_script_record,
mxnet.ndarray.op.linalg_syrk,timeout,23,/local1/xdanning/docter/expr/mxnet/MX26_c890544_baseline/workdir/expect_ok_no_constr/mxnet.ndarray.op.linalg_syrk.yaml_workdir/timeout_script_record,
mxnet.ndarray.op.log10,timeout,115,/local1/xdanning/docter/expr/mxnet/MX26_c890544_baseline/workdir/expect_ok_no_constr/mxnet.ndarray.op.log10.yaml_workdir/timeout_script_record,
mxnet.ndarray.op.log1p,timeout,94,/local1/xdanning/docter/expr/mxnet/MX26_c890544_baseline/workdir/expect_ok_no_constr/mxnet.ndarray.op.log1p.yaml_workdir/timeout_script_record,
mxnet.ndarray.op.log2,timeout,83,/local1/xdanning/docter/expr/mxnet/MX26_c890544_baseline/workdir/expect_ok_no_constr/mxnet.ndarray.op.log2.yaml_workdir/timeout_script_record,
mxnet.ndarray.op.logical_not,timeout,95,/local1/xdanning/docter/expr/mxnet/MX26_c890544_baseline/workdir/expect_ok_no_constr/mxnet.ndarray.op.logical_not.yaml_workdir/timeout_script_record,
mxnet.ndarray.op.logisticregressionoutput,Abort,3,/local1/xdanning/docter/expr/mxnet/MX26_c890544_baseline/workdir/expect_ok_no_constr/mxnet.ndarray.op.logisticregressionoutput.yaml_workdir/Abort_script_record,
mxnet.ndarray.op.log_softmax,timeout,5,/local1/xdanning/docter/expr/mxnet/MX26_c890544_baseline/workdir/expect_ok_no_constr/mxnet.ndarray.op.log_softmax.yaml_workdir/timeout_script_record,
mxnet.ndarray.op.log,timeout,77,/local1/xdanning/docter/expr/mxnet/MX26_c890544_baseline/workdir/expect_ok_no_constr/mxnet.ndarray.op.log.yaml_workdir/timeout_script_record,
mxnet.ndarray.op.makeloss,Abort,4,/local1/xdanning/docter/expr/mxnet/MX26_c890544_baseline/workdir/expect_ok_no_constr/mxnet.ndarray.op.makeloss.yaml_workdir/Abort_script_record,
mxnet.ndarray.op.make_loss,timeout,99,/local1/xdanning/docter/expr/mxnet/MX26_c890544_baseline/workdir/expect_ok_no_constr/mxnet.ndarray.op.make_loss.yaml_workdir/timeout_script_record,
mxnet.ndarray.op.makeloss,timeout,8,/local1/xdanning/docter/expr/mxnet/MX26_c890544_baseline/workdir/expect_ok_no_constr/mxnet.ndarray.op.makeloss.yaml_workdir/timeout_script_record,
mxnet.ndarray.op.negative,timeout,118,/local1/xdanning/docter/expr/mxnet/MX26_c890544_baseline/workdir/expect_ok_no_constr/mxnet.ndarray.op.negative.yaml_workdir/timeout_script_record,
mxnet.ndarray.op.ones_like,timeout,110,/local1/xdanning/docter/expr/mxnet/MX26_c890544_baseline/workdir/expect_ok_no_constr/mxnet.ndarray.op.ones_like.yaml_workdir/timeout_script_record,
mxnet.ndarray.op.radians,timeout,117,/local1/xdanning/docter/expr/mxnet/MX26_c890544_baseline/workdir/expect_ok_no_constr/mxnet.ndarray.op.radians.yaml_workdir/timeout_script_record,
mxnet.ndarray.op.random_exponential,timeout,54,/local1/xdanning/docter/expr/mxnet/MX26_c890544_baseline/workdir/expect_ok_no_constr/mxnet.ndarray.op.random_exponential.yaml_workdir/timeout_script_record,
mxnet.ndarray.op.random_gamma,timeout,19,/local1/xdanning/docter/expr/mxnet/MX26_c890544_baseline/workdir/expect_ok_no_constr/mxnet.ndarray.op.random_gamma.yaml_workdir/timeout_script_record,
mxnet.ndarray.op.random_generalized_negative_binomial,timeout,18,/local1/xdanning/docter/expr/mxnet/MX26_c890544_baseline/workdir/expect_ok_no_constr/mxnet.ndarray.op.random_generalized_negative_binomial.yaml_workdir/timeout_script_record,
mxnet.ndarray.op.random_negative_binomial,timeout,17,/local1/xdanning/docter/expr/mxnet/MX26_c890544_baseline/workdir/expect_ok_no_constr/mxnet.ndarray.op.random_negative_binomial.yaml_workdir/timeout_script_record,
mxnet.ndarray.op.random_normal,timeout,15,/local1/xdanning/docter/expr/mxnet/MX26_c890544_baseline/workdir/expect_ok_no_constr/mxnet.ndarray.op.random_normal.yaml_workdir/timeout_script_record,
mxnet.ndarray.op.amp_cast,Abort,1,/local1/xdanning/docter/expr/mxnet/MX26_c890544_baseline/workdir/expect_ok_no_constr/mxnet.ndarray.op.amp_cast.yaml_workdir/Abort_script_record,mx27
mxnet.ndarray.op.random_pdf_dirichlet,timeout,1,/local1/xdanning/docter/expr/mxnet/MX26_c890544_baseline/workdir/expect_ok_no_constr/mxnet.ndarray.op.random_pdf_dirichlet.yaml_workdir/timeout_script_record,
mxnet.ndarray.cast,Abort,1,/local1/xdanning/docter/expr/mxnet/MX26_c890544_baseline/workdir/expect_ok_no_constr/mxnet.ndarray.cast.yaml_workdir/Abort_script_record,mx29
mxnet.ndarray.op.random_pdf_poisson,timeout,1,/local1/xdanning/docter/expr/mxnet/MX26_c890544_baseline/workdir/expect_ok_no_constr/mxnet.ndarray.op.random_pdf_poisson.yaml_workdir/timeout_script_record,
mxnet.ndarray.op.random_poisson,timeout,35,/local1/xdanning/docter/expr/mxnet/MX26_c890544_baseline/workdir/expect_ok_no_constr/mxnet.ndarray.op.random_poisson.yaml_workdir/timeout_script_record,
mxnet.ndarray.op.random_uniform,timeout,19,/local1/xdanning/docter/expr/mxnet/MX26_c890544_baseline/workdir/expect_ok_no_constr/mxnet.ndarray.op.random_uniform.yaml_workdir/timeout_script_record,
mxnet.ndarray.op.rcbrt,timeout,104,/local1/xdanning/docter/expr/mxnet/MX26_c890544_baseline/workdir/expect_ok_no_constr/mxnet.ndarray.op.rcbrt.yaml_workdir/timeout_script_record,
mxnet.ndarray.op.reciprocal,timeout,111,/local1/xdanning/docter/expr/mxnet/MX26_c890544_baseline/workdir/expect_ok_no_constr/mxnet.ndarray.op.reciprocal.yaml_workdir/timeout_script_record,
mxnet.ndarray.op.relu,timeout,116,/local1/xdanning/docter/expr/mxnet/MX26_c890544_baseline/workdir/expect_ok_no_constr/mxnet.ndarray.op.relu.yaml_workdir/timeout_script_record,
mxnet.ndarray.op.repeat,Abort,1,/local1/xdanning/docter/expr/mxnet/MX26_c890544_baseline/workdir/expect_ok_no_constr/mxnet.ndarray.op.repeat.yaml_workdir/Abort_script_record,
mxnet.ndarray.op.repeat,timeout,1,/local1/xdanning/docter/expr/mxnet/MX26_c890544_baseline/workdir/expect_ok_no_constr/mxnet.ndarray.op.repeat.yaml_workdir/timeout_script_record,
mxnet.ndarray.op.reshape_like,Abort,1,/local1/xdanning/docter/expr/mxnet/MX26_c890544_baseline/workdir/expect_ok_no_constr/mxnet.ndarray.op.reshape_like.yaml_workdir/Abort_script_record,
mxnet.ndarray.op.reshape,timeout,1,/local1/xdanning/docter/expr/mxnet/MX26_c890544_baseline/workdir/expect_ok_no_constr/mxnet.ndarray.op.reshape.yaml_workdir/timeout_script_record,
mxnet.ndarray.op.reverse,timeout,3,/local1/xdanning/docter/expr/mxnet/MX26_c890544_baseline/workdir/expect_ok_no_constr/mxnet.ndarray.op.reverse.yaml_workdir/timeout_script_record,
mxnet.ndarray.op.rint,timeout,112,/local1/xdanning/docter/expr/mxnet/MX26_c890544_baseline/workdir/expect_ok_no_constr/mxnet.ndarray.op.rint.yaml_workdir/timeout_script_record,
mxnet.ndarray.op.round,timeout,117,/local1/xdanning/docter/expr/mxnet/MX26_c890544_baseline/workdir/expect_ok_no_constr/mxnet.ndarray.op.round.yaml_workdir/timeout_script_record,
mxnet.ndarray.op.rsqrt,timeout,103,/local1/xdanning/docter/expr/mxnet/MX26_c890544_baseline/workdir/expect_ok_no_constr/mxnet.ndarray.op.rsqrt.yaml_workdir/timeout_script_record,
mxnet.ndarray.op.sample_exponential,timeout,36,/local1/xdanning/docter/expr/mxnet/MX26_c890544_baseline/workdir/expect_ok_no_constr/mxnet.ndarray.op.sample_exponential.yaml_workdir/timeout_script_record,
mxnet.ndarray.op.sequencemask,Floating_Point_Exception,2,/local1/xdanning/docter/expr/mxnet/MX26_c890544_baseline/workdir/expect_ok_no_constr/mxnet.ndarray.op.sequencemask.yaml_workdir/Floating_Point_Exception_script_record,mx7
mxnet.contrib.ndarray.boolean_mask,Abort,1,/local1/xdanning/docter/expr/mxnet/MX26_c890544_baseline/workdir/expect_ok_no_constr/mxnet.contrib.ndarray.boolean_mask.yaml_workdir/Abort_script_record,mx30
mxnet.ndarray.op.sample_multinomial,timeout,10,/local1/xdanning/docter/expr/mxnet/MX26_c890544_baseline/workdir/expect_ok_no_constr/mxnet.ndarray.op.sample_multinomial.yaml_workdir/timeout_script_record,
mxnet.ndarray.op.sample_poisson,timeout,29,/local1/xdanning/docter/expr/mxnet/MX26_c890544_baseline/workdir/expect_ok_no_constr/mxnet.ndarray.op.sample_poisson.yaml_workdir/timeout_script_record,
mxnet.ndarray.op.sequencelast,Abort,4,/local1/xdanning/docter/expr/mxnet/MX26_c890544_baseline/workdir/expect_ok_no_constr/mxnet.ndarray.op.sequencelast.yaml_workdir/Abort_script_record,
mxnet.ndarray.op.hard_sigmoid,Abort,2,/local1/xdanning/docter/expr/mxnet/MX26_c890544_baseline/workdir/expect_ok_no_constr/mxnet.ndarray.op.hard_sigmoid.yaml_workdir/Abort_script_record,mx31
mxnet.ndarray.op.sequencelast,timeout,10,/local1/xdanning/docter/expr/mxnet/MX26_c890544_baseline/workdir/expect_ok_no_constr/mxnet.ndarray.op.sequencelast.yaml_workdir/timeout_script_record,
mxnet.ndarray.op.sample_generalized_negative_binomial,Abort,1,/local1/xdanning/docter/expr/mxnet/MX26_c890544_baseline/workdir/expect_ok_no_constr/mxnet.ndarray.op.sample_generalized_negative_binomial.yaml_workdir/Abort_script_record,mx36
mxnet.ndarray.op.sequencemask,timeout,5,/local1/xdanning/docter/expr/mxnet/MX26_c890544_baseline/workdir/expect_ok_no_constr/mxnet.ndarray.op.sequencemask.yaml_workdir/timeout_script_record,
mxnet.ndarray.op.sequencereverse,Abort,3,/local1/xdanning/docter/expr/mxnet/MX26_c890544_baseline/workdir/expect_ok_no_constr/mxnet.ndarray.op.sequencereverse.yaml_workdir/Abort_script_record,
mxnet.ndarray.makeloss,Abort,4,/local1/xdanning/docter/expr/mxnet/MX26_c890544_baseline/workdir/expect_ok_no_constr/mxnet.ndarray.makeloss.yaml_workdir/Abort_script_record,mx37
mxnet.ndarray.op.sequencereverse,timeout,14,/local1/xdanning/docter/expr/mxnet/MX26_c890544_baseline/workdir/expect_ok_no_constr/mxnet.ndarray.op.sequencereverse.yaml_workdir/timeout_script_record,
mxnet.ndarray.op.shuffle,timeout,120,/local1/xdanning/docter/expr/mxnet/MX26_c890544_baseline/workdir/expect_ok_no_constr/mxnet.ndarray.op.shuffle.yaml_workdir/timeout_script_record,
mxnet.ndarray.op.sigmoid,timeout,84,/local1/xdanning/docter/expr/mxnet/MX26_c890544_baseline/workdir/expect_ok_no_constr/mxnet.ndarray.op.sigmoid.yaml_workdir/timeout_script_record,
mxnet.ndarray.op.sign,timeout,111,/local1/xdanning/docter/expr/mxnet/MX26_c890544_baseline/workdir/expect_ok_no_constr/mxnet.ndarray.op.sign.yaml_workdir/timeout_script_record,
mxnet.ndarray.op.sinh,timeout,111,/local1/xdanning/docter/expr/mxnet/MX26_c890544_baseline/workdir/expect_ok_no_constr/mxnet.ndarray.op.sinh.yaml_workdir/timeout_script_record,
mxnet.ndarray.op.sin,timeout,107,/local1/xdanning/docter/expr/mxnet/MX26_c890544_baseline/workdir/expect_ok_no_constr/mxnet.ndarray.op.sin.yaml_workdir/timeout_script_record,
mxnet.ndarray.op.smooth_l1,timeout,55,/local1/xdanning/docter/expr/mxnet/MX26_c890544_baseline/workdir/expect_ok_no_constr/mxnet.ndarray.op.smooth_l1.yaml_workdir/timeout_script_record,
mxnet.ndarray.op.softmax2,timeout,4,/local1/xdanning/docter/expr/mxnet/MX26_c890544_baseline/workdir/expect_ok_no_constr/mxnet.ndarray.op.softmax2.yaml_workdir/timeout_script_record,
mxnet.ndarray.op.softmaxactivation,timeout,35,/local1/xdanning/docter/expr/mxnet/MX26_c890544_baseline/workdir/expect_ok_no_constr/mxnet.ndarray.op.softmaxactivation.yaml_workdir/timeout_script_record,
mxnet.ndarray.op.softmin,timeout,8,/local1/xdanning/docter/expr/mxnet/MX26_c890544_baseline/workdir/expect_ok_no_constr/mxnet.ndarray.op.softmin.yaml_workdir/timeout_script_record,
mxnet.ndarray.op.softsign,timeout,106,/local1/xdanning/docter/expr/mxnet/MX26_c890544_baseline/workdir/expect_ok_no_constr/mxnet.ndarray.op.softsign.yaml_workdir/timeout_script_record,
mxnet.ndarray.op.sort,Abort,20,/local1/xdanning/docter/expr/mxnet/MX26_c890544_baseline/workdir/expect_ok_no_constr/mxnet.ndarray.op.sort.yaml_workdir/Abort_script_record,
mxnet.ndarray.op.sort,timeout,16,/local1/xdanning/docter/expr/mxnet/MX26_c890544_baseline/workdir/expect_ok_no_constr/mxnet.ndarray.op.sort.yaml_workdir/timeout_script_record,
mxnet.ndarray.op.split,timeout,2,/local1/xdanning/docter/expr/mxnet/MX26_c890544_baseline/workdir/expect_ok_no_constr/mxnet.ndarray.op.split.yaml_workdir/timeout_script_record,
mxnet.ndarray.op.sqrt,timeout,94,/local1/xdanning/docter/expr/mxnet/MX26_c890544_baseline/workdir/expect_ok_no_constr/mxnet.ndarray.op.sqrt.yaml_workdir/timeout_script_record,
mxnet.ndarray.op.square,timeout,90,/local1/xdanning/docter/expr/mxnet/MX26_c890544_baseline/workdir/expect_ok_no_constr/mxnet.ndarray.op.square.yaml_workdir/timeout_script_record,
mxnet.ndarray.op.squeeze,timeout,37,/local1/xdanning/docter/expr/mxnet/MX26_c890544_baseline/workdir/expect_ok_no_constr/mxnet.ndarray.op.squeeze.yaml_workdir/timeout_script_record,
mxnet.ndarray.op.stop_gradient,timeout,97,/local1/xdanning/docter/expr/mxnet/MX26_c890544_baseline/workdir/expect_ok_no_constr/mxnet.ndarray.op.stop_gradient.yaml_workdir/timeout_script_record,
mxnet.ndarray.op.swapaxes,timeout,9,/local1/xdanning/docter/expr/mxnet/MX26_c890544_baseline/workdir/expect_ok_no_constr/mxnet.ndarray.op.swapaxes.yaml_workdir/timeout_script_record,
mxnet.ndarray.op.swapaxis,timeout,19,/local1/xdanning/docter/expr/mxnet/MX26_c890544_baseline/workdir/expect_ok_no_constr/mxnet.ndarray.op.swapaxis.yaml_workdir/timeout_script_record,
mxnet.ndarray.op.take,timeout,10,/local1/xdanning/docter/expr/mxnet/MX26_c890544_baseline/workdir/expect_ok_no_constr/mxnet.ndarray.op.take.yaml_workdir/timeout_script_record,
mxnet.ndarray.op.tanh,timeout,97,/local1/xdanning/docter/expr/mxnet/MX26_c890544_baseline/workdir/expect_ok_no_constr/mxnet.ndarray.op.tanh.yaml_workdir/timeout_script_record,
mxnet.ndarray.op.tan,timeout,91,/local1/xdanning/docter/expr/mxnet/MX26_c890544_baseline/workdir/expect_ok_no_constr/mxnet.ndarray.op.tan.yaml_workdir/timeout_script_record,
mxnet.ndarray.op.tile,timeout,7,/local1/xdanning/docter/expr/mxnet/MX26_c890544_baseline/workdir/expect_ok_no_constr/mxnet.ndarray.op.tile.yaml_workdir/timeout_script_record,
mxnet.ndarray.op.topk,Abort,3,/local1/xdanning/docter/expr/mxnet/MX26_c890544_baseline/workdir/expect_ok_no_constr/mxnet.ndarray.op.topk.yaml_workdir/Abort_script_record,
mxnet.ndarray.op.topk,timeout,1,/local1/xdanning/docter/expr/mxnet/MX26_c890544_baseline/workdir/expect_ok_no_constr/mxnet.ndarray.op.topk.yaml_workdir/timeout_script_record,
mxnet.ndarray.op.transpose,timeout,42,/local1/xdanning/docter/expr/mxnet/MX26_c890544_baseline/workdir/expect_ok_no_constr/mxnet.ndarray.op.transpose.yaml_workdir/timeout_script_record,
mxnet.ndarray.op.trunc,timeout,87,/local1/xdanning/docter/expr/mxnet/MX26_c890544_baseline/workdir/expect_ok_no_constr/mxnet.ndarray.op.trunc.yaml_workdir/timeout_script_record,
mxnet.ndarray.op.sequencereverse,Floating_Point_Exception,2,/local1/xdanning/docter/expr/mxnet/MX26_c890544_baseline/workdir/expect_ok_no_constr/mxnet.ndarray.op.sequencereverse.yaml_workdir/Floating_Point_Exception_script_record,mx8
mxnet.ndarray.op.unravel_index,Floating_Point_Exception,1,/local1/xdanning/docter/expr/mxnet/MX26_c890544_baseline/workdir/expect_ok_no_constr/mxnet.ndarray.op.unravel_index.yaml_workdir/Floating_Point_Exception_script_record,mx10
mxnet.ndarray.op.zeros_like,timeout,82,/local1/xdanning/docter/expr/mxnet/MX26_c890544_baseline/workdir/expect_ok_no_constr/mxnet.ndarray.op.zeros_like.yaml_workdir/timeout_script_record,
mxnet.ndarray.power,timeout,146,/local1/xdanning/docter/expr/mxnet/MX26_c890544_baseline/workdir/expect_ok_no_constr/mxnet.ndarray.power.yaml_workdir/timeout_script_record,
mxnet.ndarray.radians,timeout,119,/local1/xdanning/docter/expr/mxnet/MX26_c890544_baseline/workdir/expect_ok_no_constr/mxnet.ndarray.radians.yaml_workdir/timeout_script_record,
mxnet.ndarray.random_exponential,timeout,36,/local1/xdanning/docter/expr/mxnet/MX26_c890544_baseline/workdir/expect_ok_no_constr/mxnet.ndarray.random_exponential.yaml_workdir/timeout_script_record,
mxnet.ndarray.random_gamma,timeout,14,/local1/xdanning/docter/expr/mxnet/MX26_c890544_baseline/workdir/expect_ok_no_constr/mxnet.ndarray.random_gamma.yaml_workdir/timeout_script_record,
mxnet.ndarray.random_generalized_negative_binomial,timeout,19,/local1/xdanning/docter/expr/mxnet/MX26_c890544_baseline/workdir/expect_ok_no_constr/mxnet.ndarray.random_generalized_negative_binomial.yaml_workdir/timeout_script_record,
mxnet.ndarray.random_negative_binomial,timeout,20,/local1/xdanning/docter/expr/mxnet/MX26_c890544_baseline/workdir/expect_ok_no_constr/mxnet.ndarray.random_negative_binomial.yaml_workdir/timeout_script_record,
mxnet.ndarray.random_normal,timeout,12,/local1/xdanning/docter/expr/mxnet/MX26_c890544_baseline/workdir/expect_ok_no_constr/mxnet.ndarray.random_normal.yaml_workdir/timeout_script_record,
mxnet.ndarray.random_pdf_exponential,Abort,1,/local1/xdanning/docter/expr/mxnet/MX26_c890544_baseline/workdir/expect_ok_no_constr/mxnet.ndarray.random_pdf_exponential.yaml_workdir/Abort_script_record,
mxnet.ndarray.op.unravel_index,Segmentation_Fault,6,/local1/xdanning/docter/expr/mxnet/MX26_c890544_baseline/workdir/expect_ok_no_constr/mxnet.ndarray.op.unravel_index.yaml_workdir/Segmentation_Fault_script_record,mx11
mxnet.ndarray.random_poisson,timeout,51,/local1/xdanning/docter/expr/mxnet/MX26_c890544_baseline/workdir/expect_ok_no_constr/mxnet.ndarray.random_poisson.yaml_workdir/timeout_script_record,
mxnet.ndarray.random_uniform,timeout,15,/local1/xdanning/docter/expr/mxnet/MX26_c890544_baseline/workdir/expect_ok_no_constr/mxnet.ndarray.random_uniform.yaml_workdir/timeout_script_record,
mxnet.ndarray.rcbrt,timeout,90,/local1/xdanning/docter/expr/mxnet/MX26_c890544_baseline/workdir/expect_ok_no_constr/mxnet.ndarray.rcbrt.yaml_workdir/timeout_script_record,
mxnet.ndarray.reciprocal,timeout,97,/local1/xdanning/docter/expr/mxnet/MX26_c890544_baseline/workdir/expect_ok_no_constr/mxnet.ndarray.reciprocal.yaml_workdir/timeout_script_record,
mxnet.ndarray.relu,timeout,111,/local1/xdanning/docter/expr/mxnet/MX26_c890544_baseline/workdir/expect_ok_no_constr/mxnet.ndarray.relu.yaml_workdir/timeout_script_record,
mxnet.ndarray.repeat,Abort,1,/local1/xdanning/docter/expr/mxnet/MX26_c890544_baseline/workdir/expect_ok_no_constr/mxnet.ndarray.repeat.yaml_workdir/Abort_script_record,
mxnet.ndarray.repeat,timeout,3,/local1/xdanning/docter/expr/mxnet/MX26_c890544_baseline/workdir/expect_ok_no_constr/mxnet.ndarray.repeat.yaml_workdir/timeout_script_record,
mxnet.ndarray.reshape_like,Abort,3,/local1/xdanning/docter/expr/mxnet/MX26_c890544_baseline/workdir/expect_ok_no_constr/mxnet.ndarray.reshape_like.yaml_workdir/Abort_script_record,
mxnet.ndarray.reverse,timeout,3,/local1/xdanning/docter/expr/mxnet/MX26_c890544_baseline/workdir/expect_ok_no_constr/mxnet.ndarray.reverse.yaml_workdir/timeout_script_record,
mxnet.ndarray.rint,timeout,103,/local1/xdanning/docter/expr/mxnet/MX26_c890544_baseline/workdir/expect_ok_no_constr/mxnet.ndarray.rint.yaml_workdir/timeout_script_record,
mxnet.ndarray.round,timeout,121,/local1/xdanning/docter/expr/mxnet/MX26_c890544_baseline/workdir/expect_ok_no_constr/mxnet.ndarray.round.yaml_workdir/timeout_script_record,
mxnet.ndarray.rsqrt,timeout,108,/local1/xdanning/docter/expr/mxnet/MX26_c890544_baseline/workdir/expect_ok_no_constr/mxnet.ndarray.rsqrt.yaml_workdir/timeout_script_record,
mxnet.ndarray.sample_exponential,timeout,44,/local1/xdanning/docter/expr/mxnet/MX26_c890544_baseline/workdir/expect_ok_no_constr/mxnet.ndarray.sample_exponential.yaml_workdir/timeout_script_record,
mxnet.ndarray.random_pdf_exponential,Floating_Point_Exception,2,/local1/xdanning/docter/expr/mxnet/MX26_c890544_baseline/workdir/expect_ok_no_constr/mxnet.ndarray.random_pdf_exponential.yaml_workdir/Floating_Point_Exception_script_record,mx4
mxnet.ndarray.sample_multinomial,Kill,1,/local1/xdanning/docter/expr/mxnet/MX26_c890544_baseline/workdir/expect_ok_no_constr/mxnet.ndarray.sample_multinomial.yaml_workdir/Kill_script_record,
mxnet.ndarray.sample_multinomial,timeout,16,/local1/xdanning/docter/expr/mxnet/MX26_c890544_baseline/workdir/expect_ok_no_constr/mxnet.ndarray.sample_multinomial.yaml_workdir/timeout_script_record,
mxnet.ndarray.sample_poisson,timeout,36,/local1/xdanning/docter/expr/mxnet/MX26_c890544_baseline/workdir/expect_ok_no_constr/mxnet.ndarray.sample_poisson.yaml_workdir/timeout_script_record,
mxnet.ndarray.sequencelast,Abort,3,/local1/xdanning/docter/expr/mxnet/MX26_c890544_baseline/workdir/expect_ok_no_constr/mxnet.ndarray.sequencelast.yaml_workdir/Abort_script_record,
mxnet.ndarray.sample_multinomial,Floating_Point_Exception,2,/local1/xdanning/docter/expr/mxnet/MX26_c890544_baseline/workdir/expect_ok_no_constr/mxnet.ndarray.sample_multinomial.yaml_workdir/Floating_Point_Exception_script_record,mx19
mxnet.ndarray.sequencelast,timeout,3,/local1/xdanning/docter/expr/mxnet/MX26_c890544_baseline/workdir/expect_ok_no_constr/mxnet.ndarray.sequencelast.yaml_workdir/timeout_script_record,
mxnet.ndarray.sequencelast,Floating_Point_Exception,3,/local1/xdanning/docter/expr/mxnet/MX26_c890544_baseline/workdir/expect_ok_no_constr/mxnet.ndarray.sequencelast.yaml_workdir/Floating_Point_Exception_script_record,mx6
mxnet.ndarray.sequencemask,timeout,6,/local1/xdanning/docter/expr/mxnet/MX26_c890544_baseline/workdir/expect_ok_no_constr/mxnet.ndarray.sequencemask.yaml_workdir/timeout_script_record,
mxnet.ndarray.sequencereverse,Abort,3,/local1/xdanning/docter/expr/mxnet/MX26_c890544_baseline/workdir/expect_ok_no_constr/mxnet.ndarray.sequencereverse.yaml_workdir/Abort_script_record,
mxnet.ndarray.sequencemask,Floating_Point_Exception,2,/local1/xdanning/docter/expr/mxnet/MX26_c890544_baseline/workdir/expect_ok_no_constr/mxnet.ndarray.sequencemask.yaml_workdir/Floating_Point_Exception_script_record,mx7
mxnet.ndarray.sequencereverse,timeout,11,/local1/xdanning/docter/expr/mxnet/MX26_c890544_baseline/workdir/expect_ok_no_constr/mxnet.ndarray.sequencereverse.yaml_workdir/timeout_script_record,
mxnet.ndarray.shuffle,timeout,100,/local1/xdanning/docter/expr/mxnet/MX26_c890544_baseline/workdir/expect_ok_no_constr/mxnet.ndarray.shuffle.yaml_workdir/timeout_script_record,
mxnet.ndarray.sigmoid,timeout,101,/local1/xdanning/docter/expr/mxnet/MX26_c890544_baseline/workdir/expect_ok_no_constr/mxnet.ndarray.sigmoid.yaml_workdir/timeout_script_record,
mxnet.ndarray.sign,timeout,86,/local1/xdanning/docter/expr/mxnet/MX26_c890544_baseline/workdir/expect_ok_no_constr/mxnet.ndarray.sign.yaml_workdir/timeout_script_record,
mxnet.ndarray.sinh,timeout,97,/local1/xdanning/docter/expr/mxnet/MX26_c890544_baseline/workdir/expect_ok_no_constr/mxnet.ndarray.sinh.yaml_workdir/timeout_script_record,
mxnet.ndarray.sin,timeout,106,/local1/xdanning/docter/expr/mxnet/MX26_c890544_baseline/workdir/expect_ok_no_constr/mxnet.ndarray.sin.yaml_workdir/timeout_script_record,
mxnet.ndarray.slice_like,Abort,1,/local1/xdanning/docter/expr/mxnet/MX26_c890544_baseline/workdir/expect_ok_no_constr/mxnet.ndarray.slice_like.yaml_workdir/Abort_script_record,
mxnet.ndarray.smooth_l1,timeout,41,/local1/xdanning/docter/expr/mxnet/MX26_c890544_baseline/workdir/expect_ok_no_constr/mxnet.ndarray.smooth_l1.yaml_workdir/timeout_script_record,
mxnet.ndarray.softmaxactivation,timeout,45,/local1/xdanning/docter/expr/mxnet/MX26_c890544_baseline/workdir/expect_ok_no_constr/mxnet.ndarray.softmaxactivation.yaml_workdir/timeout_script_record,
mxnet.ndarray.softmin,timeout,7,/local1/xdanning/docter/expr/mxnet/MX26_c890544_baseline/workdir/expect_ok_no_constr/mxnet.ndarray.softmin.yaml_workdir/timeout_script_record,
mxnet.ndarray.softsign,timeout,126,/local1/xdanning/docter/expr/mxnet/MX26_c890544_baseline/workdir/expect_ok_no_constr/mxnet.ndarray.softsign.yaml_workdir/timeout_script_record,
mxnet.ndarray.sort,Abort,20,/local1/xdanning/docter/expr/mxnet/MX26_c890544_baseline/workdir/expect_ok_no_constr/mxnet.ndarray.sort.yaml_workdir/Abort_script_record,
mxnet.ndarray.sort,timeout,15,/local1/xdanning/docter/expr/mxnet/MX26_c890544_baseline/workdir/expect_ok_no_constr/mxnet.ndarray.sort.yaml_workdir/timeout_script_record,
mxnet.ndarray.sparse.dot,Abort,2,/local1/xdanning/docter/expr/mxnet/MX26_c890544_baseline/workdir/expect_ok_no_constr/mxnet.ndarray.sparse.dot.yaml_workdir/Abort_script_record,
mxnet.ndarray.sparse.linearregressionoutput,Abort,2,/local1/xdanning/docter/expr/mxnet/MX26_c890544_baseline/workdir/expect_ok_no_constr/mxnet.ndarray.sparse.linearregressionoutput.yaml_workdir/Abort_script_record,
mxnet.ndarray.sparse.maeregressionoutput,Abort,1,/local1/xdanning/docter/expr/mxnet/MX26_c890544_baseline/workdir/expect_ok_no_constr/mxnet.ndarray.sparse.maeregressionoutput.yaml_workdir/Abort_script_record,
mxnet.ndarray.split_v2,Abort,1,/local1/xdanning/docter/expr/mxnet/MX26_c890544_baseline/workdir/expect_ok_no_constr/mxnet.ndarray.split_v2.yaml_workdir/Abort_script_record,
mxnet.ndarray.split_v2,timeout,2,/local1/xdanning/docter/expr/mxnet/MX26_c890544_baseline/workdir/expect_ok_no_constr/mxnet.ndarray.split_v2.yaml_workdir/timeout_script_record,
mxnet.ndarray.split,timeout,3,/local1/xdanning/docter/expr/mxnet/MX26_c890544_baseline/workdir/expect_ok_no_constr/mxnet.ndarray.split.yaml_workdir/timeout_script_record,
mxnet.ndarray.sqrt,timeout,107,/local1/xdanning/docter/expr/mxnet/MX26_c890544_baseline/workdir/expect_ok_no_constr/mxnet.ndarray.sqrt.yaml_workdir/timeout_script_record,
mxnet.ndarray.square,timeout,101,/local1/xdanning/docter/expr/mxnet/MX26_c890544_baseline/workdir/expect_ok_no_constr/mxnet.ndarray.square.yaml_workdir/timeout_script_record,
mxnet.ndarray.squeeze,timeout,43,/local1/xdanning/docter/expr/mxnet/MX26_c890544_baseline/workdir/expect_ok_no_constr/mxnet.ndarray.squeeze.yaml_workdir/timeout_script_record,
mxnet.ndarray.stop_gradient,timeout,99,/local1/xdanning/docter/expr/mxnet/MX26_c890544_baseline/workdir/expect_ok_no_constr/mxnet.ndarray.stop_gradient.yaml_workdir/timeout_script_record,
mxnet.ndarray.subtract,timeout,147,/local1/xdanning/docter/expr/mxnet/MX26_c890544_baseline/workdir/expect_ok_no_constr/mxnet.ndarray.subtract.yaml_workdir/timeout_script_record,
mxnet.ndarray.swapaxes,timeout,16,/local1/xdanning/docter/expr/mxnet/MX26_c890544_baseline/workdir/expect_ok_no_constr/mxnet.ndarray.swapaxes.yaml_workdir/timeout_script_record,
mxnet.ndarray.swapaxis,timeout,17,/local1/xdanning/docter/expr/mxnet/MX26_c890544_baseline/workdir/expect_ok_no_constr/mxnet.ndarray.swapaxis.yaml_workdir/timeout_script_record,
mxnet.ndarray.sequencereverse,Floating_Point_Exception,5,/local1/xdanning/docter/expr/mxnet/MX26_c890544_baseline/workdir/expect_ok_no_constr/mxnet.ndarray.sequencereverse.yaml_workdir/Floating_Point_Exception_script_record,mx8
mxnet.ndarray.take,timeout,14,/local1/xdanning/docter/expr/mxnet/MX26_c890544_baseline/workdir/expect_ok_no_constr/mxnet.ndarray.take.yaml_workdir/timeout_script_record,
mxnet.ndarray.tanh,timeout,88,/local1/xdanning/docter/expr/mxnet/MX26_c890544_baseline/workdir/expect_ok_no_constr/mxnet.ndarray.tanh.yaml_workdir/timeout_script_record,
mxnet.ndarray.tan,timeout,90,/local1/xdanning/docter/expr/mxnet/MX26_c890544_baseline/workdir/expect_ok_no_constr/mxnet.ndarray.tan.yaml_workdir/timeout_script_record,
mxnet.ndarray.tile,timeout,7,/local1/xdanning/docter/expr/mxnet/MX26_c890544_baseline/workdir/expect_ok_no_constr/mxnet.ndarray.tile.yaml_workdir/timeout_script_record,
mxnet.ndarray.topk,timeout,1,/local1/xdanning/docter/expr/mxnet/MX26_c890544_baseline/workdir/expect_ok_no_constr/mxnet.ndarray.topk.yaml_workdir/timeout_script_record,
mxnet.ndarray.transpose,timeout,49,/local1/xdanning/docter/expr/mxnet/MX26_c890544_baseline/workdir/expect_ok_no_constr/mxnet.ndarray.transpose.yaml_workdir/timeout_script_record,
mxnet.ndarray.trunc,timeout,95,/local1/xdanning/docter/expr/mxnet/MX26_c890544_baseline/workdir/expect_ok_no_constr/mxnet.ndarray.trunc.yaml_workdir/timeout_script_record,
mxnet.ndarray.unravel_index,Abort,1,/local1/xdanning/docter/expr/mxnet/MX26_c890544_baseline/workdir/expect_ok_no_constr/mxnet.ndarray.unravel_index.yaml_workdir/Abort_script_record,
mxnet.ndarray.unravel_index,Floating_Point_Exception,1,/local1/xdanning/docter/expr/mxnet/MX26_c890544_baseline/workdir/expect_ok_no_constr/mxnet.ndarray.unravel_index.yaml_workdir/Floating_Point_Exception_script_record,mx10
mxnet.ndarray.unravel_index,Segmentation_Fault,6,/local1/xdanning/docter/expr/mxnet/MX26_c890544_baseline/workdir/expect_ok_no_constr/mxnet.ndarray.unravel_index.yaml_workdir/Segmentation_Fault_script_record,mx11
mxnet.ndarray.zeros2,Kill,1,/local1/xdanning/docter/expr/mxnet/MX26_c890544_baseline/workdir/expect_ok_no_constr/mxnet.ndarray.zeros2.yaml_workdir/Kill_script_record,
mxnet.ndarray.zeros2,timeout,2,/local1/xdanning/docter/expr/mxnet/MX26_c890544_baseline/workdir/expect_ok_no_constr/mxnet.ndarray.zeros2.yaml_workdir/timeout_script_record,
mxnet.ndarray.zeros_like,timeout,85,/local1/xdanning/docter/expr/mxnet/MX26_c890544_baseline/workdir/expect_ok_no_constr/mxnet.ndarray.zeros_like.yaml_workdir/timeout_script_record,
mxnet.ndarray.zeros,Kill,4,/local1/xdanning/docter/expr/mxnet/MX26_c890544_baseline/workdir/expect_ok_no_constr/mxnet.ndarray.zeros.yaml_workdir/Kill_script_record,
mxnet.ndarray.zeros,timeout,3,/local1/xdanning/docter/expr/mxnet/MX26_c890544_baseline/workdir/expect_ok_no_constr/mxnet.ndarray.zeros.yaml_workdir/timeout_script_record,
mxnet.recordio.pack,timeout,9,/local1/xdanning/docter/expr/mxnet/MX26_c890544_baseline/workdir/expect_ok_no_constr/mxnet.recordio.pack.yaml_workdir/timeout_script_record,
mxnet.test_utils.almost_equal_ignore_nan,timeout,807,/local1/xdanning/docter/expr/mxnet/MX26_c890544_baseline/workdir/expect_ok_no_constr/mxnet.test_utils.almost_equal_ignore_nan.yaml_workdir/timeout_script_record,
mxnet.test_utils.assert_almost_equal_ignore_nan,timeout,798,/local1/xdanning/docter/expr/mxnet/MX26_c890544_baseline/workdir/expect_ok_no_constr/mxnet.test_utils.assert_almost_equal_ignore_nan.yaml_workdir/timeout_script_record,
mxnet.test_utils.assert_almost_equal,timeout,35,/local1/xdanning/docter/expr/mxnet/MX26_c890544_baseline/workdir/expect_ok_no_constr/mxnet.test_utils.assert_almost_equal.yaml_workdir/timeout_script_record,
mxnet.test_utils.download,timeout,1,/local1/xdanning/docter/expr/mxnet/MX26_c890544_baseline/workdir/expect_ok_no_constr/mxnet.test_utils.download.yaml_workdir/timeout_script_record,
mxnet.test_utils.gen_buckets_probs_with_ppf,timeout,27,/local1/xdanning/docter/expr/mxnet/MX26_c890544_baseline/workdir/expect_ok_no_constr/mxnet.test_utils.gen_buckets_probs_with_ppf.yaml_workdir/timeout_script_record,
