API,Type,Count,Input,BugID
tf.random.gamma,Abort,6,/local1/xdanning/docter/expr/tensorflow/TF7_c9ad9e2_eo/workdir/expect_ok_constr/tf.random.gamma.yaml_workdir/Abort_script_record,closed
tf.broadcast_to,Kill,5,/local1/xdanning/docter/expr/tensorflow/TF7_c9ad9e2_eo/workdir/expect_ok_constr/tf.broadcast_to.yaml_workdir/Kill_script_record,
tf.clip_by_global_norm,Division_By_Zero,9,/local1/xdanning/docter/expr/tensorflow/TF7_c9ad9e2_eo/workdir/expect_ok_constr/tf.clip_by_global_norm.yaml_workdir/Division_By_Zero_script_record,
tf.ragged.segment_ids_to_row_splits,Segmentation_Fault,1,/local1/xdanning/docter/expr/tensorflow/TF7_c9ad9e2_eo/workdir/expect_ok_constr/tf.ragged.segment_ids_to_row_splits.yaml_workdir/Segmentation_Fault_script_record,tf
tf.eye,Kill,128,/local1/xdanning/docter/expr/tensorflow/TF7_c9ad9e2_eo/workdir/expect_ok_constr/tf.eye.yaml_workdir/Kill_script_record,
tf.feature_column.numeric_column,timeout,20,/local1/xdanning/docter/expr/tensorflow/TF7_c9ad9e2_eo/workdir/expect_ok_constr/tf.feature_column.numeric_column.yaml_workdir/timeout_script_record,
tf.fill,Kill,6,/local1/xdanning/docter/expr/tensorflow/TF7_c9ad9e2_eo/workdir/expect_ok_constr/tf.fill.yaml_workdir/Kill_script_record,
tf.gather_nd,Kill,1,/local1/xdanning/docter/expr/tensorflow/TF7_c9ad9e2_eo/workdir/expect_ok_constr/tf.gather_nd.yaml_workdir/Kill_script_record,
tf.image.adjust_hue,timeout,1,/local1/xdanning/docter/expr/tensorflow/TF7_c9ad9e2_eo/workdir/expect_ok_constr/tf.image.adjust_hue.yaml_workdir/timeout_script_record,
tf.unravel_index,Floating_Point_Exception,99,/local1/xdanning/docter/expr/tensorflow/TF7_c9ad9e2_eo/workdir/expect_ok_constr/tf.unravel_index.yaml_workdir/Floating_Point_Exception_script_record,tf1
tf.image.non_max_suppression_overlaps,timeout,138,/local1/xdanning/docter/expr/tensorflow/TF7_c9ad9e2_eo/workdir/expect_ok_constr/tf.image.non_max_suppression_overlaps.yaml_workdir/timeout_script_record,
tf.nn.ctc_beam_search_decoder,Abort,1,/local1/xdanning/docter/expr/tensorflow/TF7_c9ad9e2_eo/workdir/expect_ok_constr/tf.nn.ctc_beam_search_decoder.yaml_workdir/Abort_script_record,tf11
tf.image.non_max_suppression_padded,Kill,11,/local1/xdanning/docter/expr/tensorflow/TF7_c9ad9e2_eo/workdir/expect_ok_constr/tf.image.non_max_suppression_padded.yaml_workdir/Kill_script_record,
tf.image.non_max_suppression_padded,timeout,30,/local1/xdanning/docter/expr/tensorflow/TF7_c9ad9e2_eo/workdir/expect_ok_constr/tf.image.non_max_suppression_padded.yaml_workdir/timeout_script_record,
tf.image.non_max_suppression_with_scores,timeout,23,/local1/xdanning/docter/expr/tensorflow/TF7_c9ad9e2_eo/workdir/expect_ok_constr/tf.image.non_max_suppression_with_scores.yaml_workdir/timeout_script_record,
tf.image.non_max_suppression,timeout,30,/local1/xdanning/docter/expr/tensorflow/TF7_c9ad9e2_eo/workdir/expect_ok_constr/tf.image.non_max_suppression.yaml_workdir/timeout_script_record,
tf.image.resize_with_crop_or_pad,Kill,1,/local1/xdanning/docter/expr/tensorflow/TF7_c9ad9e2_eo/workdir/expect_ok_constr/tf.image.resize_with_crop_or_pad.yaml_workdir/Kill_script_record,
tf.io.matching_files,timeout,2,/local1/xdanning/docter/expr/tensorflow/TF7_c9ad9e2_eo/workdir/expect_ok_constr/tf.io.matching_files.yaml_workdir/timeout_script_record,
tf.keras.backend.arange,Kill,3,/local1/xdanning/docter/expr/tensorflow/TF7_c9ad9e2_eo/workdir/expect_ok_constr/tf.keras.backend.arange.yaml_workdir/Kill_script_record,
tf.summary.flush,Segmentation_Fault,518,/local1/xdanning/docter/expr/tensorflow/TF7_c9ad9e2_eo/workdir/expect_ok_constr/tf.summary.flush.yaml_workdir/Segmentation_Fault_script_record,tf12
tf.nn.fractional_max_pool,Floating_Point_Exception,161,/local1/xdanning/docter/expr/tensorflow/TF7_c9ad9e2_eo/workdir/expect_ok_constr/tf.nn.fractional_max_pool.yaml_workdir/Floating_Point_Exception_script_record,tf13
tf.keras.backend.categorical_crossentropy,Kill,5,/local1/xdanning/docter/expr/tensorflow/TF7_c9ad9e2_eo/workdir/expect_ok_constr/tf.keras.backend.categorical_crossentropy.yaml_workdir/Kill_script_record,
tf.keras.backend.dropout,Kill,1,/local1/xdanning/docter/expr/tensorflow/TF7_c9ad9e2_eo/workdir/expect_ok_constr/tf.keras.backend.dropout.yaml_workdir/Kill_script_record,
tf.keras.backend.eye,Kill,58,/local1/xdanning/docter/expr/tensorflow/TF7_c9ad9e2_eo/workdir/expect_ok_constr/tf.keras.backend.eye.yaml_workdir/Kill_script_record,
tf.random.learned_unigram_candidate_sampler,Segmentation_Fault,20,/local1/xdanning/docter/expr/tensorflow/TF7_c9ad9e2_eo/workdir/expect_ok_constr/tf.random.learned_unigram_candidate_sampler.yaml_workdir/Segmentation_Fault_script_record,tf14
tf.nn.fractional_max_pool,Abort,56,/local1/xdanning/docter/expr/tensorflow/TF7_c9ad9e2_eo/workdir/expect_ok_constr/tf.nn.fractional_max_pool.yaml_workdir/Abort_script_record,tf15
tf.keras.backend.one_hot,Kill,12,/local1/xdanning/docter/expr/tensorflow/TF7_c9ad9e2_eo/workdir/expect_ok_constr/tf.keras.backend.one_hot.yaml_workdir/Kill_script_record,
tf.keras.backend.ones,Kill,11,/local1/xdanning/docter/expr/tensorflow/TF7_c9ad9e2_eo/workdir/expect_ok_constr/tf.keras.backend.ones.yaml_workdir/Kill_script_record,
tf.keras.backend.random_binomial,Kill,1,/local1/xdanning/docter/expr/tensorflow/TF7_c9ad9e2_eo/workdir/expect_ok_constr/tf.keras.backend.random_binomial.yaml_workdir/Kill_script_record,
tf.keras.backend.random_normal,Kill,5,/local1/xdanning/docter/expr/tensorflow/TF7_c9ad9e2_eo/workdir/expect_ok_constr/tf.keras.backend.random_normal.yaml_workdir/Kill_script_record,
tf.eye,Abort,8,/local1/xdanning/docter/expr/tensorflow/TF7_c9ad9e2_eo/workdir/expect_ok_constr/tf.eye.yaml_workdir/Abort_script_record,tf17
tf.keras.backend.tile,Kill,33,/local1/xdanning/docter/expr/tensorflow/TF7_c9ad9e2_eo/workdir/expect_ok_constr/tf.keras.backend.tile.yaml_workdir/Kill_script_record,
tf.keras.backend.truncated_normal,Kill,2,/local1/xdanning/docter/expr/tensorflow/TF7_c9ad9e2_eo/workdir/expect_ok_constr/tf.keras.backend.truncated_normal.yaml_workdir/Kill_script_record,
tf.keras.backend.zeros,Kill,5,/local1/xdanning/docter/expr/tensorflow/TF7_c9ad9e2_eo/workdir/expect_ok_constr/tf.keras.backend.zeros.yaml_workdir/Kill_script_record,
tf.keras.datasets.imdb.load_data,Kill,41,/local1/xdanning/docter/expr/tensorflow/TF7_c9ad9e2_eo/workdir/expect_ok_constr/tf.keras.datasets.imdb.load_data.yaml_workdir/Kill_script_record,
tf.keras.datasets.imdb.load_data,timeout,60,/local1/xdanning/docter/expr/tensorflow/TF7_c9ad9e2_eo/workdir/expect_ok_constr/tf.keras.datasets.imdb.load_data.yaml_workdir/timeout_script_record,
tf.keras.datasets.reuters.load_data,Kill,41,/local1/xdanning/docter/expr/tensorflow/TF7_c9ad9e2_eo/workdir/expect_ok_constr/tf.keras.datasets.reuters.load_data.yaml_workdir/Kill_script_record,
tf.keras.datasets.reuters.load_data,timeout,11,/local1/xdanning/docter/expr/tensorflow/TF7_c9ad9e2_eo/workdir/expect_ok_constr/tf.keras.datasets.reuters.load_data.yaml_workdir/timeout_script_record,
tf.keras.layers.AveragePooling1D,Nan,1,/local1/xdanning/docter/expr/tensorflow/TF7_c9ad9e2_eo/workdir/expect_ok_constr/tf.keras.layers.AveragePooling1D.yaml_workdir/Nan_script_record,
tf.keras.layers.AveragePooling2D,Nan,2,/local1/xdanning/docter/expr/tensorflow/TF7_c9ad9e2_eo/workdir/expect_ok_constr/tf.keras.layers.AveragePooling2D.yaml_workdir/Nan_script_record,
tf.keras.layers.AveragePooling3D,Nan,3,/local1/xdanning/docter/expr/tensorflow/TF7_c9ad9e2_eo/workdir/expect_ok_constr/tf.keras.layers.AveragePooling3D.yaml_workdir/Nan_script_record,
tf.keras.layers.dot2,Division_By_Zero,3,/local1/xdanning/docter/expr/tensorflow/TF7_c9ad9e2_eo/workdir/expect_ok_constr/tf.keras.layers.dot2.yaml_workdir/Division_By_Zero_script_record,
tf.keras.layers.elu,Nan,3,/local1/xdanning/docter/expr/tensorflow/TF7_c9ad9e2_eo/workdir/expect_ok_constr/tf.keras.layers.elu.yaml_workdir/Nan_script_record,
tf.keras.layers.GlobalAveragePooling1D,Nan,23,/local1/xdanning/docter/expr/tensorflow/TF7_c9ad9e2_eo/workdir/expect_ok_constr/tf.keras.layers.GlobalAveragePooling1D.yaml_workdir/Nan_script_record,
tf.keras.layers.GlobalAveragePooling2D,Nan,47,/local1/xdanning/docter/expr/tensorflow/TF7_c9ad9e2_eo/workdir/expect_ok_constr/tf.keras.layers.GlobalAveragePooling2D.yaml_workdir/Nan_script_record,
tf.keras.layers.GlobalAveragePooling3D,Nan,25,/local1/xdanning/docter/expr/tensorflow/TF7_c9ad9e2_eo/workdir/expect_ok_constr/tf.keras.layers.GlobalAveragePooling3D.yaml_workdir/Nan_script_record,
tf.linalg.tensor_diag,Abort,1,/local1/xdanning/docter/expr/tensorflow/TF7_c9ad9e2_eo/workdir/expect_ok_constr/tf.linalg.tensor_diag.yaml_workdir/Abort_script_record,tf17
tf.one_hot,Abort,1,/local1/xdanning/docter/expr/tensorflow/TF7_c9ad9e2_eo/workdir/expect_ok_constr/tf.one_hot.yaml_workdir/Abort_script_record,tf17
tf.ones,Abort,1,/local1/xdanning/docter/expr/tensorflow/TF7_c9ad9e2_eo/workdir/expect_ok_constr/tf.ones.yaml_workdir/Abort_script_record,tf17
tf.keras.layers.leakyrelu,Nan,44,/local1/xdanning/docter/expr/tensorflow/TF7_c9ad9e2_eo/workdir/expect_ok_constr/tf.keras.layers.leakyrelu.yaml_workdir/Nan_script_record,
tf.zeros,Abort,1,/local1/xdanning/docter/expr/tensorflow/TF7_c9ad9e2_eo/workdir/expect_ok_constr/tf.zeros.yaml_workdir/Abort_script_record,tf17
tf.keras.layers.relu,Nan,2,/local1/xdanning/docter/expr/tensorflow/TF7_c9ad9e2_eo/workdir/expect_ok_constr/tf.keras.layers.relu.yaml_workdir/Nan_script_record,
tf.linalg.cholesky,Segmentation_Fault,52,/local1/xdanning/docter/expr/tensorflow/TF7_c9ad9e2_eo/workdir/expect_ok_constr/tf.linalg.cholesky.yaml_workdir/Segmentation_Fault_script_record,tf18
tf.linalg.eigh,Abort,5,/local1/xdanning/docter/expr/tensorflow/TF7_c9ad9e2_eo/workdir/expect_ok_constr/tf.linalg.eigh.yaml_workdir/Abort_script_record,tf18
tf.keras.layers.softmax,Nan,22,/local1/xdanning/docter/expr/tensorflow/TF7_c9ad9e2_eo/workdir/expect_ok_constr/tf.keras.layers.softmax.yaml_workdir/Nan_script_record,
tf.keras.layers.thresholdedrelu,Nan,52,/local1/xdanning/docter/expr/tensorflow/TF7_c9ad9e2_eo/workdir/expect_ok_constr/tf.keras.layers.thresholdedrelu.yaml_workdir/Nan_script_record,
tf.keras.layers.upsampling1d,timeout,9,/local1/xdanning/docter/expr/tensorflow/TF7_c9ad9e2_eo/workdir/expect_ok_constr/tf.keras.layers.upsampling1d.yaml_workdir/timeout_script_record,
tf.keras.layers.upsampling3d,Kill,24,/local1/xdanning/docter/expr/tensorflow/TF7_c9ad9e2_eo/workdir/expect_ok_constr/tf.keras.layers.upsampling3d.yaml_workdir/Kill_script_record,
tf.keras.layers.upsampling3d,timeout,151,/local1/xdanning/docter/expr/tensorflow/TF7_c9ad9e2_eo/workdir/expect_ok_constr/tf.keras.layers.upsampling3d.yaml_workdir/timeout_script_record,
tf.keras.layers.zeropadding1d,Kill,2,/local1/xdanning/docter/expr/tensorflow/TF7_c9ad9e2_eo/workdir/expect_ok_constr/tf.keras.layers.zeropadding1d.yaml_workdir/Kill_script_record,
tf.keras.preprocessing.sequence.make_sampling_table,Kill,233,/local1/xdanning/docter/expr/tensorflow/TF7_c9ad9e2_eo/workdir/expect_ok_constr/tf.keras.preprocessing.sequence.make_sampling_table.yaml_workdir/Kill_script_record,
tf.keras.preprocessing.sequence.make_sampling_table,timeout,2,/local1/xdanning/docter/expr/tensorflow/TF7_c9ad9e2_eo/workdir/expect_ok_constr/tf.keras.preprocessing.sequence.make_sampling_table.yaml_workdir/timeout_script_record,
tf.keras.preprocessing.sequence.skipgrams,timeout,1,/local1/xdanning/docter/expr/tensorflow/TF7_c9ad9e2_eo/workdir/expect_ok_constr/tf.keras.preprocessing.sequence.skipgrams.yaml_workdir/timeout_script_record,
tf.linalg.eigh,Segmentation_Fault,40,/local1/xdanning/docter/expr/tensorflow/TF7_c9ad9e2_eo/workdir/expect_ok_constr/tf.linalg.eigh.yaml_workdir/Segmentation_Fault_script_record,tf18
tf.linalg.eigvalsh,Abort,8,/local1/xdanning/docter/expr/tensorflow/TF7_c9ad9e2_eo/workdir/expect_ok_constr/tf.linalg.eigvalsh.yaml_workdir/Abort_script_record,tf18
tf.linalg.eigvalsh,Segmentation_Fault,41,/local1/xdanning/docter/expr/tensorflow/TF7_c9ad9e2_eo/workdir/expect_ok_constr/tf.linalg.eigvalsh.yaml_workdir/Segmentation_Fault_script_record,tf18
tf.linalg.inv,Abort,1,/local1/xdanning/docter/expr/tensorflow/TF7_c9ad9e2_eo/workdir/expect_ok_constr/tf.linalg.inv.yaml_workdir/Abort_script_record,tf18
tf.linalg.inv,Segmentation_Fault,86,/local1/xdanning/docter/expr/tensorflow/TF7_c9ad9e2_eo/workdir/expect_ok_constr/tf.linalg.inv.yaml_workdir/Segmentation_Fault_script_record,tf18
tf.linalg.expm,timeout,381,/local1/xdanning/docter/expr/tensorflow/TF7_c9ad9e2_eo/workdir/expect_ok_constr/tf.linalg.expm.yaml_workdir/timeout_script_record,
tf.linalg.logdet,Segmentation_Fault,49,/local1/xdanning/docter/expr/tensorflow/TF7_c9ad9e2_eo/workdir/expect_ok_constr/tf.linalg.logdet.yaml_workdir/Segmentation_Fault_script_record,tf18
tf.linalg.logm,Abort,86,/local1/xdanning/docter/expr/tensorflow/TF7_c9ad9e2_eo/workdir/expect_ok_constr/tf.linalg.logm.yaml_workdir/Abort_script_record,tf18
tf.linalg.logm,Segmentation_Fault,139,/local1/xdanning/docter/expr/tensorflow/TF7_c9ad9e2_eo/workdir/expect_ok_constr/tf.linalg.logm.yaml_workdir/Segmentation_Fault_script_record,tf18
tf.linalg.lstsq,Abort,1,/local1/xdanning/docter/expr/tensorflow/TF7_c9ad9e2_eo/workdir/expect_ok_constr/tf.linalg.lstsq.yaml_workdir/Abort_script_record,tf18
tf.linalg.lstsq,Segmentation_Fault,26,/local1/xdanning/docter/expr/tensorflow/TF7_c9ad9e2_eo/workdir/expect_ok_constr/tf.linalg.lstsq.yaml_workdir/Segmentation_Fault_script_record,tf18
tf.linalg.solve,Segmentation_Fault,268,/local1/xdanning/docter/expr/tensorflow/TF7_c9ad9e2_eo/workdir/expect_ok_constr/tf.linalg.solve.yaml_workdir/Segmentation_Fault_script_record,tf18
tf.linalg.sqrtm,Abort,46,/local1/xdanning/docter/expr/tensorflow/TF7_c9ad9e2_eo/workdir/expect_ok_constr/tf.linalg.sqrtm.yaml_workdir/Abort_script_record,tf18
tf.linalg.sqrtm,Segmentation_Fault,136,/local1/xdanning/docter/expr/tensorflow/TF7_c9ad9e2_eo/workdir/expect_ok_constr/tf.linalg.sqrtm.yaml_workdir/Segmentation_Fault_script_record,tf18
tf.linalg.svd,Abort,16,/local1/xdanning/docter/expr/tensorflow/TF7_c9ad9e2_eo/workdir/expect_ok_constr/tf.linalg.svd.yaml_workdir/Abort_script_record,tf18
tf.linalg.triangular_solve,Abort,16,/local1/xdanning/docter/expr/tensorflow/TF7_c9ad9e2_eo/workdir/expect_ok_constr/tf.linalg.triangular_solve.yaml_workdir/Abort_script_record,tf18
tf.linalg.pinv,timeout,6,/local1/xdanning/docter/expr/tensorflow/TF7_c9ad9e2_eo/workdir/expect_ok_constr/tf.linalg.pinv.yaml_workdir/timeout_script_record,
tf.linalg.triangular_solve,Segmentation_Fault,258,/local1/xdanning/docter/expr/tensorflow/TF7_c9ad9e2_eo/workdir/expect_ok_constr/tf.linalg.triangular_solve.yaml_workdir/Segmentation_Fault_script_record,tf18
tf.linalg.solve,Abort,15,/local1/xdanning/docter/expr/tensorflow/TF7_c9ad9e2_eo/workdir/expect_ok_constr/tf.linalg.solve.yaml_workdir/Abort_script_record,tf19
tf.math.unsorted_segment_max,Abort,4,/local1/xdanning/docter/expr/tensorflow/TF7_c9ad9e2_eo/workdir/expect_ok_constr/tf.math.unsorted_segment_max.yaml_workdir/Abort_script_record,tf20
tf.math.unsorted_segment_min,Abort,4,/local1/xdanning/docter/expr/tensorflow/TF7_c9ad9e2_eo/workdir/expect_ok_constr/tf.math.unsorted_segment_min.yaml_workdir/Abort_script_record,tf20
tf.math.unsorted_segment_prod,Abort,2,/local1/xdanning/docter/expr/tensorflow/TF7_c9ad9e2_eo/workdir/expect_ok_constr/tf.math.unsorted_segment_prod.yaml_workdir/Abort_script_record,tf20
tf.math.unsorted_segment_sum,Abort,4,/local1/xdanning/docter/expr/tensorflow/TF7_c9ad9e2_eo/workdir/expect_ok_constr/tf.math.unsorted_segment_sum.yaml_workdir/Abort_script_record,tf20
tf.linalg.svd,timeout,2,/local1/xdanning/docter/expr/tensorflow/TF7_c9ad9e2_eo/workdir/expect_ok_constr/tf.linalg.svd.yaml_workdir/timeout_script_record,
tf.strings.unsorted_segment_join,Abort,934,/local1/xdanning/docter/expr/tensorflow/TF7_c9ad9e2_eo/workdir/expect_ok_constr/tf.strings.unsorted_segment_join.yaml_workdir/Abort_script_record,tf20
tf.linalg.tensor_diag,Kill,80,/local1/xdanning/docter/expr/tensorflow/TF7_c9ad9e2_eo/workdir/expect_ok_constr/tf.linalg.tensor_diag.yaml_workdir/Kill_script_record,
tf.linalg.matrix_rank,Segmentation_Fault,63,/local1/xdanning/docter/expr/tensorflow/TF7_c9ad9e2_eo/workdir/expect_ok_constr/tf.linalg.matrix_rank.yaml_workdir/Segmentation_Fault_script_record,tf22
tf.linalg.pinv,Abort,5,/local1/xdanning/docter/expr/tensorflow/TF7_c9ad9e2_eo/workdir/expect_ok_constr/tf.linalg.pinv.yaml_workdir/Abort_script_record,tf22
tf.linalg.pinv,Segmentation_Fault,11,/local1/xdanning/docter/expr/tensorflow/TF7_c9ad9e2_eo/workdir/expect_ok_constr/tf.linalg.pinv.yaml_workdir/Segmentation_Fault_script_record,tf22
tf.linspace,Kill,3,/local1/xdanning/docter/expr/tensorflow/TF7_c9ad9e2_eo/workdir/expect_ok_constr/tf.linspace.yaml_workdir/Kill_script_record,
tf.linalg.svd,Segmentation_Fault,52,/local1/xdanning/docter/expr/tensorflow/TF7_c9ad9e2_eo/workdir/expect_ok_constr/tf.linalg.svd.yaml_workdir/Segmentation_Fault_script_record,tf22
tf.math.bincount,Kill,3,/local1/xdanning/docter/expr/tensorflow/TF7_c9ad9e2_eo/workdir/expect_ok_constr/tf.math.bincount.yaml_workdir/Kill_script_record,
tf.linalg.triangular_solve,Floating_Point_Exception,4,/local1/xdanning/docter/expr/tensorflow/TF7_c9ad9e2_eo/workdir/expect_ok_constr/tf.linalg.triangular_solve.yaml_workdir/Floating_Point_Exception_script_record,tf23
tf.math.segment_max,Kill,1,/local1/xdanning/docter/expr/tensorflow/TF7_c9ad9e2_eo/workdir/expect_ok_constr/tf.math.segment_max.yaml_workdir/Kill_script_record,
tf.image.combined_non_max_suppression,Abort,1,/local1/xdanning/docter/expr/tensorflow/TF7_c9ad9e2_eo/workdir/expect_ok_constr/tf.image.combined_non_max_suppression.yaml_workdir/Abort_script_record,tf26
tf.image.non_max_suppression_padded,Abort,6,/local1/xdanning/docter/expr/tensorflow/TF7_c9ad9e2_eo/workdir/expect_ok_constr/tf.image.non_max_suppression_padded.yaml_workdir/Abort_script_record,tf33
tf.keras.layers.MaxPool3D,Floating_Point_Exception,1,/local1/xdanning/docter/expr/tensorflow/TF7_c9ad9e2_eo/workdir/expect_ok_constr/tf.keras.layers.MaxPool3D.yaml_workdir/Floating_Point_Exception_script_record,tf39
tf.math.segment_prod,Kill,1,/local1/xdanning/docter/expr/tensorflow/TF7_c9ad9e2_eo/workdir/expect_ok_constr/tf.math.segment_prod.yaml_workdir/Kill_script_record,
tf.keras.backend.reshape,Abort,18,/local1/xdanning/docter/expr/tensorflow/TF7_c9ad9e2_eo/workdir/expect_ok_constr/tf.keras.backend.reshape.yaml_workdir/Abort_script_record,tf42
tf.keras.layers.reshape,Abort,35,/local1/xdanning/docter/expr/tensorflow/TF7_c9ad9e2_eo/workdir/expect_ok_constr/tf.keras.layers.reshape.yaml_workdir/Abort_script_record,tf42
tf.math.unsorted_segment_max,Kill,4,/local1/xdanning/docter/expr/tensorflow/TF7_c9ad9e2_eo/workdir/expect_ok_constr/tf.math.unsorted_segment_max.yaml_workdir/Kill_script_record,
tf.math.unsorted_segment_mean,Kill,58,/local1/xdanning/docter/expr/tensorflow/TF7_c9ad9e2_eo/workdir/expect_ok_constr/tf.math.unsorted_segment_mean.yaml_workdir/Kill_script_record,
tf.keras.layers.reshape,Segmentation_Fault,1,/local1/xdanning/docter/expr/tensorflow/TF7_c9ad9e2_eo/workdir/expect_ok_constr/tf.keras.layers.reshape.yaml_workdir/Segmentation_Fault_script_record,tf42
tf.math.unsorted_segment_min,Kill,5,/local1/xdanning/docter/expr/tensorflow/TF7_c9ad9e2_eo/workdir/expect_ok_constr/tf.math.unsorted_segment_min.yaml_workdir/Kill_script_record,
tf.reshape,Abort,81,/local1/xdanning/docter/expr/tensorflow/TF7_c9ad9e2_eo/workdir/expect_ok_constr/tf.reshape.yaml_workdir/Abort_script_record,tf42
tf.math.unsorted_segment_prod,Kill,5,/local1/xdanning/docter/expr/tensorflow/TF7_c9ad9e2_eo/workdir/expect_ok_constr/tf.math.unsorted_segment_prod.yaml_workdir/Kill_script_record,
tf.math.unsorted_segment_sqrt_n,Kill,84,/local1/xdanning/docter/expr/tensorflow/TF7_c9ad9e2_eo/workdir/expect_ok_constr/tf.math.unsorted_segment_sqrt_n.yaml_workdir/Kill_script_record,
tf.math.segment_max,Abort,5,/local1/xdanning/docter/expr/tensorflow/TF7_c9ad9e2_eo/workdir/expect_ok_constr/tf.math.segment_max.yaml_workdir/Abort_script_record,tf43
tf.math.unsorted_segment_sum,Kill,3,/local1/xdanning/docter/expr/tensorflow/TF7_c9ad9e2_eo/workdir/expect_ok_constr/tf.math.unsorted_segment_sum.yaml_workdir/Kill_script_record,
tf.math.segment_mean,Abort,3,/local1/xdanning/docter/expr/tensorflow/TF7_c9ad9e2_eo/workdir/expect_ok_constr/tf.math.segment_mean.yaml_workdir/Abort_script_record,tf43
tf.math.segment_min,Abort,6,/local1/xdanning/docter/expr/tensorflow/TF7_c9ad9e2_eo/workdir/expect_ok_constr/tf.math.segment_min.yaml_workdir/Abort_script_record,tf43
tf.nn.atrous_conv2d,Kill,6,/local1/xdanning/docter/expr/tensorflow/TF7_c9ad9e2_eo/workdir/expect_ok_constr/tf.nn.atrous_conv2d.yaml_workdir/Kill_script_record,
tf.nn.atrous_conv2d,Nan,3,/local1/xdanning/docter/expr/tensorflow/TF7_c9ad9e2_eo/workdir/expect_ok_constr/tf.nn.atrous_conv2d.yaml_workdir/Nan_script_record,
tf.nn.atrous_conv2d,timeout,3,/local1/xdanning/docter/expr/tensorflow/TF7_c9ad9e2_eo/workdir/expect_ok_constr/tf.nn.atrous_conv2d.yaml_workdir/timeout_script_record,
tf.nn.compute_average_loss,Nan,52,/local1/xdanning/docter/expr/tensorflow/TF7_c9ad9e2_eo/workdir/expect_ok_constr/tf.nn.compute_average_loss.yaml_workdir/Nan_script_record,
tf.math.segment_prod,Abort,1,/local1/xdanning/docter/expr/tensorflow/TF7_c9ad9e2_eo/workdir/expect_ok_constr/tf.math.segment_prod.yaml_workdir/Abort_script_record,tf43
tf.nn.ctc_beam_search_decoder,Kill,8,/local1/xdanning/docter/expr/tensorflow/TF7_c9ad9e2_eo/workdir/expect_ok_constr/tf.nn.ctc_beam_search_decoder.yaml_workdir/Kill_script_record,
tf.nn.dropout,Kill,8,/local1/xdanning/docter/expr/tensorflow/TF7_c9ad9e2_eo/workdir/expect_ok_constr/tf.nn.dropout.yaml_workdir/Kill_script_record,
tf.nn.dropout,Nan,20,/local1/xdanning/docter/expr/tensorflow/TF7_c9ad9e2_eo/workdir/expect_ok_constr/tf.nn.dropout.yaml_workdir/Nan_script_record,
tf.math.segment_sum,Abort,7,/local1/xdanning/docter/expr/tensorflow/TF7_c9ad9e2_eo/workdir/expect_ok_constr/tf.math.segment_sum.yaml_workdir/Abort_script_record,tf43
tf.sequence_mask,Abort,5,/local1/xdanning/docter/expr/tensorflow/TF7_c9ad9e2_eo/workdir/expect_ok_constr/tf.sequence_mask.yaml_workdir/Abort_script_record,tf44
tf.nn.leaky_relu,Nan,13,/local1/xdanning/docter/expr/tensorflow/TF7_c9ad9e2_eo/workdir/expect_ok_constr/tf.nn.leaky_relu.yaml_workdir/Nan_script_record,
tf.nn.local_response_normalization,Nan,28,/local1/xdanning/docter/expr/tensorflow/TF7_c9ad9e2_eo/workdir/expect_ok_constr/tf.nn.local_response_normalization.yaml_workdir/Nan_script_record,
tf.nn.log_poisson_loss,Nan,1,/local1/xdanning/docter/expr/tensorflow/TF7_c9ad9e2_eo/workdir/expect_ok_constr/tf.nn.log_poisson_loss.yaml_workdir/Nan_script_record,
tf.signal.stft,Floating_Point_Exception,1,/local1/xdanning/docter/expr/tensorflow/TF7_c9ad9e2_eo/workdir/expect_ok_constr/tf.signal.stft.yaml_workdir/Floating_Point_Exception_script_record,tf46
tf.keras.backend.argmax,Abort,56,/local1/xdanning/docter/expr/tensorflow/TF7_c9ad9e2_eo/workdir/expect_ok_constr/tf.keras.backend.argmax.yaml_workdir/Abort_script_record,tf51
tf.nn.softmax_cross_entropy_with_logits,Kill,19,/local1/xdanning/docter/expr/tensorflow/TF7_c9ad9e2_eo/workdir/expect_ok_constr/tf.nn.softmax_cross_entropy_with_logits.yaml_workdir/Kill_script_record,
tf.nn.softmax_cross_entropy_with_logits,Nan,2,/local1/xdanning/docter/expr/tensorflow/TF7_c9ad9e2_eo/workdir/expect_ok_constr/tf.nn.softmax_cross_entropy_with_logits.yaml_workdir/Nan_script_record,
tf.nn.weighted_cross_entropy_with_logits,Nan,2,/local1/xdanning/docter/expr/tensorflow/TF7_c9ad9e2_eo/workdir/expect_ok_constr/tf.nn.weighted_cross_entropy_with_logits.yaml_workdir/Nan_script_record,
tf.keras.backend.argmin,Abort,37,/local1/xdanning/docter/expr/tensorflow/TF7_c9ad9e2_eo/workdir/expect_ok_constr/tf.keras.backend.argmin.yaml_workdir/Abort_script_record,tf51
tf.keras.backend.max,Abort,66,/local1/xdanning/docter/expr/tensorflow/TF7_c9ad9e2_eo/workdir/expect_ok_constr/tf.keras.backend.max.yaml_workdir/Abort_script_record,tf51
tf.ones,Kill,94,/local1/xdanning/docter/expr/tensorflow/TF7_c9ad9e2_eo/workdir/expect_ok_constr/tf.ones.yaml_workdir/Kill_script_record,
tf.keras.backend.min,Abort,66,/local1/xdanning/docter/expr/tensorflow/TF7_c9ad9e2_eo/workdir/expect_ok_constr/tf.keras.backend.min.yaml_workdir/Abort_script_record,tf51
tf.keras.layers.GlobalMaxPool1D,Abort,15,/local1/xdanning/docter/expr/tensorflow/TF7_c9ad9e2_eo/workdir/expect_ok_constr/tf.keras.layers.GlobalMaxPool1D.yaml_workdir/Abort_script_record,tf52
tf.keras.layers.GlobalMaxPool2D,Abort,22,/local1/xdanning/docter/expr/tensorflow/TF7_c9ad9e2_eo/workdir/expect_ok_constr/tf.keras.layers.GlobalMaxPool2D.yaml_workdir/Abort_script_record,tf52
tf.ragged.constant,timeout,49,/local1/xdanning/docter/expr/tensorflow/TF7_c9ad9e2_eo/workdir/expect_ok_constr/tf.ragged.constant.yaml_workdir/timeout_script_record,
tf.ragged.row_splits_to_segment_ids,Kill,233,/local1/xdanning/docter/expr/tensorflow/TF7_c9ad9e2_eo/workdir/expect_ok_constr/tf.ragged.row_splits_to_segment_ids.yaml_workdir/Kill_script_record,
tf.ragged.segment_ids_to_row_splits,Kill,12,/local1/xdanning/docter/expr/tensorflow/TF7_c9ad9e2_eo/workdir/expect_ok_constr/tf.ragged.segment_ids_to_row_splits.yaml_workdir/Kill_script_record,
tf.keras.layers.GlobalMaxPool3D,Abort,21,/local1/xdanning/docter/expr/tensorflow/TF7_c9ad9e2_eo/workdir/expect_ok_constr/tf.keras.layers.GlobalMaxPool3D.yaml_workdir/Abort_script_record,tf52
tf.ragged.stack_dynamic_partitions,Kill,21,/local1/xdanning/docter/expr/tensorflow/TF7_c9ad9e2_eo/workdir/expect_ok_constr/tf.ragged.stack_dynamic_partitions.yaml_workdir/Kill_script_record,
tf.random.all_candidate_sampler,Kill,11,/local1/xdanning/docter/expr/tensorflow/TF7_c9ad9e2_eo/workdir/expect_ok_constr/tf.random.all_candidate_sampler.yaml_workdir/Kill_script_record,
tf.random.categorical,Kill,10,/local1/xdanning/docter/expr/tensorflow/TF7_c9ad9e2_eo/workdir/expect_ok_constr/tf.random.categorical.yaml_workdir/Kill_script_record,
tf.sparse.segment_sum,Abort,1,/local1/xdanning/docter/expr/tensorflow/TF7_c9ad9e2_eo/workdir/expect_ok_constr/tf.sparse.segment_sum.yaml_workdir/Abort_script_record,tf60
tf.nn.softmax_cross_entropy_with_logits,Abort,2,/local1/xdanning/docter/expr/tensorflow/TF7_c9ad9e2_eo/workdir/expect_ok_constr/tf.nn.softmax_cross_entropy_with_logits.yaml_workdir/Abort_script_record,tf64
tf.random.learned_unigram_candidate_sampler,Kill,10,/local1/xdanning/docter/expr/tensorflow/TF7_c9ad9e2_eo/workdir/expect_ok_constr/tf.random.learned_unigram_candidate_sampler.yaml_workdir/Kill_script_record,
tf.summary.create_file_writer,Abort,53,/local1/xdanning/docter/expr/tensorflow/TF7_c9ad9e2_eo/workdir/expect_ok_constr/tf.summary.create_file_writer.yaml_workdir/Abort_script_record,tf65
tf.random.learned_unigram_candidate_sampler,timeout,17,/local1/xdanning/docter/expr/tensorflow/TF7_c9ad9e2_eo/workdir/expect_ok_constr/tf.random.learned_unigram_candidate_sampler.yaml_workdir/timeout_script_record,
tf.random.log_uniform_candidate_sampler,Kill,1,/local1/xdanning/docter/expr/tensorflow/TF7_c9ad9e2_eo/workdir/expect_ok_constr/tf.random.log_uniform_candidate_sampler.yaml_workdir/Kill_script_record,
tf.random.log_uniform_candidate_sampler,timeout,8,/local1/xdanning/docter/expr/tensorflow/TF7_c9ad9e2_eo/workdir/expect_ok_constr/tf.random.log_uniform_candidate_sampler.yaml_workdir/timeout_script_record,
tf.random.normal,Kill,8,/local1/xdanning/docter/expr/tensorflow/TF7_c9ad9e2_eo/workdir/expect_ok_constr/tf.random.normal.yaml_workdir/Kill_script_record,
tf.quantization.fake_quant_with_min_max_vars_gradient,Abort,508,/local1/xdanning/docter/expr/tensorflow/TF7_c9ad9e2_eo/workdir/expect_ok_constr/tf.quantization.fake_quant_with_min_max_vars_gradient.yaml_workdir/Abort_script_record,tf66
tf.random.poisson,Kill,1,/local1/xdanning/docter/expr/tensorflow/TF7_c9ad9e2_eo/workdir/expect_ok_constr/tf.random.poisson.yaml_workdir/Kill_script_record,
tf.random.poisson,timeout,2,/local1/xdanning/docter/expr/tensorflow/TF7_c9ad9e2_eo/workdir/expect_ok_constr/tf.random.poisson.yaml_workdir/timeout_script_record,
tf.random.stateless_categorical,Kill,4,/local1/xdanning/docter/expr/tensorflow/TF7_c9ad9e2_eo/workdir/expect_ok_constr/tf.random.stateless_categorical.yaml_workdir/Kill_script_record,
tf.random.stateless_uniform,Kill,1,/local1/xdanning/docter/expr/tensorflow/TF7_c9ad9e2_eo/workdir/expect_ok_constr/tf.random.stateless_uniform.yaml_workdir/Kill_script_record,
tf.random.truncated_normal,Kill,8,/local1/xdanning/docter/expr/tensorflow/TF7_c9ad9e2_eo/workdir/expect_ok_constr/tf.random.truncated_normal.yaml_workdir/Kill_script_record,
tf.random.uniform_candidate_sampler,Kill,1,/local1/xdanning/docter/expr/tensorflow/TF7_c9ad9e2_eo/workdir/expect_ok_constr/tf.random.uniform_candidate_sampler.yaml_workdir/Kill_script_record,
tf.random.uniform_candidate_sampler,timeout,7,/local1/xdanning/docter/expr/tensorflow/TF7_c9ad9e2_eo/workdir/expect_ok_constr/tf.random.uniform_candidate_sampler.yaml_workdir/timeout_script_record,
tf.random.uniform,Kill,9,/local1/xdanning/docter/expr/tensorflow/TF7_c9ad9e2_eo/workdir/expect_ok_constr/tf.random.uniform.yaml_workdir/Kill_script_record,
tf.repeat,Kill,31,/local1/xdanning/docter/expr/tensorflow/TF7_c9ad9e2_eo/workdir/expect_ok_constr/tf.repeat.yaml_workdir/Kill_script_record,
tf.repeat,timeout,1,/local1/xdanning/docter/expr/tensorflow/TF7_c9ad9e2_eo/workdir/expect_ok_constr/tf.repeat.yaml_workdir/timeout_script_record,
tf.quantization.fake_quant_with_min_max_vars_per_channel,Abort,5,/local1/xdanning/docter/expr/tensorflow/TF7_c9ad9e2_eo/workdir/expect_ok_constr/tf.quantization.fake_quant_with_min_max_vars_per_channel.yaml_workdir/Abort_script_record,tf66
tf.quantization.fake_quant_with_min_max_vars,Abort,467,/local1/xdanning/docter/expr/tensorflow/TF7_c9ad9e2_eo/workdir/expect_ok_constr/tf.quantization.fake_quant_with_min_max_vars.yaml_workdir/Abort_script_record,tf66
tf.nn.atrous_conv2d,Floating_Point_Exception,2,/local1/xdanning/docter/expr/tensorflow/TF7_c9ad9e2_eo/workdir/expect_ok_constr/tf.nn.atrous_conv2d.yaml_workdir/Floating_Point_Exception_script_record,tf7
tf.sequence_mask,Kill,57,/local1/xdanning/docter/expr/tensorflow/TF7_c9ad9e2_eo/workdir/expect_ok_constr/tf.sequence_mask.yaml_workdir/Kill_script_record,
tf.signal.dct,Kill,1,/local1/xdanning/docter/expr/tensorflow/TF7_c9ad9e2_eo/workdir/expect_ok_constr/tf.signal.dct.yaml_workdir/Kill_script_record,
tf.signal.frame,Kill,16,/local1/xdanning/docter/expr/tensorflow/TF7_c9ad9e2_eo/workdir/expect_ok_constr/tf.signal.frame.yaml_workdir/Kill_script_record,
tf.signal.hamming_window,Kill,43,/local1/xdanning/docter/expr/tensorflow/TF7_c9ad9e2_eo/workdir/expect_ok_constr/tf.signal.hamming_window.yaml_workdir/Kill_script_record,
tf.signal.hann_window,Kill,49,/local1/xdanning/docter/expr/tensorflow/TF7_c9ad9e2_eo/workdir/expect_ok_constr/tf.signal.hann_window.yaml_workdir/Kill_script_record,
tf.nn.atrous_conv2d,Abort,19,/local1/xdanning/docter/expr/tensorflow/TF7_c9ad9e2_eo/workdir/expect_ok_constr/tf.nn.atrous_conv2d.yaml_workdir/Abort_script_record,tf71
tf.signal.stft,Kill,25,/local1/xdanning/docter/expr/tensorflow/TF7_c9ad9e2_eo/workdir/expect_ok_constr/tf.signal.stft.yaml_workdir/Kill_script_record,
tf.signal.stft,timeout,1,/local1/xdanning/docter/expr/tensorflow/TF7_c9ad9e2_eo/workdir/expect_ok_constr/tf.signal.stft.yaml_workdir/timeout_script_record,
tf.sparse.eye,Kill,204,/local1/xdanning/docter/expr/tensorflow/TF7_c9ad9e2_eo/workdir/expect_ok_constr/tf.sparse.eye.yaml_workdir/Kill_script_record,
tf.math.bincount,Abort,52,/local1/xdanning/docter/expr/tensorflow/TF7_c9ad9e2_eo/workdir/expect_ok_constr/tf.math.bincount.yaml_workdir/Abort_script_record,tf78
tf.strings.as_string,Kill,4,/local1/xdanning/docter/expr/tensorflow/TF7_c9ad9e2_eo/workdir/expect_ok_constr/tf.strings.as_string.yaml_workdir/Kill_script_record,
tf.strings.as_string,timeout,10,/local1/xdanning/docter/expr/tensorflow/TF7_c9ad9e2_eo/workdir/expect_ok_constr/tf.strings.as_string.yaml_workdir/timeout_script_record,
tf.scatter_nd,Abort,16,/local1/xdanning/docter/expr/tensorflow/TF7_c9ad9e2_eo/workdir/expect_ok_constr/tf.scatter_nd.yaml_workdir/Abort_script_record,tf80
tf.random.learned_unigram_candidate_sampler,Abort,14,/local1/xdanning/docter/expr/tensorflow/TF7_c9ad9e2_eo/workdir/expect_ok_constr/tf.random.learned_unigram_candidate_sampler.yaml_workdir/Abort_script_record,tf82
tf.broadcast_to,Abort,96,/local1/xdanning/docter/expr/tensorflow/TF7_c9ad9e2_eo/workdir/expect_ok_constr/tf.broadcast_to.yaml_workdir/Abort_script_record,tf84
tf.nn.separable_conv2d,Abort,1,/local1/xdanning/docter/expr/tensorflow/TF7_c9ad9e2_eo/workdir/expect_ok_constr/tf.nn.separable_conv2d.yaml_workdir/Abort_script_record,
tf.random.poisson,Abort,1,/local1/xdanning/docter/expr/tensorflow/TF7_c9ad9e2_eo/workdir/expect_ok_constr/tf.random.poisson.yaml_workdir/Abort_script_record,
tf.zeros,Kill,84,/local1/xdanning/docter/expr/tensorflow/TF7_c9ad9e2_eo/workdir/expect_ok_constr/tf.zeros.yaml_workdir/Kill_script_record,