class,Type,name,input,link,source_code
,function,torch.distributions.kl.kl_divergence,"p,q",https://pytorch.org/docs/stable/distributions.html#torch.distributions.kl.kl_divergence,https://pytorch.org/docs/stable/_modules/torch/distributions/kl.html#kl_divergence
,function,torch.distributions.kl.register_kl,"type_p,type_q",https://pytorch.org/docs/stable/distributions.html#torch.distributions.kl.register_kl,https://pytorch.org/docs/stable/_modules/torch/distributions/kl.html#register_kl
torch.distributions.distribution.Distribution,class,,"batch_shape=torch.Size([]),event_shape=torch.Size([]),validate_args=None",https://pytorch.org/docs/stable/distributions.html#torch.distributions.distribution.Distribution,https://pytorch.org/docs/stable/_modules/torch/distributions/distribution.html#Distribution
torch.distributions.distribution.Distribution,method,arg_constraints,,https://pytorch.org/docs/stable/distributions.html#torch.distributions.distribution.Distribution.arg_constraints,
torch.distributions.distribution.Distribution,method,batch_shape,,https://pytorch.org/docs/stable/distributions.html#torch.distributions.distribution.Distribution.batch_shape,
torch.distributions.distribution.Distribution,method,cdf,value,https://pytorch.org/docs/stable/distributions.html#torch.distributions.distribution.Distribution.cdf,https://pytorch.org/docs/stable/_modules/torch/distributions/distribution.html#Distribution.cdf
torch.distributions.distribution.Distribution,method,entropy,,https://pytorch.org/docs/stable/distributions.html#torch.distributions.distribution.Distribution.entropy,https://pytorch.org/docs/stable/_modules/torch/distributions/distribution.html#Distribution.entropy
torch.distributions.distribution.Distribution,method,enumerate_support,expand=True,https://pytorch.org/docs/stable/distributions.html#torch.distributions.distribution.Distribution.enumerate_support,https://pytorch.org/docs/stable/_modules/torch/distributions/distribution.html#Distribution.enumerate_support
torch.distributions.distribution.Distribution,method,event_shape,,https://pytorch.org/docs/stable/distributions.html#torch.distributions.distribution.Distribution.event_shape,
torch.distributions.distribution.Distribution,method,expand,"batch_shape,_instance=None",https://pytorch.org/docs/stable/distributions.html#torch.distributions.distribution.Distribution.expand,https://pytorch.org/docs/stable/_modules/torch/distributions/distribution.html#Distribution.expand
torch.distributions.distribution.Distribution,method,icdf,value,https://pytorch.org/docs/stable/distributions.html#torch.distributions.distribution.Distribution.icdf,https://pytorch.org/docs/stable/_modules/torch/distributions/distribution.html#Distribution.icdf
torch.distributions.distribution.Distribution,method,log_prob,value,https://pytorch.org/docs/stable/distributions.html#torch.distributions.distribution.Distribution.log_prob,https://pytorch.org/docs/stable/_modules/torch/distributions/distribution.html#Distribution.log_prob
torch.distributions.distribution.Distribution,method,mean,,https://pytorch.org/docs/stable/distributions.html#torch.distributions.distribution.Distribution.mean,
torch.distributions.distribution.Distribution,method,perplexity,,https://pytorch.org/docs/stable/distributions.html#torch.distributions.distribution.Distribution.perplexity,https://pytorch.org/docs/stable/_modules/torch/distributions/distribution.html#Distribution.perplexity
torch.distributions.distribution.Distribution,method,rsample,sample_shape=torch.Size([]),https://pytorch.org/docs/stable/distributions.html#torch.distributions.distribution.Distribution.rsample,https://pytorch.org/docs/stable/_modules/torch/distributions/distribution.html#Distribution.rsample
torch.distributions.distribution.Distribution,method,sample,sample_shape=torch.Size([]),https://pytorch.org/docs/stable/distributions.html#torch.distributions.distribution.Distribution.sample,https://pytorch.org/docs/stable/_modules/torch/distributions/distribution.html#Distribution.sample
torch.distributions.distribution.Distribution,method,sample_n,n,https://pytorch.org/docs/stable/distributions.html#torch.distributions.distribution.Distribution.sample_n,https://pytorch.org/docs/stable/_modules/torch/distributions/distribution.html#Distribution.sample_n
torch.distributions.distribution.Distribution,method,stddev,,https://pytorch.org/docs/stable/distributions.html#torch.distributions.distribution.Distribution.stddev,
torch.distributions.distribution.Distribution,method,support,,https://pytorch.org/docs/stable/distributions.html#torch.distributions.distribution.Distribution.support,
torch.distributions.distribution.Distribution,method,variance,,https://pytorch.org/docs/stable/distributions.html#torch.distributions.distribution.Distribution.variance,
torch.distributions.exp_family.ExponentialFamily,class,,"batch_shape=torch.Size([]),event_shape=torch.Size([]),validate_args=None",https://pytorch.org/docs/stable/distributions.html#torch.distributions.exp_family.ExponentialFamily,https://pytorch.org/docs/stable/_modules/torch/distributions/exp_family.html#ExponentialFamily
torch.distributions.exp_family.ExponentialFamily,method,entropy,,https://pytorch.org/docs/stable/distributions.html#torch.distributions.exp_family.ExponentialFamily.entropy,https://pytorch.org/docs/stable/_modules/torch/distributions/exp_family.html#ExponentialFamily.entropy
torch.distributions.bernoulli.Bernoulli,class,,"probs=None,logits=None,validate_args=None",https://pytorch.org/docs/stable/distributions.html#torch.distributions.bernoulli.Bernoulli,https://pytorch.org/docs/stable/_modules/torch/distributions/bernoulli.html#Bernoulli
torch.distributions.bernoulli.Bernoulli,attribute,arg_constraints,,https://pytorch.org/docs/stable/distributions.html#torch.distributions.bernoulli.Bernoulli.arg_constraints,
torch.distributions.bernoulli.Bernoulli,method,entropy,,https://pytorch.org/docs/stable/distributions.html#torch.distributions.bernoulli.Bernoulli.entropy,https://pytorch.org/docs/stable/_modules/torch/distributions/bernoulli.html#Bernoulli.entropy
torch.distributions.bernoulli.Bernoulli,method,enumerate_support,expand=True,https://pytorch.org/docs/stable/distributions.html#torch.distributions.bernoulli.Bernoulli.enumerate_support,https://pytorch.org/docs/stable/_modules/torch/distributions/bernoulli.html#Bernoulli.enumerate_support
torch.distributions.bernoulli.Bernoulli,method,expand,"batch_shape,_instance=None",https://pytorch.org/docs/stable/distributions.html#torch.distributions.bernoulli.Bernoulli.expand,https://pytorch.org/docs/stable/_modules/torch/distributions/bernoulli.html#Bernoulli.expand
torch.distributions.bernoulli.Bernoulli,attribute,has_enumerate_support,,https://pytorch.org/docs/stable/distributions.html#torch.distributions.bernoulli.Bernoulli.has_enumerate_support,
torch.distributions.bernoulli.Bernoulli,method,log_prob,value,https://pytorch.org/docs/stable/distributions.html#torch.distributions.bernoulli.Bernoulli.log_prob,https://pytorch.org/docs/stable/_modules/torch/distributions/bernoulli.html#Bernoulli.log_prob
torch.distributions.bernoulli.Bernoulli,attribute,logits,,https://pytorch.org/docs/stable/distributions.html#torch.distributions.bernoulli.Bernoulli.logits,https://pytorch.org/docs/stable/_modules/torch/distributions/bernoulli.html#Bernoulli.logits
torch.distributions.bernoulli.Bernoulli,method,mean,,https://pytorch.org/docs/stable/distributions.html#torch.distributions.bernoulli.Bernoulli.mean,
torch.distributions.bernoulli.Bernoulli,method,param_shape,,https://pytorch.org/docs/stable/distributions.html#torch.distributions.bernoulli.Bernoulli.param_shape,
torch.distributions.bernoulli.Bernoulli,attribute,probs,,https://pytorch.org/docs/stable/distributions.html#torch.distributions.bernoulli.Bernoulli.probs,https://pytorch.org/docs/stable/_modules/torch/distributions/bernoulli.html#Bernoulli.probs
torch.distributions.bernoulli.Bernoulli,method,sample,sample_shape=torch.Size([]),https://pytorch.org/docs/stable/distributions.html#torch.distributions.bernoulli.Bernoulli.sample,https://pytorch.org/docs/stable/_modules/torch/distributions/bernoulli.html#Bernoulli.sample
torch.distributions.bernoulli.Bernoulli,attribute,support,,https://pytorch.org/docs/stable/distributions.html#torch.distributions.bernoulli.Bernoulli.support,
torch.distributions.bernoulli.Bernoulli,method,variance,,https://pytorch.org/docs/stable/distributions.html#torch.distributions.bernoulli.Bernoulli.variance,
torch.distributions.beta.Beta,class,,"concentration1,concentration0,validate_args=None",https://pytorch.org/docs/stable/distributions.html#torch.distributions.beta.Beta,https://pytorch.org/docs/stable/_modules/torch/distributions/beta.html#Beta
torch.distributions.beta.Beta,attribute,arg_constraints,,https://pytorch.org/docs/stable/distributions.html#torch.distributions.beta.Beta.arg_constraints,
torch.distributions.beta.Beta,method,concentration0,,https://pytorch.org/docs/stable/distributions.html#torch.distributions.beta.Beta.concentration0,
torch.distributions.beta.Beta,method,concentration1,,https://pytorch.org/docs/stable/distributions.html#torch.distributions.beta.Beta.concentration1,
torch.distributions.beta.Beta,method,entropy,,https://pytorch.org/docs/stable/distributions.html#torch.distributions.beta.Beta.entropy,https://pytorch.org/docs/stable/_modules/torch/distributions/beta.html#Beta.entropy
torch.distributions.beta.Beta,method,expand,"batch_shape,_instance=None",https://pytorch.org/docs/stable/distributions.html#torch.distributions.beta.Beta.expand,https://pytorch.org/docs/stable/_modules/torch/distributions/beta.html#Beta.expand
torch.distributions.beta.Beta,attribute,has_rsample,,https://pytorch.org/docs/stable/distributions.html#torch.distributions.beta.Beta.has_rsample,
torch.distributions.beta.Beta,method,log_prob,value,https://pytorch.org/docs/stable/distributions.html#torch.distributions.beta.Beta.log_prob,https://pytorch.org/docs/stable/_modules/torch/distributions/beta.html#Beta.log_prob
torch.distributions.beta.Beta,method,mean,,https://pytorch.org/docs/stable/distributions.html#torch.distributions.beta.Beta.mean,
torch.distributions.beta.Beta,method,rsample,sample_shape=(),https://pytorch.org/docs/stable/distributions.html#torch.distributions.beta.Beta.rsample,https://pytorch.org/docs/stable/_modules/torch/distributions/beta.html#Beta.rsample
torch.distributions.beta.Beta,attribute,support,,https://pytorch.org/docs/stable/distributions.html#torch.distributions.beta.Beta.support,
torch.distributions.beta.Beta,method,variance,,https://pytorch.org/docs/stable/distributions.html#torch.distributions.beta.Beta.variance,
torch.distributions.binomial.Binomial,class,,"total_count=1,probs=None,logits=None,validate_args=None",https://pytorch.org/docs/stable/distributions.html#torch.distributions.binomial.Binomial,https://pytorch.org/docs/stable/_modules/torch/distributions/binomial.html#Binomial
torch.distributions.binomial.Binomial,attribute,arg_constraints,,https://pytorch.org/docs/stable/distributions.html#torch.distributions.binomial.Binomial.arg_constraints,
torch.distributions.binomial.Binomial,method,enumerate_support,expand=True,https://pytorch.org/docs/stable/distributions.html#torch.distributions.binomial.Binomial.enumerate_support,https://pytorch.org/docs/stable/_modules/torch/distributions/binomial.html#Binomial.enumerate_support
torch.distributions.binomial.Binomial,method,expand,"batch_shape,_instance=None",https://pytorch.org/docs/stable/distributions.html#torch.distributions.binomial.Binomial.expand,https://pytorch.org/docs/stable/_modules/torch/distributions/binomial.html#Binomial.expand
torch.distributions.binomial.Binomial,attribute,has_enumerate_support,,https://pytorch.org/docs/stable/distributions.html#torch.distributions.binomial.Binomial.has_enumerate_support,
torch.distributions.binomial.Binomial,method,log_prob,value,https://pytorch.org/docs/stable/distributions.html#torch.distributions.binomial.Binomial.log_prob,https://pytorch.org/docs/stable/_modules/torch/distributions/binomial.html#Binomial.log_prob
torch.distributions.binomial.Binomial,attribute,logits,,https://pytorch.org/docs/stable/distributions.html#torch.distributions.binomial.Binomial.logits,https://pytorch.org/docs/stable/_modules/torch/distributions/binomial.html#Binomial.logits
torch.distributions.binomial.Binomial,method,mean,,https://pytorch.org/docs/stable/distributions.html#torch.distributions.binomial.Binomial.mean,
torch.distributions.binomial.Binomial,method,param_shape,,https://pytorch.org/docs/stable/distributions.html#torch.distributions.binomial.Binomial.param_shape,
torch.distributions.binomial.Binomial,attribute,probs,,https://pytorch.org/docs/stable/distributions.html#torch.distributions.binomial.Binomial.probs,https://pytorch.org/docs/stable/_modules/torch/distributions/binomial.html#Binomial.probs
torch.distributions.binomial.Binomial,method,sample,sample_shape=torch.Size([]),https://pytorch.org/docs/stable/distributions.html#torch.distributions.binomial.Binomial.sample,https://pytorch.org/docs/stable/_modules/torch/distributions/binomial.html#Binomial.sample
torch.distributions.binomial.Binomial,method,support,,https://pytorch.org/docs/stable/distributions.html#torch.distributions.binomial.Binomial.support,
torch.distributions.binomial.Binomial,method,variance,,https://pytorch.org/docs/stable/distributions.html#torch.distributions.binomial.Binomial.variance,
torch.distributions.categorical.Categorical,class,,"probs=None,logits=None,validate_args=None",https://pytorch.org/docs/stable/distributions.html#torch.distributions.categorical.Categorical,https://pytorch.org/docs/stable/_modules/torch/distributions/categorical.html#Categorical
torch.distributions.categorical.Categorical,attribute,arg_constraints,,https://pytorch.org/docs/stable/distributions.html#torch.distributions.categorical.Categorical.arg_constraints,
torch.distributions.categorical.Categorical,method,entropy,,https://pytorch.org/docs/stable/distributions.html#torch.distributions.categorical.Categorical.entropy,https://pytorch.org/docs/stable/_modules/torch/distributions/categorical.html#Categorical.entropy
torch.distributions.categorical.Categorical,method,enumerate_support,expand=True,https://pytorch.org/docs/stable/distributions.html#torch.distributions.categorical.Categorical.enumerate_support,https://pytorch.org/docs/stable/_modules/torch/distributions/categorical.html#Categorical.enumerate_support
torch.distributions.categorical.Categorical,method,expand,"batch_shape,_instance=None",https://pytorch.org/docs/stable/distributions.html#torch.distributions.categorical.Categorical.expand,https://pytorch.org/docs/stable/_modules/torch/distributions/categorical.html#Categorical.expand
torch.distributions.categorical.Categorical,attribute,has_enumerate_support,,https://pytorch.org/docs/stable/distributions.html#torch.distributions.categorical.Categorical.has_enumerate_support,
torch.distributions.categorical.Categorical,method,log_prob,value,https://pytorch.org/docs/stable/distributions.html#torch.distributions.categorical.Categorical.log_prob,https://pytorch.org/docs/stable/_modules/torch/distributions/categorical.html#Categorical.log_prob
torch.distributions.categorical.Categorical,attribute,logits,,https://pytorch.org/docs/stable/distributions.html#torch.distributions.categorical.Categorical.logits,https://pytorch.org/docs/stable/_modules/torch/distributions/categorical.html#Categorical.logits
torch.distributions.categorical.Categorical,method,mean,,https://pytorch.org/docs/stable/distributions.html#torch.distributions.categorical.Categorical.mean,
torch.distributions.categorical.Categorical,method,param_shape,,https://pytorch.org/docs/stable/distributions.html#torch.distributions.categorical.Categorical.param_shape,
torch.distributions.categorical.Categorical,attribute,probs,,https://pytorch.org/docs/stable/distributions.html#torch.distributions.categorical.Categorical.probs,https://pytorch.org/docs/stable/_modules/torch/distributions/categorical.html#Categorical.probs
torch.distributions.categorical.Categorical,method,sample,sample_shape=torch.Size([]),https://pytorch.org/docs/stable/distributions.html#torch.distributions.categorical.Categorical.sample,https://pytorch.org/docs/stable/_modules/torch/distributions/categorical.html#Categorical.sample
torch.distributions.categorical.Categorical,method,support,,https://pytorch.org/docs/stable/distributions.html#torch.distributions.categorical.Categorical.support,
torch.distributions.categorical.Categorical,method,variance,,https://pytorch.org/docs/stable/distributions.html#torch.distributions.categorical.Categorical.variance,
torch.distributions.cauchy.Cauchy,class,,"loc,scale,validate_args=None",https://pytorch.org/docs/stable/distributions.html#torch.distributions.cauchy.Cauchy,https://pytorch.org/docs/stable/_modules/torch/distributions/cauchy.html#Cauchy
torch.distributions.cauchy.Cauchy,attribute,arg_constraints,,https://pytorch.org/docs/stable/distributions.html#torch.distributions.cauchy.Cauchy.arg_constraints,
torch.distributions.cauchy.Cauchy,method,cdf,value,https://pytorch.org/docs/stable/distributions.html#torch.distributions.cauchy.Cauchy.cdf,https://pytorch.org/docs/stable/_modules/torch/distributions/cauchy.html#Cauchy.cdf
torch.distributions.cauchy.Cauchy,method,entropy,,https://pytorch.org/docs/stable/distributions.html#torch.distributions.cauchy.Cauchy.entropy,https://pytorch.org/docs/stable/_modules/torch/distributions/cauchy.html#Cauchy.entropy
torch.distributions.cauchy.Cauchy,method,expand,"batch_shape,_instance=None",https://pytorch.org/docs/stable/distributions.html#torch.distributions.cauchy.Cauchy.expand,https://pytorch.org/docs/stable/_modules/torch/distributions/cauchy.html#Cauchy.expand
torch.distributions.cauchy.Cauchy,attribute,has_rsample,,https://pytorch.org/docs/stable/distributions.html#torch.distributions.cauchy.Cauchy.has_rsample,
torch.distributions.cauchy.Cauchy,method,icdf,value,https://pytorch.org/docs/stable/distributions.html#torch.distributions.cauchy.Cauchy.icdf,https://pytorch.org/docs/stable/_modules/torch/distributions/cauchy.html#Cauchy.icdf
torch.distributions.cauchy.Cauchy,method,log_prob,value,https://pytorch.org/docs/stable/distributions.html#torch.distributions.cauchy.Cauchy.log_prob,https://pytorch.org/docs/stable/_modules/torch/distributions/cauchy.html#Cauchy.log_prob
torch.distributions.cauchy.Cauchy,method,mean,,https://pytorch.org/docs/stable/distributions.html#torch.distributions.cauchy.Cauchy.mean,
torch.distributions.cauchy.Cauchy,method,rsample,sample_shape=torch.Size([]),https://pytorch.org/docs/stable/distributions.html#torch.distributions.cauchy.Cauchy.rsample,https://pytorch.org/docs/stable/_modules/torch/distributions/cauchy.html#Cauchy.rsample
torch.distributions.cauchy.Cauchy,attribute,support,,https://pytorch.org/docs/stable/distributions.html#torch.distributions.cauchy.Cauchy.support,
torch.distributions.cauchy.Cauchy,method,variance,,https://pytorch.org/docs/stable/distributions.html#torch.distributions.cauchy.Cauchy.variance,
torch.distributions.chi2.Chi2,class,,"df,validate_args=None",https://pytorch.org/docs/stable/distributions.html#torch.distributions.chi2.Chi2,https://pytorch.org/docs/stable/_modules/torch/distributions/chi2.html#Chi2
torch.distributions.chi2.Chi2,attribute,arg_constraints,,https://pytorch.org/docs/stable/distributions.html#torch.distributions.chi2.Chi2.arg_constraints,
torch.distributions.chi2.Chi2,method,df,,https://pytorch.org/docs/stable/distributions.html#torch.distributions.chi2.Chi2.df,
torch.distributions.chi2.Chi2,method,expand,"batch_shape,_instance=None",https://pytorch.org/docs/stable/distributions.html#torch.distributions.chi2.Chi2.expand,https://pytorch.org/docs/stable/_modules/torch/distributions/chi2.html#Chi2.expand
torch.distributions.dirichlet.Dirichlet,class,,"concentration,validate_args=None",https://pytorch.org/docs/stable/distributions.html#torch.distributions.dirichlet.Dirichlet,https://pytorch.org/docs/stable/_modules/torch/distributions/dirichlet.html#Dirichlet
torch.distributions.dirichlet.Dirichlet,attribute,arg_constraints,,https://pytorch.org/docs/stable/distributions.html#torch.distributions.dirichlet.Dirichlet.arg_constraints,
torch.distributions.dirichlet.Dirichlet,method,entropy,,https://pytorch.org/docs/stable/distributions.html#torch.distributions.dirichlet.Dirichlet.entropy,https://pytorch.org/docs/stable/_modules/torch/distributions/dirichlet.html#Dirichlet.entropy
torch.distributions.dirichlet.Dirichlet,method,expand,"batch_shape,_instance=None",https://pytorch.org/docs/stable/distributions.html#torch.distributions.dirichlet.Dirichlet.expand,https://pytorch.org/docs/stable/_modules/torch/distributions/dirichlet.html#Dirichlet.expand
torch.distributions.dirichlet.Dirichlet,attribute,has_rsample,,https://pytorch.org/docs/stable/distributions.html#torch.distributions.dirichlet.Dirichlet.has_rsample,
torch.distributions.dirichlet.Dirichlet,method,log_prob,value,https://pytorch.org/docs/stable/distributions.html#torch.distributions.dirichlet.Dirichlet.log_prob,https://pytorch.org/docs/stable/_modules/torch/distributions/dirichlet.html#Dirichlet.log_prob
torch.distributions.dirichlet.Dirichlet,method,mean,,https://pytorch.org/docs/stable/distributions.html#torch.distributions.dirichlet.Dirichlet.mean,
torch.distributions.dirichlet.Dirichlet,method,rsample,sample_shape=(),https://pytorch.org/docs/stable/distributions.html#torch.distributions.dirichlet.Dirichlet.rsample,https://pytorch.org/docs/stable/_modules/torch/distributions/dirichlet.html#Dirichlet.rsample
torch.distributions.dirichlet.Dirichlet,attribute,support,,https://pytorch.org/docs/stable/distributions.html#torch.distributions.dirichlet.Dirichlet.support,
torch.distributions.dirichlet.Dirichlet,method,variance,,https://pytorch.org/docs/stable/distributions.html#torch.distributions.dirichlet.Dirichlet.variance,
torch.distributions.exponential.Exponential,class,,"rate,validate_args=None",https://pytorch.org/docs/stable/distributions.html#torch.distributions.exponential.Exponential,https://pytorch.org/docs/stable/_modules/torch/distributions/exponential.html#Exponential
torch.distributions.exponential.Exponential,attribute,arg_constraints,,https://pytorch.org/docs/stable/distributions.html#torch.distributions.exponential.Exponential.arg_constraints,
torch.distributions.exponential.Exponential,method,cdf,value,https://pytorch.org/docs/stable/distributions.html#torch.distributions.exponential.Exponential.cdf,https://pytorch.org/docs/stable/_modules/torch/distributions/exponential.html#Exponential.cdf
torch.distributions.exponential.Exponential,method,entropy,,https://pytorch.org/docs/stable/distributions.html#torch.distributions.exponential.Exponential.entropy,https://pytorch.org/docs/stable/_modules/torch/distributions/exponential.html#Exponential.entropy
torch.distributions.exponential.Exponential,method,expand,"batch_shape,_instance=None",https://pytorch.org/docs/stable/distributions.html#torch.distributions.exponential.Exponential.expand,https://pytorch.org/docs/stable/_modules/torch/distributions/exponential.html#Exponential.expand
torch.distributions.exponential.Exponential,attribute,has_rsample,,https://pytorch.org/docs/stable/distributions.html#torch.distributions.exponential.Exponential.has_rsample,
torch.distributions.exponential.Exponential,method,icdf,value,https://pytorch.org/docs/stable/distributions.html#torch.distributions.exponential.Exponential.icdf,https://pytorch.org/docs/stable/_modules/torch/distributions/exponential.html#Exponential.icdf
torch.distributions.exponential.Exponential,method,log_prob,value,https://pytorch.org/docs/stable/distributions.html#torch.distributions.exponential.Exponential.log_prob,https://pytorch.org/docs/stable/_modules/torch/distributions/exponential.html#Exponential.log_prob
torch.distributions.exponential.Exponential,method,mean,,https://pytorch.org/docs/stable/distributions.html#torch.distributions.exponential.Exponential.mean,
torch.distributions.exponential.Exponential,method,rsample,sample_shape=torch.Size([]),https://pytorch.org/docs/stable/distributions.html#torch.distributions.exponential.Exponential.rsample,https://pytorch.org/docs/stable/_modules/torch/distributions/exponential.html#Exponential.rsample
torch.distributions.exponential.Exponential,method,stddev,,https://pytorch.org/docs/stable/distributions.html#torch.distributions.exponential.Exponential.stddev,
torch.distributions.exponential.Exponential,attribute,support,,https://pytorch.org/docs/stable/distributions.html#torch.distributions.exponential.Exponential.support,
torch.distributions.exponential.Exponential,method,variance,,https://pytorch.org/docs/stable/distributions.html#torch.distributions.exponential.Exponential.variance,
torch.distributions.fishersnedecor.FisherSnedecor,class,,"df1,df2,validate_args=None",https://pytorch.org/docs/stable/distributions.html#torch.distributions.fishersnedecor.FisherSnedecor,https://pytorch.org/docs/stable/_modules/torch/distributions/fishersnedecor.html#FisherSnedecor
torch.distributions.fishersnedecor.FisherSnedecor,attribute,arg_constraints,,https://pytorch.org/docs/stable/distributions.html#torch.distributions.fishersnedecor.FisherSnedecor.arg_constraints,
torch.distributions.fishersnedecor.FisherSnedecor,method,expand,"batch_shape,_instance=None",https://pytorch.org/docs/stable/distributions.html#torch.distributions.fishersnedecor.FisherSnedecor.expand,https://pytorch.org/docs/stable/_modules/torch/distributions/fishersnedecor.html#FisherSnedecor.expand
torch.distributions.fishersnedecor.FisherSnedecor,attribute,has_rsample,,https://pytorch.org/docs/stable/distributions.html#torch.distributions.fishersnedecor.FisherSnedecor.has_rsample,
torch.distributions.fishersnedecor.FisherSnedecor,method,log_prob,value,https://pytorch.org/docs/stable/distributions.html#torch.distributions.fishersnedecor.FisherSnedecor.log_prob,https://pytorch.org/docs/stable/_modules/torch/distributions/fishersnedecor.html#FisherSnedecor.log_prob
torch.distributions.fishersnedecor.FisherSnedecor,method,mean,,https://pytorch.org/docs/stable/distributions.html#torch.distributions.fishersnedecor.FisherSnedecor.mean,
torch.distributions.fishersnedecor.FisherSnedecor,method,rsample,sample_shape=torch.Size([]),https://pytorch.org/docs/stable/distributions.html#torch.distributions.fishersnedecor.FisherSnedecor.rsample,https://pytorch.org/docs/stable/_modules/torch/distributions/fishersnedecor.html#FisherSnedecor.rsample
torch.distributions.fishersnedecor.FisherSnedecor,attribute,support,,https://pytorch.org/docs/stable/distributions.html#torch.distributions.fishersnedecor.FisherSnedecor.support,
torch.distributions.fishersnedecor.FisherSnedecor,method,variance,,https://pytorch.org/docs/stable/distributions.html#torch.distributions.fishersnedecor.FisherSnedecor.variance,
torch.distributions.gamma.Gamma,class,,"concentration,rate,validate_args=None",https://pytorch.org/docs/stable/distributions.html#torch.distributions.gamma.Gamma,https://pytorch.org/docs/stable/_modules/torch/distributions/gamma.html#Gamma
torch.distributions.gamma.Gamma,attribute,arg_constraints,,https://pytorch.org/docs/stable/distributions.html#torch.distributions.gamma.Gamma.arg_constraints,
torch.distributions.gamma.Gamma,method,entropy,,https://pytorch.org/docs/stable/distributions.html#torch.distributions.gamma.Gamma.entropy,https://pytorch.org/docs/stable/_modules/torch/distributions/gamma.html#Gamma.entropy
torch.distributions.gamma.Gamma,method,expand,"batch_shape,_instance=None",https://pytorch.org/docs/stable/distributions.html#torch.distributions.gamma.Gamma.expand,https://pytorch.org/docs/stable/_modules/torch/distributions/gamma.html#Gamma.expand
torch.distributions.gamma.Gamma,attribute,has_rsample,,https://pytorch.org/docs/stable/distributions.html#torch.distributions.gamma.Gamma.has_rsample,
torch.distributions.gamma.Gamma,method,log_prob,value,https://pytorch.org/docs/stable/distributions.html#torch.distributions.gamma.Gamma.log_prob,https://pytorch.org/docs/stable/_modules/torch/distributions/gamma.html#Gamma.log_prob
torch.distributions.gamma.Gamma,method,mean,,https://pytorch.org/docs/stable/distributions.html#torch.distributions.gamma.Gamma.mean,
torch.distributions.gamma.Gamma,method,rsample,sample_shape=torch.Size([]),https://pytorch.org/docs/stable/distributions.html#torch.distributions.gamma.Gamma.rsample,https://pytorch.org/docs/stable/_modules/torch/distributions/gamma.html#Gamma.rsample
torch.distributions.gamma.Gamma,attribute,support,,https://pytorch.org/docs/stable/distributions.html#torch.distributions.gamma.Gamma.support,
torch.distributions.gamma.Gamma,method,variance,,https://pytorch.org/docs/stable/distributions.html#torch.distributions.gamma.Gamma.variance,
torch.distributions.geometric.Geometric,class,,"probs=None,logits=None,validate_args=None",https://pytorch.org/docs/stable/distributions.html#torch.distributions.geometric.Geometric,https://pytorch.org/docs/stable/_modules/torch/distributions/geometric.html#Geometric
torch.distributions.geometric.Geometric,attribute,arg_constraints,,https://pytorch.org/docs/stable/distributions.html#torch.distributions.geometric.Geometric.arg_constraints,
torch.distributions.geometric.Geometric,method,entropy,,https://pytorch.org/docs/stable/distributions.html#torch.distributions.geometric.Geometric.entropy,https://pytorch.org/docs/stable/_modules/torch/distributions/geometric.html#Geometric.entropy
torch.distributions.geometric.Geometric,method,expand,"batch_shape,_instance=None",https://pytorch.org/docs/stable/distributions.html#torch.distributions.geometric.Geometric.expand,https://pytorch.org/docs/stable/_modules/torch/distributions/geometric.html#Geometric.expand
torch.distributions.geometric.Geometric,method,log_prob,value,https://pytorch.org/docs/stable/distributions.html#torch.distributions.geometric.Geometric.log_prob,https://pytorch.org/docs/stable/_modules/torch/distributions/geometric.html#Geometric.log_prob
torch.distributions.geometric.Geometric,attribute,logits,,https://pytorch.org/docs/stable/distributions.html#torch.distributions.geometric.Geometric.logits,https://pytorch.org/docs/stable/_modules/torch/distributions/geometric.html#Geometric.logits
torch.distributions.geometric.Geometric,method,mean,,https://pytorch.org/docs/stable/distributions.html#torch.distributions.geometric.Geometric.mean,
torch.distributions.geometric.Geometric,attribute,probs,,https://pytorch.org/docs/stable/distributions.html#torch.distributions.geometric.Geometric.probs,https://pytorch.org/docs/stable/_modules/torch/distributions/geometric.html#Geometric.probs
torch.distributions.geometric.Geometric,method,sample,sample_shape=torch.Size([]),https://pytorch.org/docs/stable/distributions.html#torch.distributions.geometric.Geometric.sample,https://pytorch.org/docs/stable/_modules/torch/distributions/geometric.html#Geometric.sample
torch.distributions.geometric.Geometric,attribute,support,,https://pytorch.org/docs/stable/distributions.html#torch.distributions.geometric.Geometric.support,
torch.distributions.geometric.Geometric,method,variance,,https://pytorch.org/docs/stable/distributions.html#torch.distributions.geometric.Geometric.variance,
torch.distributions.gumbel.Gumbel,class,,"loc,scale,validate_args=None",https://pytorch.org/docs/stable/distributions.html#torch.distributions.gumbel.Gumbel,https://pytorch.org/docs/stable/_modules/torch/distributions/gumbel.html#Gumbel
torch.distributions.gumbel.Gumbel,attribute,arg_constraints,,https://pytorch.org/docs/stable/distributions.html#torch.distributions.gumbel.Gumbel.arg_constraints,
torch.distributions.gumbel.Gumbel,method,entropy,,https://pytorch.org/docs/stable/distributions.html#torch.distributions.gumbel.Gumbel.entropy,https://pytorch.org/docs/stable/_modules/torch/distributions/gumbel.html#Gumbel.entropy
torch.distributions.gumbel.Gumbel,method,expand,"batch_shape,_instance=None",https://pytorch.org/docs/stable/distributions.html#torch.distributions.gumbel.Gumbel.expand,https://pytorch.org/docs/stable/_modules/torch/distributions/gumbel.html#Gumbel.expand
torch.distributions.gumbel.Gumbel,method,log_prob,value,https://pytorch.org/docs/stable/distributions.html#torch.distributions.gumbel.Gumbel.log_prob,https://pytorch.org/docs/stable/_modules/torch/distributions/gumbel.html#Gumbel.log_prob
torch.distributions.gumbel.Gumbel,method,mean,,https://pytorch.org/docs/stable/distributions.html#torch.distributions.gumbel.Gumbel.mean,
torch.distributions.gumbel.Gumbel,method,stddev,,https://pytorch.org/docs/stable/distributions.html#torch.distributions.gumbel.Gumbel.stddev,
torch.distributions.gumbel.Gumbel,attribute,support,,https://pytorch.org/docs/stable/distributions.html#torch.distributions.gumbel.Gumbel.support,
torch.distributions.gumbel.Gumbel,method,variance,,https://pytorch.org/docs/stable/distributions.html#torch.distributions.gumbel.Gumbel.variance,
torch.distributions.half_cauchy.HalfCauchy,class,,"scale,validate_args=None",https://pytorch.org/docs/stable/distributions.html#torch.distributions.half_cauchy.HalfCauchy,https://pytorch.org/docs/stable/_modules/torch/distributions/half_cauchy.html#HalfCauchy
torch.distributions.half_cauchy.HalfCauchy,attribute,arg_constraints,,https://pytorch.org/docs/stable/distributions.html#torch.distributions.half_cauchy.HalfCauchy.arg_constraints,
torch.distributions.half_cauchy.HalfCauchy,method,cdf,value,https://pytorch.org/docs/stable/distributions.html#torch.distributions.half_cauchy.HalfCauchy.cdf,https://pytorch.org/docs/stable/_modules/torch/distributions/half_cauchy.html#HalfCauchy.cdf
torch.distributions.half_cauchy.HalfCauchy,method,entropy,,https://pytorch.org/docs/stable/distributions.html#torch.distributions.half_cauchy.HalfCauchy.entropy,https://pytorch.org/docs/stable/_modules/torch/distributions/half_cauchy.html#HalfCauchy.entropy
torch.distributions.half_cauchy.HalfCauchy,method,expand,"batch_shape,_instance=None",https://pytorch.org/docs/stable/distributions.html#torch.distributions.half_cauchy.HalfCauchy.expand,https://pytorch.org/docs/stable/_modules/torch/distributions/half_cauchy.html#HalfCauchy.expand
torch.distributions.half_cauchy.HalfCauchy,attribute,has_rsample,,https://pytorch.org/docs/stable/distributions.html#torch.distributions.half_cauchy.HalfCauchy.has_rsample,
torch.distributions.half_cauchy.HalfCauchy,method,icdf,prob,https://pytorch.org/docs/stable/distributions.html#torch.distributions.half_cauchy.HalfCauchy.icdf,https://pytorch.org/docs/stable/_modules/torch/distributions/half_cauchy.html#HalfCauchy.icdf
torch.distributions.half_cauchy.HalfCauchy,method,log_prob,value,https://pytorch.org/docs/stable/distributions.html#torch.distributions.half_cauchy.HalfCauchy.log_prob,https://pytorch.org/docs/stable/_modules/torch/distributions/half_cauchy.html#HalfCauchy.log_prob
torch.distributions.half_cauchy.HalfCauchy,method,mean,,https://pytorch.org/docs/stable/distributions.html#torch.distributions.half_cauchy.HalfCauchy.mean,
torch.distributions.half_cauchy.HalfCauchy,method,scale,,https://pytorch.org/docs/stable/distributions.html#torch.distributions.half_cauchy.HalfCauchy.scale,
torch.distributions.half_cauchy.HalfCauchy,attribute,support,,https://pytorch.org/docs/stable/distributions.html#torch.distributions.half_cauchy.HalfCauchy.support,
torch.distributions.half_cauchy.HalfCauchy,method,variance,,https://pytorch.org/docs/stable/distributions.html#torch.distributions.half_cauchy.HalfCauchy.variance,
torch.distributions.half_normal.HalfNormal,class,,"scale,validate_args=None",https://pytorch.org/docs/stable/distributions.html#torch.distributions.half_normal.HalfNormal,https://pytorch.org/docs/stable/_modules/torch/distributions/half_normal.html#HalfNormal
torch.distributions.half_normal.HalfNormal,attribute,arg_constraints,,https://pytorch.org/docs/stable/distributions.html#torch.distributions.half_normal.HalfNormal.arg_constraints,
torch.distributions.half_normal.HalfNormal,method,cdf,value,https://pytorch.org/docs/stable/distributions.html#torch.distributions.half_normal.HalfNormal.cdf,https://pytorch.org/docs/stable/_modules/torch/distributions/half_normal.html#HalfNormal.cdf
torch.distributions.half_normal.HalfNormal,method,entropy,,https://pytorch.org/docs/stable/distributions.html#torch.distributions.half_normal.HalfNormal.entropy,https://pytorch.org/docs/stable/_modules/torch/distributions/half_normal.html#HalfNormal.entropy
torch.distributions.half_normal.HalfNormal,method,expand,"batch_shape,_instance=None",https://pytorch.org/docs/stable/distributions.html#torch.distributions.half_normal.HalfNormal.expand,https://pytorch.org/docs/stable/_modules/torch/distributions/half_normal.html#HalfNormal.expand
torch.distributions.half_normal.HalfNormal,attribute,has_rsample,,https://pytorch.org/docs/stable/distributions.html#torch.distributions.half_normal.HalfNormal.has_rsample,
torch.distributions.half_normal.HalfNormal,method,icdf,prob,https://pytorch.org/docs/stable/distributions.html#torch.distributions.half_normal.HalfNormal.icdf,https://pytorch.org/docs/stable/_modules/torch/distributions/half_normal.html#HalfNormal.icdf
torch.distributions.half_normal.HalfNormal,method,log_prob,value,https://pytorch.org/docs/stable/distributions.html#torch.distributions.half_normal.HalfNormal.log_prob,https://pytorch.org/docs/stable/_modules/torch/distributions/half_normal.html#HalfNormal.log_prob
torch.distributions.half_normal.HalfNormal,method,mean,,https://pytorch.org/docs/stable/distributions.html#torch.distributions.half_normal.HalfNormal.mean,
torch.distributions.half_normal.HalfNormal,method,scale,,https://pytorch.org/docs/stable/distributions.html#torch.distributions.half_normal.HalfNormal.scale,
torch.distributions.half_normal.HalfNormal,attribute,support,,https://pytorch.org/docs/stable/distributions.html#torch.distributions.half_normal.HalfNormal.support,
torch.distributions.half_normal.HalfNormal,method,variance,,https://pytorch.org/docs/stable/distributions.html#torch.distributions.half_normal.HalfNormal.variance,
torch.distributions.independent.Independent,class,,"base_distribution,reinterpreted_batch_ndims,validate_args=None",https://pytorch.org/docs/stable/distributions.html#torch.distributions.independent.Independent,https://pytorch.org/docs/stable/_modules/torch/distributions/independent.html#Independent
torch.distributions.independent.Independent,attribute,arg_constraints,,https://pytorch.org/docs/stable/distributions.html#torch.distributions.independent.Independent.arg_constraints,
torch.distributions.independent.Independent,method,entropy,,https://pytorch.org/docs/stable/distributions.html#torch.distributions.independent.Independent.entropy,https://pytorch.org/docs/stable/_modules/torch/distributions/independent.html#Independent.entropy
torch.distributions.independent.Independent,method,enumerate_support,expand=True,https://pytorch.org/docs/stable/distributions.html#torch.distributions.independent.Independent.enumerate_support,https://pytorch.org/docs/stable/_modules/torch/distributions/independent.html#Independent.enumerate_support
torch.distributions.independent.Independent,method,expand,"batch_shape,_instance=None",https://pytorch.org/docs/stable/distributions.html#torch.distributions.independent.Independent.expand,https://pytorch.org/docs/stable/_modules/torch/distributions/independent.html#Independent.expand
torch.distributions.independent.Independent,method,has_enumerate_support,,https://pytorch.org/docs/stable/distributions.html#torch.distributions.independent.Independent.has_enumerate_support,
torch.distributions.independent.Independent,method,has_rsample,,https://pytorch.org/docs/stable/distributions.html#torch.distributions.independent.Independent.has_rsample,
torch.distributions.independent.Independent,method,log_prob,value,https://pytorch.org/docs/stable/distributions.html#torch.distributions.independent.Independent.log_prob,https://pytorch.org/docs/stable/_modules/torch/distributions/independent.html#Independent.log_prob
torch.distributions.independent.Independent,method,mean,,https://pytorch.org/docs/stable/distributions.html#torch.distributions.independent.Independent.mean,
torch.distributions.independent.Independent,method,rsample,sample_shape=torch.Size([]),https://pytorch.org/docs/stable/distributions.html#torch.distributions.independent.Independent.rsample,https://pytorch.org/docs/stable/_modules/torch/distributions/independent.html#Independent.rsample
torch.distributions.independent.Independent,method,sample,sample_shape=torch.Size([]),https://pytorch.org/docs/stable/distributions.html#torch.distributions.independent.Independent.sample,https://pytorch.org/docs/stable/_modules/torch/distributions/independent.html#Independent.sample
torch.distributions.independent.Independent,method,support,,https://pytorch.org/docs/stable/distributions.html#torch.distributions.independent.Independent.support,
torch.distributions.independent.Independent,method,variance,,https://pytorch.org/docs/stable/distributions.html#torch.distributions.independent.Independent.variance,
torch.distributions.laplace.Laplace,class,,"loc,scale,validate_args=None",https://pytorch.org/docs/stable/distributions.html#torch.distributions.laplace.Laplace,https://pytorch.org/docs/stable/_modules/torch/distributions/laplace.html#Laplace
torch.distributions.laplace.Laplace,attribute,arg_constraints,,https://pytorch.org/docs/stable/distributions.html#torch.distributions.laplace.Laplace.arg_constraints,
torch.distributions.laplace.Laplace,method,cdf,value,https://pytorch.org/docs/stable/distributions.html#torch.distributions.laplace.Laplace.cdf,https://pytorch.org/docs/stable/_modules/torch/distributions/laplace.html#Laplace.cdf
torch.distributions.laplace.Laplace,method,entropy,,https://pytorch.org/docs/stable/distributions.html#torch.distributions.laplace.Laplace.entropy,https://pytorch.org/docs/stable/_modules/torch/distributions/laplace.html#Laplace.entropy
torch.distributions.laplace.Laplace,method,expand,"batch_shape,_instance=None",https://pytorch.org/docs/stable/distributions.html#torch.distributions.laplace.Laplace.expand,https://pytorch.org/docs/stable/_modules/torch/distributions/laplace.html#Laplace.expand
torch.distributions.laplace.Laplace,attribute,has_rsample,,https://pytorch.org/docs/stable/distributions.html#torch.distributions.laplace.Laplace.has_rsample,
torch.distributions.laplace.Laplace,method,icdf,value,https://pytorch.org/docs/stable/distributions.html#torch.distributions.laplace.Laplace.icdf,https://pytorch.org/docs/stable/_modules/torch/distributions/laplace.html#Laplace.icdf
torch.distributions.laplace.Laplace,method,log_prob,value,https://pytorch.org/docs/stable/distributions.html#torch.distributions.laplace.Laplace.log_prob,https://pytorch.org/docs/stable/_modules/torch/distributions/laplace.html#Laplace.log_prob
torch.distributions.laplace.Laplace,method,mean,,https://pytorch.org/docs/stable/distributions.html#torch.distributions.laplace.Laplace.mean,
torch.distributions.laplace.Laplace,method,rsample,sample_shape=torch.Size([]),https://pytorch.org/docs/stable/distributions.html#torch.distributions.laplace.Laplace.rsample,https://pytorch.org/docs/stable/_modules/torch/distributions/laplace.html#Laplace.rsample
torch.distributions.laplace.Laplace,method,stddev,,https://pytorch.org/docs/stable/distributions.html#torch.distributions.laplace.Laplace.stddev,
torch.distributions.laplace.Laplace,attribute,support,,https://pytorch.org/docs/stable/distributions.html#torch.distributions.laplace.Laplace.support,
torch.distributions.laplace.Laplace,method,variance,,https://pytorch.org/docs/stable/distributions.html#torch.distributions.laplace.Laplace.variance,
torch.distributions.log_normal.LogNormal,class,,"loc,scale,validate_args=None",https://pytorch.org/docs/stable/distributions.html#torch.distributions.log_normal.LogNormal,https://pytorch.org/docs/stable/_modules/torch/distributions/log_normal.html#LogNormal
torch.distributions.log_normal.LogNormal,attribute,arg_constraints,,https://pytorch.org/docs/stable/distributions.html#torch.distributions.log_normal.LogNormal.arg_constraints,
torch.distributions.log_normal.LogNormal,method,entropy,,https://pytorch.org/docs/stable/distributions.html#torch.distributions.log_normal.LogNormal.entropy,https://pytorch.org/docs/stable/_modules/torch/distributions/log_normal.html#LogNormal.entropy
torch.distributions.log_normal.LogNormal,method,expand,"batch_shape,_instance=None",https://pytorch.org/docs/stable/distributions.html#torch.distributions.log_normal.LogNormal.expand,https://pytorch.org/docs/stable/_modules/torch/distributions/log_normal.html#LogNormal.expand
torch.distributions.log_normal.LogNormal,attribute,has_rsample,,https://pytorch.org/docs/stable/distributions.html#torch.distributions.log_normal.LogNormal.has_rsample,
torch.distributions.log_normal.LogNormal,method,loc,,https://pytorch.org/docs/stable/distributions.html#torch.distributions.log_normal.LogNormal.loc,
torch.distributions.log_normal.LogNormal,method,mean,,https://pytorch.org/docs/stable/distributions.html#torch.distributions.log_normal.LogNormal.mean,
torch.distributions.log_normal.LogNormal,method,scale,,https://pytorch.org/docs/stable/distributions.html#torch.distributions.log_normal.LogNormal.scale,
torch.distributions.log_normal.LogNormal,attribute,support,,https://pytorch.org/docs/stable/distributions.html#torch.distributions.log_normal.LogNormal.support,
torch.distributions.log_normal.LogNormal,method,variance,,https://pytorch.org/docs/stable/distributions.html#torch.distributions.log_normal.LogNormal.variance,
torch.distributions.lowrank_multivariate_normal.LowRankMultivariateNormal,class,,"loc,cov_factor,cov_diag,validate_args=None",https://pytorch.org/docs/stable/distributions.html#torch.distributions.lowrank_multivariate_normal.LowRankMultivariateNormal,https://pytorch.org/docs/stable/_modules/torch/distributions/lowrank_multivariate_normal.html#LowRankMultivariateNormal
torch.distributions.lowrank_multivariate_normal.LowRankMultivariateNormal,attribute,arg_constraints,,https://pytorch.org/docs/stable/distributions.html#torch.distributions.lowrank_multivariate_normal.LowRankMultivariateNormal.arg_constraints,
torch.distributions.lowrank_multivariate_normal.LowRankMultivariateNormal,attribute,covariance_matrix,,https://pytorch.org/docs/stable/distributions.html#torch.distributions.lowrank_multivariate_normal.LowRankMultivariateNormal.covariance_matrix,https://pytorch.org/docs/stable/_modules/torch/distributions/lowrank_multivariate_normal.html#LowRankMultivariateNormal.covariance_matrix
torch.distributions.lowrank_multivariate_normal.LowRankMultivariateNormal,method,entropy,,https://pytorch.org/docs/stable/distributions.html#torch.distributions.lowrank_multivariate_normal.LowRankMultivariateNormal.entropy,https://pytorch.org/docs/stable/_modules/torch/distributions/lowrank_multivariate_normal.html#LowRankMultivariateNormal.entropy
torch.distributions.lowrank_multivariate_normal.LowRankMultivariateNormal,method,expand,"batch_shape,_instance=None",https://pytorch.org/docs/stable/distributions.html#torch.distributions.lowrank_multivariate_normal.LowRankMultivariateNormal.expand,https://pytorch.org/docs/stable/_modules/torch/distributions/lowrank_multivariate_normal.html#LowRankMultivariateNormal.expand
torch.distributions.lowrank_multivariate_normal.LowRankMultivariateNormal,attribute,has_rsample,,https://pytorch.org/docs/stable/distributions.html#torch.distributions.lowrank_multivariate_normal.LowRankMultivariateNormal.has_rsample,
torch.distributions.lowrank_multivariate_normal.LowRankMultivariateNormal,method,log_prob,value,https://pytorch.org/docs/stable/distributions.html#torch.distributions.lowrank_multivariate_normal.LowRankMultivariateNormal.log_prob,https://pytorch.org/docs/stable/_modules/torch/distributions/lowrank_multivariate_normal.html#LowRankMultivariateNormal.log_prob
torch.distributions.lowrank_multivariate_normal.LowRankMultivariateNormal,method,mean,,https://pytorch.org/docs/stable/distributions.html#torch.distributions.lowrank_multivariate_normal.LowRankMultivariateNormal.mean,
torch.distributions.lowrank_multivariate_normal.LowRankMultivariateNormal,attribute,precision_matrix,,https://pytorch.org/docs/stable/distributions.html#torch.distributions.lowrank_multivariate_normal.LowRankMultivariateNormal.precision_matrix,https://pytorch.org/docs/stable/_modules/torch/distributions/lowrank_multivariate_normal.html#LowRankMultivariateNormal.precision_matrix
torch.distributions.lowrank_multivariate_normal.LowRankMultivariateNormal,method,rsample,sample_shape=torch.Size([]),https://pytorch.org/docs/stable/distributions.html#torch.distributions.lowrank_multivariate_normal.LowRankMultivariateNormal.rsample,https://pytorch.org/docs/stable/_modules/torch/distributions/lowrank_multivariate_normal.html#LowRankMultivariateNormal.rsample
torch.distributions.lowrank_multivariate_normal.LowRankMultivariateNormal,attribute,scale_tril,,https://pytorch.org/docs/stable/distributions.html#torch.distributions.lowrank_multivariate_normal.LowRankMultivariateNormal.scale_tril,https://pytorch.org/docs/stable/_modules/torch/distributions/lowrank_multivariate_normal.html#LowRankMultivariateNormal.scale_tril
torch.distributions.lowrank_multivariate_normal.LowRankMultivariateNormal,attribute,support,,https://pytorch.org/docs/stable/distributions.html#torch.distributions.lowrank_multivariate_normal.LowRankMultivariateNormal.support,
torch.distributions.lowrank_multivariate_normal.LowRankMultivariateNormal,attribute,variance,,https://pytorch.org/docs/stable/distributions.html#torch.distributions.lowrank_multivariate_normal.LowRankMultivariateNormal.variance,https://pytorch.org/docs/stable/_modules/torch/distributions/lowrank_multivariate_normal.html#LowRankMultivariateNormal.variance
torch.distributions.multinomial.Multinomial,class,,"total_count=1,probs=None,logits=None,validate_args=None",https://pytorch.org/docs/stable/distributions.html#torch.distributions.multinomial.Multinomial,https://pytorch.org/docs/stable/_modules/torch/distributions/multinomial.html#Multinomial
torch.distributions.multinomial.Multinomial,attribute,arg_constraints,,https://pytorch.org/docs/stable/distributions.html#torch.distributions.multinomial.Multinomial.arg_constraints,
torch.distributions.multinomial.Multinomial,method,expand,"batch_shape,_instance=None",https://pytorch.org/docs/stable/distributions.html#torch.distributions.multinomial.Multinomial.expand,https://pytorch.org/docs/stable/_modules/torch/distributions/multinomial.html#Multinomial.expand
torch.distributions.multinomial.Multinomial,method,log_prob,value,https://pytorch.org/docs/stable/distributions.html#torch.distributions.multinomial.Multinomial.log_prob,https://pytorch.org/docs/stable/_modules/torch/distributions/multinomial.html#Multinomial.log_prob
torch.distributions.multinomial.Multinomial,method,logits,,https://pytorch.org/docs/stable/distributions.html#torch.distributions.multinomial.Multinomial.logits,
torch.distributions.multinomial.Multinomial,method,mean,,https://pytorch.org/docs/stable/distributions.html#torch.distributions.multinomial.Multinomial.mean,
torch.distributions.multinomial.Multinomial,method,param_shape,,https://pytorch.org/docs/stable/distributions.html#torch.distributions.multinomial.Multinomial.param_shape,
torch.distributions.multinomial.Multinomial,method,probs,,https://pytorch.org/docs/stable/distributions.html#torch.distributions.multinomial.Multinomial.probs,
torch.distributions.multinomial.Multinomial,method,sample,sample_shape=torch.Size([]),https://pytorch.org/docs/stable/distributions.html#torch.distributions.multinomial.Multinomial.sample,https://pytorch.org/docs/stable/_modules/torch/distributions/multinomial.html#Multinomial.sample
torch.distributions.multinomial.Multinomial,method,support,,https://pytorch.org/docs/stable/distributions.html#torch.distributions.multinomial.Multinomial.support,
torch.distributions.multinomial.Multinomial,method,variance,,https://pytorch.org/docs/stable/distributions.html#torch.distributions.multinomial.Multinomial.variance,
torch.distributions.multivariate_normal.MultivariateNormal,class,,"loc,covariance_matrix=None,precision_matrix=None,scale_tril=None,validate_args=None",https://pytorch.org/docs/stable/distributions.html#torch.distributions.multivariate_normal.MultivariateNormal,https://pytorch.org/docs/stable/_modules/torch/distributions/multivariate_normal.html#MultivariateNormal
torch.distributions.multivariate_normal.MultivariateNormal,attribute,arg_constraints,,https://pytorch.org/docs/stable/distributions.html#torch.distributions.multivariate_normal.MultivariateNormal.arg_constraints,
torch.distributions.multivariate_normal.MultivariateNormal,attribute,covariance_matrix,,https://pytorch.org/docs/stable/distributions.html#torch.distributions.multivariate_normal.MultivariateNormal.covariance_matrix,https://pytorch.org/docs/stable/_modules/torch/distributions/multivariate_normal.html#MultivariateNormal.covariance_matrix
torch.distributions.multivariate_normal.MultivariateNormal,method,entropy,,https://pytorch.org/docs/stable/distributions.html#torch.distributions.multivariate_normal.MultivariateNormal.entropy,https://pytorch.org/docs/stable/_modules/torch/distributions/multivariate_normal.html#MultivariateNormal.entropy
torch.distributions.multivariate_normal.MultivariateNormal,method,expand,"batch_shape,_instance=None",https://pytorch.org/docs/stable/distributions.html#torch.distributions.multivariate_normal.MultivariateNormal.expand,https://pytorch.org/docs/stable/_modules/torch/distributions/multivariate_normal.html#MultivariateNormal.expand
torch.distributions.multivariate_normal.MultivariateNormal,attribute,has_rsample,,https://pytorch.org/docs/stable/distributions.html#torch.distributions.multivariate_normal.MultivariateNormal.has_rsample,
torch.distributions.multivariate_normal.MultivariateNormal,method,log_prob,value,https://pytorch.org/docs/stable/distributions.html#torch.distributions.multivariate_normal.MultivariateNormal.log_prob,https://pytorch.org/docs/stable/_modules/torch/distributions/multivariate_normal.html#MultivariateNormal.log_prob
torch.distributions.multivariate_normal.MultivariateNormal,method,mean,,https://pytorch.org/docs/stable/distributions.html#torch.distributions.multivariate_normal.MultivariateNormal.mean,
torch.distributions.multivariate_normal.MultivariateNormal,attribute,precision_matrix,,https://pytorch.org/docs/stable/distributions.html#torch.distributions.multivariate_normal.MultivariateNormal.precision_matrix,https://pytorch.org/docs/stable/_modules/torch/distributions/multivariate_normal.html#MultivariateNormal.precision_matrix
torch.distributions.multivariate_normal.MultivariateNormal,method,rsample,sample_shape=torch.Size([]),https://pytorch.org/docs/stable/distributions.html#torch.distributions.multivariate_normal.MultivariateNormal.rsample,https://pytorch.org/docs/stable/_modules/torch/distributions/multivariate_normal.html#MultivariateNormal.rsample
torch.distributions.multivariate_normal.MultivariateNormal,attribute,scale_tril,,https://pytorch.org/docs/stable/distributions.html#torch.distributions.multivariate_normal.MultivariateNormal.scale_tril,https://pytorch.org/docs/stable/_modules/torch/distributions/multivariate_normal.html#MultivariateNormal.scale_tril
torch.distributions.multivariate_normal.MultivariateNormal,attribute,support,,https://pytorch.org/docs/stable/distributions.html#torch.distributions.multivariate_normal.MultivariateNormal.support,
torch.distributions.multivariate_normal.MultivariateNormal,method,variance,,https://pytorch.org/docs/stable/distributions.html#torch.distributions.multivariate_normal.MultivariateNormal.variance,
torch.distributions.negative_binomial.NegativeBinomial,class,,"total_count,probs=None,logits=None,validate_args=None",https://pytorch.org/docs/stable/distributions.html#torch.distributions.negative_binomial.NegativeBinomial,https://pytorch.org/docs/stable/_modules/torch/distributions/negative_binomial.html#NegativeBinomial
torch.distributions.negative_binomial.NegativeBinomial,attribute,arg_constraints,,https://pytorch.org/docs/stable/distributions.html#torch.distributions.negative_binomial.NegativeBinomial.arg_constraints,
torch.distributions.negative_binomial.NegativeBinomial,method,expand,"batch_shape,_instance=None",https://pytorch.org/docs/stable/distributions.html#torch.distributions.negative_binomial.NegativeBinomial.expand,https://pytorch.org/docs/stable/_modules/torch/distributions/negative_binomial.html#NegativeBinomial.expand
torch.distributions.negative_binomial.NegativeBinomial,method,log_prob,value,https://pytorch.org/docs/stable/distributions.html#torch.distributions.negative_binomial.NegativeBinomial.log_prob,https://pytorch.org/docs/stable/_modules/torch/distributions/negative_binomial.html#NegativeBinomial.log_prob
torch.distributions.negative_binomial.NegativeBinomial,attribute,logits,,https://pytorch.org/docs/stable/distributions.html#torch.distributions.negative_binomial.NegativeBinomial.logits,https://pytorch.org/docs/stable/_modules/torch/distributions/negative_binomial.html#NegativeBinomial.logits
torch.distributions.negative_binomial.NegativeBinomial,method,mean,,https://pytorch.org/docs/stable/distributions.html#torch.distributions.negative_binomial.NegativeBinomial.mean,
torch.distributions.negative_binomial.NegativeBinomial,method,param_shape,,https://pytorch.org/docs/stable/distributions.html#torch.distributions.negative_binomial.NegativeBinomial.param_shape,
torch.distributions.negative_binomial.NegativeBinomial,attribute,probs,,https://pytorch.org/docs/stable/distributions.html#torch.distributions.negative_binomial.NegativeBinomial.probs,https://pytorch.org/docs/stable/_modules/torch/distributions/negative_binomial.html#NegativeBinomial.probs
torch.distributions.negative_binomial.NegativeBinomial,method,sample,sample_shape=torch.Size([]),https://pytorch.org/docs/stable/distributions.html#torch.distributions.negative_binomial.NegativeBinomial.sample,https://pytorch.org/docs/stable/_modules/torch/distributions/negative_binomial.html#NegativeBinomial.sample
torch.distributions.negative_binomial.NegativeBinomial,attribute,support,,https://pytorch.org/docs/stable/distributions.html#torch.distributions.negative_binomial.NegativeBinomial.support,
torch.distributions.negative_binomial.NegativeBinomial,method,variance,,https://pytorch.org/docs/stable/distributions.html#torch.distributions.negative_binomial.NegativeBinomial.variance,
torch.distributions.normal.Normal,class,,"loc,scale,validate_args=None",https://pytorch.org/docs/stable/distributions.html#torch.distributions.normal.Normal,https://pytorch.org/docs/stable/_modules/torch/distributions/normal.html#Normal
torch.distributions.normal.Normal,attribute,arg_constraints,,https://pytorch.org/docs/stable/distributions.html#torch.distributions.normal.Normal.arg_constraints,
torch.distributions.normal.Normal,method,cdf,value,https://pytorch.org/docs/stable/distributions.html#torch.distributions.normal.Normal.cdf,https://pytorch.org/docs/stable/_modules/torch/distributions/normal.html#Normal.cdf
torch.distributions.normal.Normal,method,entropy,,https://pytorch.org/docs/stable/distributions.html#torch.distributions.normal.Normal.entropy,https://pytorch.org/docs/stable/_modules/torch/distributions/normal.html#Normal.entropy
torch.distributions.normal.Normal,method,expand,"batch_shape,_instance=None",https://pytorch.org/docs/stable/distributions.html#torch.distributions.normal.Normal.expand,https://pytorch.org/docs/stable/_modules/torch/distributions/normal.html#Normal.expand
torch.distributions.normal.Normal,attribute,has_rsample,,https://pytorch.org/docs/stable/distributions.html#torch.distributions.normal.Normal.has_rsample,
torch.distributions.normal.Normal,method,icdf,value,https://pytorch.org/docs/stable/distributions.html#torch.distributions.normal.Normal.icdf,https://pytorch.org/docs/stable/_modules/torch/distributions/normal.html#Normal.icdf
torch.distributions.normal.Normal,method,log_prob,value,https://pytorch.org/docs/stable/distributions.html#torch.distributions.normal.Normal.log_prob,https://pytorch.org/docs/stable/_modules/torch/distributions/normal.html#Normal.log_prob
torch.distributions.normal.Normal,method,mean,,https://pytorch.org/docs/stable/distributions.html#torch.distributions.normal.Normal.mean,
torch.distributions.normal.Normal,method,rsample,sample_shape=torch.Size([]),https://pytorch.org/docs/stable/distributions.html#torch.distributions.normal.Normal.rsample,https://pytorch.org/docs/stable/_modules/torch/distributions/normal.html#Normal.rsample
torch.distributions.normal.Normal,method,sample,sample_shape=torch.Size([]),https://pytorch.org/docs/stable/distributions.html#torch.distributions.normal.Normal.sample,https://pytorch.org/docs/stable/_modules/torch/distributions/normal.html#Normal.sample
torch.distributions.normal.Normal,method,stddev,,https://pytorch.org/docs/stable/distributions.html#torch.distributions.normal.Normal.stddev,
torch.distributions.normal.Normal,attribute,support,,https://pytorch.org/docs/stable/distributions.html#torch.distributions.normal.Normal.support,
torch.distributions.normal.Normal,method,variance,,https://pytorch.org/docs/stable/distributions.html#torch.distributions.normal.Normal.variance,
torch.distributions.one_hot_categorical.OneHotCategorical,class,,"probs=None,logits=None,validate_args=None",https://pytorch.org/docs/stable/distributions.html#torch.distributions.one_hot_categorical.OneHotCategorical,https://pytorch.org/docs/stable/_modules/torch/distributions/one_hot_categorical.html#OneHotCategorical
torch.distributions.one_hot_categorical.OneHotCategorical,attribute,arg_constraints,,https://pytorch.org/docs/stable/distributions.html#torch.distributions.one_hot_categorical.OneHotCategorical.arg_constraints,
torch.distributions.one_hot_categorical.OneHotCategorical,method,entropy,,https://pytorch.org/docs/stable/distributions.html#torch.distributions.one_hot_categorical.OneHotCategorical.entropy,https://pytorch.org/docs/stable/_modules/torch/distributions/one_hot_categorical.html#OneHotCategorical.entropy
torch.distributions.one_hot_categorical.OneHotCategorical,method,enumerate_support,expand=True,https://pytorch.org/docs/stable/distributions.html#torch.distributions.one_hot_categorical.OneHotCategorical.enumerate_support,https://pytorch.org/docs/stable/_modules/torch/distributions/one_hot_categorical.html#OneHotCategorical.enumerate_support
torch.distributions.one_hot_categorical.OneHotCategorical,method,expand,"batch_shape,_instance=None",https://pytorch.org/docs/stable/distributions.html#torch.distributions.one_hot_categorical.OneHotCategorical.expand,https://pytorch.org/docs/stable/_modules/torch/distributions/one_hot_categorical.html#OneHotCategorical.expand
torch.distributions.one_hot_categorical.OneHotCategorical,attribute,has_enumerate_support,,https://pytorch.org/docs/stable/distributions.html#torch.distributions.one_hot_categorical.OneHotCategorical.has_enumerate_support,
torch.distributions.one_hot_categorical.OneHotCategorical,method,log_prob,value,https://pytorch.org/docs/stable/distributions.html#torch.distributions.one_hot_categorical.OneHotCategorical.log_prob,https://pytorch.org/docs/stable/_modules/torch/distributions/one_hot_categorical.html#OneHotCategorical.log_prob
torch.distributions.one_hot_categorical.OneHotCategorical,method,logits,,https://pytorch.org/docs/stable/distributions.html#torch.distributions.one_hot_categorical.OneHotCategorical.logits,
torch.distributions.one_hot_categorical.OneHotCategorical,method,mean,,https://pytorch.org/docs/stable/distributions.html#torch.distributions.one_hot_categorical.OneHotCategorical.mean,
torch.distributions.one_hot_categorical.OneHotCategorical,method,param_shape,,https://pytorch.org/docs/stable/distributions.html#torch.distributions.one_hot_categorical.OneHotCategorical.param_shape,
torch.distributions.one_hot_categorical.OneHotCategorical,method,probs,,https://pytorch.org/docs/stable/distributions.html#torch.distributions.one_hot_categorical.OneHotCategorical.probs,
torch.distributions.one_hot_categorical.OneHotCategorical,method,sample,sample_shape=torch.Size([]),https://pytorch.org/docs/stable/distributions.html#torch.distributions.one_hot_categorical.OneHotCategorical.sample,https://pytorch.org/docs/stable/_modules/torch/distributions/one_hot_categorical.html#OneHotCategorical.sample
torch.distributions.one_hot_categorical.OneHotCategorical,attribute,support,,https://pytorch.org/docs/stable/distributions.html#torch.distributions.one_hot_categorical.OneHotCategorical.support,
torch.distributions.one_hot_categorical.OneHotCategorical,method,variance,,https://pytorch.org/docs/stable/distributions.html#torch.distributions.one_hot_categorical.OneHotCategorical.variance,
torch.distributions.pareto.Pareto,class,,"scale,alpha,validate_args=None",https://pytorch.org/docs/stable/distributions.html#torch.distributions.pareto.Pareto,https://pytorch.org/docs/stable/_modules/torch/distributions/pareto.html#Pareto
torch.distributions.pareto.Pareto,attribute,arg_constraints,,https://pytorch.org/docs/stable/distributions.html#torch.distributions.pareto.Pareto.arg_constraints,
torch.distributions.pareto.Pareto,method,entropy,,https://pytorch.org/docs/stable/distributions.html#torch.distributions.pareto.Pareto.entropy,https://pytorch.org/docs/stable/_modules/torch/distributions/pareto.html#Pareto.entropy
torch.distributions.pareto.Pareto,method,expand,"batch_shape,_instance=None",https://pytorch.org/docs/stable/distributions.html#torch.distributions.pareto.Pareto.expand,https://pytorch.org/docs/stable/_modules/torch/distributions/pareto.html#Pareto.expand
torch.distributions.pareto.Pareto,method,mean,,https://pytorch.org/docs/stable/distributions.html#torch.distributions.pareto.Pareto.mean,
torch.distributions.pareto.Pareto,method,support,,https://pytorch.org/docs/stable/distributions.html#torch.distributions.pareto.Pareto.support,
torch.distributions.pareto.Pareto,method,variance,,https://pytorch.org/docs/stable/distributions.html#torch.distributions.pareto.Pareto.variance,
torch.distributions.poisson.Poisson,class,,"rate,validate_args=None",https://pytorch.org/docs/stable/distributions.html#torch.distributions.poisson.Poisson,https://pytorch.org/docs/stable/_modules/torch/distributions/poisson.html#Poisson
torch.distributions.poisson.Poisson,attribute,arg_constraints,,https://pytorch.org/docs/stable/distributions.html#torch.distributions.poisson.Poisson.arg_constraints,
torch.distributions.poisson.Poisson,method,expand,"batch_shape,_instance=None",https://pytorch.org/docs/stable/distributions.html#torch.distributions.poisson.Poisson.expand,https://pytorch.org/docs/stable/_modules/torch/distributions/poisson.html#Poisson.expand
torch.distributions.poisson.Poisson,method,log_prob,value,https://pytorch.org/docs/stable/distributions.html#torch.distributions.poisson.Poisson.log_prob,https://pytorch.org/docs/stable/_modules/torch/distributions/poisson.html#Poisson.log_prob
torch.distributions.poisson.Poisson,method,mean,,https://pytorch.org/docs/stable/distributions.html#torch.distributions.poisson.Poisson.mean,
torch.distributions.poisson.Poisson,method,sample,sample_shape=torch.Size([]),https://pytorch.org/docs/stable/distributions.html#torch.distributions.poisson.Poisson.sample,https://pytorch.org/docs/stable/_modules/torch/distributions/poisson.html#Poisson.sample
torch.distributions.poisson.Poisson,attribute,support,,https://pytorch.org/docs/stable/distributions.html#torch.distributions.poisson.Poisson.support,
torch.distributions.poisson.Poisson,method,variance,,https://pytorch.org/docs/stable/distributions.html#torch.distributions.poisson.Poisson.variance,
torch.distributions.relaxed_bernoulli.RelaxedBernoulli,class,,"temperature,probs=None,logits=None,validate_args=None",https://pytorch.org/docs/stable/distributions.html#torch.distributions.relaxed_bernoulli.RelaxedBernoulli,https://pytorch.org/docs/stable/_modules/torch/distributions/relaxed_bernoulli.html#RelaxedBernoulli
torch.distributions.relaxed_bernoulli.RelaxedBernoulli,attribute,arg_constraints,,https://pytorch.org/docs/stable/distributions.html#torch.distributions.relaxed_bernoulli.RelaxedBernoulli.arg_constraints,
torch.distributions.relaxed_bernoulli.RelaxedBernoulli,method,expand,"batch_shape,_instance=None",https://pytorch.org/docs/stable/distributions.html#torch.distributions.relaxed_bernoulli.RelaxedBernoulli.expand,https://pytorch.org/docs/stable/_modules/torch/distributions/relaxed_bernoulli.html#RelaxedBernoulli.expand
torch.distributions.relaxed_bernoulli.RelaxedBernoulli,attribute,has_rsample,,https://pytorch.org/docs/stable/distributions.html#torch.distributions.relaxed_bernoulli.RelaxedBernoulli.has_rsample,
torch.distributions.relaxed_bernoulli.RelaxedBernoulli,method,logits,,https://pytorch.org/docs/stable/distributions.html#torch.distributions.relaxed_bernoulli.RelaxedBernoulli.logits,
torch.distributions.relaxed_bernoulli.RelaxedBernoulli,method,probs,,https://pytorch.org/docs/stable/distributions.html#torch.distributions.relaxed_bernoulli.RelaxedBernoulli.probs,
torch.distributions.relaxed_bernoulli.RelaxedBernoulli,attribute,support,,https://pytorch.org/docs/stable/distributions.html#torch.distributions.relaxed_bernoulli.RelaxedBernoulli.support,
torch.distributions.relaxed_bernoulli.RelaxedBernoulli,method,temperature,,https://pytorch.org/docs/stable/distributions.html#torch.distributions.relaxed_bernoulli.RelaxedBernoulli.temperature,
torch.distributions.relaxed_bernoulli.LogitRelaxedBernoulli,class,,"temperature,probs=None,logits=None,validate_args=None",https://pytorch.org/docs/stable/distributions.html#torch.distributions.relaxed_bernoulli.LogitRelaxedBernoulli,https://pytorch.org/docs/stable/_modules/torch/distributions/relaxed_bernoulli.html#LogitRelaxedBernoulli
torch.distributions.relaxed_bernoulli.LogitRelaxedBernoulli,attribute,arg_constraints,,https://pytorch.org/docs/stable/distributions.html#torch.distributions.relaxed_bernoulli.LogitRelaxedBernoulli.arg_constraints,
torch.distributions.relaxed_bernoulli.LogitRelaxedBernoulli,method,expand,"batch_shape,_instance=None",https://pytorch.org/docs/stable/distributions.html#torch.distributions.relaxed_bernoulli.LogitRelaxedBernoulli.expand,https://pytorch.org/docs/stable/_modules/torch/distributions/relaxed_bernoulli.html#LogitRelaxedBernoulli.expand
torch.distributions.relaxed_bernoulli.LogitRelaxedBernoulli,method,log_prob,value,https://pytorch.org/docs/stable/distributions.html#torch.distributions.relaxed_bernoulli.LogitRelaxedBernoulli.log_prob,https://pytorch.org/docs/stable/_modules/torch/distributions/relaxed_bernoulli.html#LogitRelaxedBernoulli.log_prob
torch.distributions.relaxed_bernoulli.LogitRelaxedBernoulli,attribute,logits,,https://pytorch.org/docs/stable/distributions.html#torch.distributions.relaxed_bernoulli.LogitRelaxedBernoulli.logits,https://pytorch.org/docs/stable/_modules/torch/distributions/relaxed_bernoulli.html#LogitRelaxedBernoulli.logits
torch.distributions.relaxed_bernoulli.LogitRelaxedBernoulli,method,param_shape,,https://pytorch.org/docs/stable/distributions.html#torch.distributions.relaxed_bernoulli.LogitRelaxedBernoulli.param_shape,
torch.distributions.relaxed_bernoulli.LogitRelaxedBernoulli,attribute,probs,,https://pytorch.org/docs/stable/distributions.html#torch.distributions.relaxed_bernoulli.LogitRelaxedBernoulli.probs,https://pytorch.org/docs/stable/_modules/torch/distributions/relaxed_bernoulli.html#LogitRelaxedBernoulli.probs
torch.distributions.relaxed_bernoulli.LogitRelaxedBernoulli,method,rsample,sample_shape=torch.Size([]),https://pytorch.org/docs/stable/distributions.html#torch.distributions.relaxed_bernoulli.LogitRelaxedBernoulli.rsample,https://pytorch.org/docs/stable/_modules/torch/distributions/relaxed_bernoulli.html#LogitRelaxedBernoulli.rsample
torch.distributions.relaxed_bernoulli.LogitRelaxedBernoulli,attribute,support,,https://pytorch.org/docs/stable/distributions.html#torch.distributions.relaxed_bernoulli.LogitRelaxedBernoulli.support,
torch.distributions.relaxed_categorical.RelaxedOneHotCategorical,class,,"temperature,probs=None,logits=None,validate_args=None",https://pytorch.org/docs/stable/distributions.html#torch.distributions.relaxed_categorical.RelaxedOneHotCategorical,https://pytorch.org/docs/stable/_modules/torch/distributions/relaxed_categorical.html#RelaxedOneHotCategorical
torch.distributions.relaxed_categorical.RelaxedOneHotCategorical,attribute,arg_constraints,,https://pytorch.org/docs/stable/distributions.html#torch.distributions.relaxed_categorical.RelaxedOneHotCategorical.arg_constraints,
torch.distributions.relaxed_categorical.RelaxedOneHotCategorical,method,expand,"batch_shape,_instance=None",https://pytorch.org/docs/stable/distributions.html#torch.distributions.relaxed_categorical.RelaxedOneHotCategorical.expand,https://pytorch.org/docs/stable/_modules/torch/distributions/relaxed_categorical.html#RelaxedOneHotCategorical.expand
torch.distributions.relaxed_categorical.RelaxedOneHotCategorical,attribute,has_rsample,,https://pytorch.org/docs/stable/distributions.html#torch.distributions.relaxed_categorical.RelaxedOneHotCategorical.has_rsample,
torch.distributions.relaxed_categorical.RelaxedOneHotCategorical,method,logits,,https://pytorch.org/docs/stable/distributions.html#torch.distributions.relaxed_categorical.RelaxedOneHotCategorical.logits,
torch.distributions.relaxed_categorical.RelaxedOneHotCategorical,method,probs,,https://pytorch.org/docs/stable/distributions.html#torch.distributions.relaxed_categorical.RelaxedOneHotCategorical.probs,
torch.distributions.relaxed_categorical.RelaxedOneHotCategorical,attribute,support,,https://pytorch.org/docs/stable/distributions.html#torch.distributions.relaxed_categorical.RelaxedOneHotCategorical.support,
torch.distributions.relaxed_categorical.RelaxedOneHotCategorical,method,temperature,,https://pytorch.org/docs/stable/distributions.html#torch.distributions.relaxed_categorical.RelaxedOneHotCategorical.temperature,
torch.distributions.studentT.StudentT,class,,"df,loc=0.0,scale=1.0,validate_args=None",https://pytorch.org/docs/stable/distributions.html#torch.distributions.studentT.StudentT,https://pytorch.org/docs/stable/_modules/torch/distributions/studentT.html#StudentT
torch.distributions.studentT.StudentT,attribute,arg_constraints,,https://pytorch.org/docs/stable/distributions.html#torch.distributions.studentT.StudentT.arg_constraints,
torch.distributions.studentT.StudentT,method,entropy,,https://pytorch.org/docs/stable/distributions.html#torch.distributions.studentT.StudentT.entropy,https://pytorch.org/docs/stable/_modules/torch/distributions/studentT.html#StudentT.entropy
torch.distributions.studentT.StudentT,method,expand,"batch_shape,_instance=None",https://pytorch.org/docs/stable/distributions.html#torch.distributions.studentT.StudentT.expand,https://pytorch.org/docs/stable/_modules/torch/distributions/studentT.html#StudentT.expand
torch.distributions.studentT.StudentT,attribute,has_rsample,,https://pytorch.org/docs/stable/distributions.html#torch.distributions.studentT.StudentT.has_rsample,
torch.distributions.studentT.StudentT,method,log_prob,value,https://pytorch.org/docs/stable/distributions.html#torch.distributions.studentT.StudentT.log_prob,https://pytorch.org/docs/stable/_modules/torch/distributions/studentT.html#StudentT.log_prob
torch.distributions.studentT.StudentT,method,mean,,https://pytorch.org/docs/stable/distributions.html#torch.distributions.studentT.StudentT.mean,
torch.distributions.studentT.StudentT,method,rsample,sample_shape=torch.Size([]),https://pytorch.org/docs/stable/distributions.html#torch.distributions.studentT.StudentT.rsample,https://pytorch.org/docs/stable/_modules/torch/distributions/studentT.html#StudentT.rsample
torch.distributions.studentT.StudentT,attribute,support,,https://pytorch.org/docs/stable/distributions.html#torch.distributions.studentT.StudentT.support,
torch.distributions.studentT.StudentT,method,variance,,https://pytorch.org/docs/stable/distributions.html#torch.distributions.studentT.StudentT.variance,
torch.distributions.transformed_distribution.TransformedDistribution,class,,"base_distribution,transforms,validate_args=None",https://pytorch.org/docs/stable/distributions.html#torch.distributions.transformed_distribution.TransformedDistribution,https://pytorch.org/docs/stable/_modules/torch/distributions/transformed_distribution.html#TransformedDistribution
torch.distributions.transformed_distribution.TransformedDistribution,attribute,arg_constraints,,https://pytorch.org/docs/stable/distributions.html#torch.distributions.transformed_distribution.TransformedDistribution.arg_constraints,
torch.distributions.transformed_distribution.TransformedDistribution,method,cdf,value,https://pytorch.org/docs/stable/distributions.html#torch.distributions.transformed_distribution.TransformedDistribution.cdf,https://pytorch.org/docs/stable/_modules/torch/distributions/transformed_distribution.html#TransformedDistribution.cdf
torch.distributions.transformed_distribution.TransformedDistribution,method,expand,"batch_shape,_instance=None",https://pytorch.org/docs/stable/distributions.html#torch.distributions.transformed_distribution.TransformedDistribution.expand,https://pytorch.org/docs/stable/_modules/torch/distributions/transformed_distribution.html#TransformedDistribution.expand
torch.distributions.transformed_distribution.TransformedDistribution,method,has_rsample,,https://pytorch.org/docs/stable/distributions.html#torch.distributions.transformed_distribution.TransformedDistribution.has_rsample,
torch.distributions.transformed_distribution.TransformedDistribution,method,icdf,value,https://pytorch.org/docs/stable/distributions.html#torch.distributions.transformed_distribution.TransformedDistribution.icdf,https://pytorch.org/docs/stable/_modules/torch/distributions/transformed_distribution.html#TransformedDistribution.icdf
torch.distributions.transformed_distribution.TransformedDistribution,method,log_prob,value,https://pytorch.org/docs/stable/distributions.html#torch.distributions.transformed_distribution.TransformedDistribution.log_prob,https://pytorch.org/docs/stable/_modules/torch/distributions/transformed_distribution.html#TransformedDistribution.log_prob
torch.distributions.transformed_distribution.TransformedDistribution,method,rsample,sample_shape=torch.Size([]),https://pytorch.org/docs/stable/distributions.html#torch.distributions.transformed_distribution.TransformedDistribution.rsample,https://pytorch.org/docs/stable/_modules/torch/distributions/transformed_distribution.html#TransformedDistribution.rsample
torch.distributions.transformed_distribution.TransformedDistribution,method,sample,sample_shape=torch.Size([]),https://pytorch.org/docs/stable/distributions.html#torch.distributions.transformed_distribution.TransformedDistribution.sample,https://pytorch.org/docs/stable/_modules/torch/distributions/transformed_distribution.html#TransformedDistribution.sample
torch.distributions.transformed_distribution.TransformedDistribution,method,support,,https://pytorch.org/docs/stable/distributions.html#torch.distributions.transformed_distribution.TransformedDistribution.support,
torch.distributions.uniform.Uniform,class,,"low,high,validate_args=None",https://pytorch.org/docs/stable/distributions.html#torch.distributions.uniform.Uniform,https://pytorch.org/docs/stable/_modules/torch/distributions/uniform.html#Uniform
torch.distributions.uniform.Uniform,attribute,arg_constraints,,https://pytorch.org/docs/stable/distributions.html#torch.distributions.uniform.Uniform.arg_constraints,
torch.distributions.uniform.Uniform,method,cdf,value,https://pytorch.org/docs/stable/distributions.html#torch.distributions.uniform.Uniform.cdf,https://pytorch.org/docs/stable/_modules/torch/distributions/uniform.html#Uniform.cdf
torch.distributions.uniform.Uniform,method,entropy,,https://pytorch.org/docs/stable/distributions.html#torch.distributions.uniform.Uniform.entropy,https://pytorch.org/docs/stable/_modules/torch/distributions/uniform.html#Uniform.entropy
torch.distributions.uniform.Uniform,method,expand,"batch_shape,_instance=None",https://pytorch.org/docs/stable/distributions.html#torch.distributions.uniform.Uniform.expand,https://pytorch.org/docs/stable/_modules/torch/distributions/uniform.html#Uniform.expand
torch.distributions.uniform.Uniform,attribute,has_rsample,,https://pytorch.org/docs/stable/distributions.html#torch.distributions.uniform.Uniform.has_rsample,
torch.distributions.uniform.Uniform,method,icdf,value,https://pytorch.org/docs/stable/distributions.html#torch.distributions.uniform.Uniform.icdf,https://pytorch.org/docs/stable/_modules/torch/distributions/uniform.html#Uniform.icdf
torch.distributions.uniform.Uniform,method,log_prob,value,https://pytorch.org/docs/stable/distributions.html#torch.distributions.uniform.Uniform.log_prob,https://pytorch.org/docs/stable/_modules/torch/distributions/uniform.html#Uniform.log_prob
torch.distributions.uniform.Uniform,method,mean,,https://pytorch.org/docs/stable/distributions.html#torch.distributions.uniform.Uniform.mean,
torch.distributions.uniform.Uniform,method,rsample,sample_shape=torch.Size([]),https://pytorch.org/docs/stable/distributions.html#torch.distributions.uniform.Uniform.rsample,https://pytorch.org/docs/stable/_modules/torch/distributions/uniform.html#Uniform.rsample
torch.distributions.uniform.Uniform,method,stddev,,https://pytorch.org/docs/stable/distributions.html#torch.distributions.uniform.Uniform.stddev,
torch.distributions.uniform.Uniform,method,support,,https://pytorch.org/docs/stable/distributions.html#torch.distributions.uniform.Uniform.support,
torch.distributions.uniform.Uniform,method,variance,,https://pytorch.org/docs/stable/distributions.html#torch.distributions.uniform.Uniform.variance,
torch.distributions.weibull.Weibull,class,,"scale,concentration,validate_args=None",https://pytorch.org/docs/stable/distributions.html#torch.distributions.weibull.Weibull,https://pytorch.org/docs/stable/_modules/torch/distributions/weibull.html#Weibull
torch.distributions.weibull.Weibull,attribute,arg_constraints,,https://pytorch.org/docs/stable/distributions.html#torch.distributions.weibull.Weibull.arg_constraints,
torch.distributions.weibull.Weibull,method,entropy,,https://pytorch.org/docs/stable/distributions.html#torch.distributions.weibull.Weibull.entropy,https://pytorch.org/docs/stable/_modules/torch/distributions/weibull.html#Weibull.entropy
torch.distributions.weibull.Weibull,method,expand,"batch_shape,_instance=None",https://pytorch.org/docs/stable/distributions.html#torch.distributions.weibull.Weibull.expand,https://pytorch.org/docs/stable/_modules/torch/distributions/weibull.html#Weibull.expand
torch.distributions.weibull.Weibull,method,mean,,https://pytorch.org/docs/stable/distributions.html#torch.distributions.weibull.Weibull.mean,
torch.distributions.weibull.Weibull,attribute,support,,https://pytorch.org/docs/stable/distributions.html#torch.distributions.weibull.Weibull.support,
torch.distributions.weibull.Weibull,method,variance,,https://pytorch.org/docs/stable/distributions.html#torch.distributions.weibull.Weibull.variance,
torch.distributions.transforms.Transform,class,,cache_size=0,https://pytorch.org/docs/stable/distributions.html#torch.distributions.transforms.Transform,https://pytorch.org/docs/stable/_modules/torch/distributions/transforms.html#Transform
torch.distributions.transforms.Transform,method,inv,,https://pytorch.org/docs/stable/distributions.html#torch.distributions.transforms.Transform.inv,
torch.distributions.transforms.Transform,method,sign,,https://pytorch.org/docs/stable/distributions.html#torch.distributions.transforms.Transform.sign,
torch.distributions.transforms.Transform,method,log_abs_det_jacobian,"x,y",https://pytorch.org/docs/stable/distributions.html#torch.distributions.transforms.Transform.log_abs_det_jacobian,https://pytorch.org/docs/stable/_modules/torch/distributions/transforms.html#Transform.log_abs_det_jacobian
torch.distributions.transforms.ComposeTransform,class,,parts,https://pytorch.org/docs/stable/distributions.html#torch.distributions.transforms.ComposeTransform,https://pytorch.org/docs/stable/_modules/torch/distributions/transforms.html#ComposeTransform
torch.distributions.transforms.ExpTransform,class,,cache_size=0,https://pytorch.org/docs/stable/distributions.html#torch.distributions.transforms.ExpTransform,https://pytorch.org/docs/stable/_modules/torch/distributions/transforms.html#ExpTransform
torch.distributions.transforms.PowerTransform,class,,"exponent,cache_size=0",https://pytorch.org/docs/stable/distributions.html#torch.distributions.transforms.PowerTransform,https://pytorch.org/docs/stable/_modules/torch/distributions/transforms.html#PowerTransform
torch.distributions.transforms.SigmoidTransform,class,,cache_size=0,https://pytorch.org/docs/stable/distributions.html#torch.distributions.transforms.SigmoidTransform,https://pytorch.org/docs/stable/_modules/torch/distributions/transforms.html#SigmoidTransform
torch.distributions.transforms.AbsTransform,class,,cache_size=0,https://pytorch.org/docs/stable/distributions.html#torch.distributions.transforms.AbsTransform,https://pytorch.org/docs/stable/_modules/torch/distributions/transforms.html#AbsTransform
torch.distributions.transforms.AffineTransform,class,,"loc,scale,event_dim=0,cache_size=0",https://pytorch.org/docs/stable/distributions.html#torch.distributions.transforms.AffineTransform,https://pytorch.org/docs/stable/_modules/torch/distributions/transforms.html#AffineTransform
torch.distributions.transforms.SoftmaxTransform,class,,cache_size=0,https://pytorch.org/docs/stable/distributions.html#torch.distributions.transforms.SoftmaxTransform,https://pytorch.org/docs/stable/_modules/torch/distributions/transforms.html#SoftmaxTransform
torch.distributions.transforms.StickBreakingTransform,class,,cache_size=0,https://pytorch.org/docs/stable/distributions.html#torch.distributions.transforms.StickBreakingTransform,https://pytorch.org/docs/stable/_modules/torch/distributions/transforms.html#StickBreakingTransform
torch.distributions.transforms.LowerCholeskyTransform,class,,cache_size=0,https://pytorch.org/docs/stable/distributions.html#torch.distributions.transforms.LowerCholeskyTransform,https://pytorch.org/docs/stable/_modules/torch/distributions/transforms.html#LowerCholeskyTransform
torch.distributions.transforms.CatTransform,class,,"tseq,dim=0,lengths=None",https://pytorch.org/docs/stable/distributions.html#torch.distributions.transforms.CatTransform,https://pytorch.org/docs/stable/_modules/torch/distributions/transforms.html#CatTransform
torch.distributions.transforms.StackTransform,class,,"tseq,dim=0",https://pytorch.org/docs/stable/distributions.html#torch.distributions.transforms.StackTransform,https://pytorch.org/docs/stable/_modules/torch/distributions/transforms.html#StackTransform
torch.distributions.constraints.Constraint,class,,,https://pytorch.org/docs/stable/distributions.html#torch.distributions.constraints.Constraint,https://pytorch.org/docs/stable/_modules/torch/distributions/constraints.html#Constraint
torch.distributions.constraints.Constraint,method,check,value,https://pytorch.org/docs/stable/distributions.html#torch.distributions.constraints.Constraint.check,https://pytorch.org/docs/stable/_modules/torch/distributions/constraints.html#Constraint.check
torch.distributions.constraint_registry.ConstraintRegistry,class,,,https://pytorch.org/docs/stable/distributions.html#torch.distributions.constraint_registry.ConstraintRegistry,https://pytorch.org/docs/stable/_modules/torch/distributions/constraint_registry.html#ConstraintRegistry
torch.distributions.constraint_registry.ConstraintRegistry,method,register,"constraint,factory=None",https://pytorch.org/docs/stable/distributions.html#torch.distributions.constraint_registry.ConstraintRegistry.register,https://pytorch.org/docs/stable/_modules/torch/distributions/constraint_registry.html#ConstraintRegistry.register
