,idx,freq,sequence,sentence,api,len
0,2,231,['input'],input,torch.std2.yaml,1
1,2,231,['input'],input,torch.bitwise_xor.yaml,1
2,2,231,['input'],input,torch.real.yaml,1
3,2,231,['input'],input,torch.addcdiv.yaml,1
4,2,231,['input'],input,torch.log1p.yaml,1
5,2,231,['input'],input,torch.prod2.yaml,1
6,2,231,['input'],input,torch.bernoulli.yaml,1
7,2,231,['input'],input,torch.pow.yaml,1
8,2,231,['input'],input,torch.exp.yaml,1
9,2,231,['input'],input,torch.cummax.yaml,1
10,2,231,['input'],input,torch.mean2.yaml,1
11,2,231,['input'],input,torch.reshape.yaml,1
12,2,231,['input'],input,torch.div2.yaml,1
13,2,231,['input'],input,torch.nn.functional.avg_pool3d.yaml,1
14,2,231,['input'],input,torch.cholesky.yaml,1
15,2,231,['input'],input,torch.nn.quantized.functional.avg_pool2d.yaml,1
16,2,231,['input'],input,torch.ceil.yaml,1
17,2,231,['input'],input,torch.sum2.yaml,1
18,2,231,['input'],input,torch.min22.yaml,1
19,2,231,['input'],input,torch.nn.functional.grid_sample.yaml,1
20,2,231,['input'],input,torch.lerp.yaml,1
21,2,231,['input'],input,torch.sum.yaml,1
22,2,231,['input'],input,torch.nn.functional.conv_transpose2d.yaml,1
23,2,231,['input'],input,torch.var_mean.yaml,1
24,2,231,['input'],input,torch.nn.functional.avg_pool1d.yaml,1
25,2,231,['input'],input,torch.as_strided.yaml,1
26,2,231,['input'],input,torch.max22.yaml,1
27,2,231,['input'],input,torch.ones_like.yaml,1
28,2,231,['input'],input,torch.div.yaml,1
29,2,231,['input'],input_lengths,torch.nn.functional.ctc_loss.yaml,1
30,2,231,['input'],input,torch.nonzero.yaml,1
31,2,231,['input'],input,torch.sinh.yaml,1
32,2,231,['input'],input,torch.eig.yaml,1
33,2,231,['input'],input,torch.var.yaml,1
34,2,231,['input'],input,torch.nn.functional.conv2d.yaml,1
35,2,231,['input'],input,torch.std_mean.yaml,1
36,2,231,['input'],input,torch.nn.functional.pdist.yaml,1
37,2,231,['input'],input,torch.nn.functional.glu.yaml,1
38,2,231,['input'],input,torch.erf.yaml,1
39,2,231,['input'],input,torch.det.yaml,1
40,2,231,['input'],input,torch.neg.yaml,1
41,2,231,['input'],input,torch.baddbmm.yaml,1
42,2,231,['input'],input,torch.le.yaml,1
43,2,231,['input'],input,torch.nn.functional.normalize.yaml,1
44,2,231,['input'],input,torch.nn.utils.rnn.pack_padded_sequence.yaml,1
45,2,231,['input'],input,torch.add.yaml,1
46,2,231,['input'],input,torch.diag.yaml,1
47,2,231,['input'],input,torch.is_floating_point.yaml,1
48,2,231,['input'],input,torch.mv.yaml,1
49,2,231,['input'],input,torch.addr.yaml,1
50,2,231,['input'],input,torch.nn.functional.adaptive_avg_pool3d.yaml,1
51,2,231,['input'],input,torch.sigmoid.yaml,1
52,2,231,['input'],input,torch.irfft.yaml,1
53,2,231,['input'],input,torch.fmod.yaml,1
54,2,231,['input'],input,torch.nn.functional.adaptive_avg_pool1d.yaml,1
55,2,231,['input'],input,torch.empty_like.yaml,1
56,2,231,['input'],input,torch.combinations.yaml,1
57,2,231,['input'],input,torch.gt.yaml,1
58,2,231,['input'],input,torch.ormqr.yaml,1
59,2,231,['input'],input2,torch.ormqr.yaml,1
60,2,231,['input'],input3,torch.ormqr.yaml,1
61,2,231,['input'],input,torch.ne.yaml,1
62,2,231,['input'],input,torch.erfinv.yaml,1
63,2,231,['input'],input,torch.addbmm.yaml,1
64,2,231,['input'],input,torch.cummin.yaml,1
65,2,231,['input'],input,torch.bitwise_and.yaml,1
66,2,231,['input'],input,torch.nn.functional.embedding.yaml,1
67,2,231,['input'],input,torch.nn.quantized.functional.adaptive_avg_pool2d.yaml,1
68,2,231,['input'],input,torch.pinverse.yaml,1
69,2,231,['input'],input,torch.topk.yaml,1
70,2,231,['input'],input,torch.nn.functional.conv_transpose3d.yaml,1
71,2,231,['input'],input,torch.sparse.sum.yaml,1
72,2,231,['input'],input,torch.reciprocal.yaml,1
73,2,231,['input'],input,torch.quantize_per_channel.yaml,1
74,2,231,['input'],input,torch.zeros_like.yaml,1
75,2,231,['input'],input_names,torch.onnx.export.yaml,1
76,2,231,['input'],input,torch.cos.yaml,1
77,2,231,['input'],input,torch.masked_select.yaml,1
78,2,231,['input'],input,torch.matrix_power.yaml,1
79,2,231,['input'],input,torch.min2.yaml,1
80,2,231,['input'],input,torch.angle.yaml,1
81,2,231,['input'],input,torch.erfc.yaml,1
82,2,231,['input'],input,torch.round.yaml,1
83,2,231,['input'],input,torch.polygamma.yaml,1
84,2,231,['input'],input,torch.fft.yaml,1
85,2,231,['input'],input,torch.nn.functional.conv_transpose1d.yaml,1
86,2,231,['input'],input,torch.cross.yaml,1
87,2,231,['input'],input,torch.triangular_solve.yaml,1
88,2,231,['input'],input,torch.argmin2.yaml,1
89,2,231,['input'],input,torch.acos.yaml,1
90,2,231,['input'],input,torch.nn.functional.kl_div.yaml,1
91,2,231,['input'],input,torch.nn.functional.avg_pool2d.yaml,1
92,2,231,['input'],input,torch.nn.functional.dropout.yaml,1
93,2,231,['input'],input,torch.numel.yaml,1
94,2,231,['input'],input,torch.addmm.yaml,1
95,2,231,['input'],input,torch.randn_like.yaml,1
96,2,231,['input'],input,torch.nn.functional.binary_cross_entropy.yaml,1
97,2,231,['input'],input,torch.orgqr.yaml,1
98,2,231,['input'],input2,torch.orgqr.yaml,1
99,2,231,['input'],input,torch.nn.functional.conv1d.yaml,1
100,2,231,['input'],input,torch.addcmul.yaml,1
101,2,231,['input'],input,torch.nn.functional.log_softmax.yaml,1
102,2,231,['input'],input,torch.bitwise_not.yaml,1
103,2,231,['input'],input,torch.ifft.yaml,1
104,2,231,['input'],input,torch.var_mean2.yaml,1
105,2,231,['input'],input,torch.trunc.yaml,1
106,2,231,['input'],input,torch.nn.functional.conv3d.yaml,1
107,2,231,['input'],input,torch.conj.yaml,1
108,2,231,['input'],input,torch.repeat_interleave.yaml,1
109,2,231,['input'],input,torch.mul.yaml,1
110,2,231,['input'],input,torch.nn.functional.adaptive_avg_pool2d.yaml,1
111,2,231,['input'],input,torch.remainder.yaml,1
112,2,231,['input'],input,torch.cholesky_solve.yaml,1
113,2,231,['input'],input2,torch.cholesky_solve.yaml,1
114,2,231,['input'],input,torch.median2.yaml,1
115,2,231,['input'],input,torch.histc.yaml,1
116,2,231,['input'],input,torch.symeig.yaml,1
117,2,231,['input'],input,torch.clamp.yaml,1
118,2,231,['input'],input_tensor_list,torch.distributed.all_gather_multigpu.yaml,1
119,2,231,['input'],input,torch.flatten.yaml,1
120,2,231,['input'],input,torch.argsort.yaml,1
121,2,231,['input'],input,torch.eq.yaml,1
122,2,231,['input'],input,torch.logical_or.yaml,1
123,2,231,['input'],input,torch.inverse.yaml,1
124,2,231,['input'],input,torch.logsumexp.yaml,1
125,2,231,['input'],input,torch.mean.yaml,1
126,2,231,['input'],input,torch.sort.yaml,1
127,2,231,['input'],input,torch.logical_and.yaml,1
128,2,231,['input'],input,torch.sin.yaml,1
129,2,231,['input'],input,torch.tan.yaml,1
130,2,231,['input'],input,torch.is_complex.yaml,1
131,2,231,['input'],input,torch.argmin.yaml,1
132,2,231,['input'],input,torch.max2.yaml,1
133,2,231,['input'],input,torch.cumprod.yaml,1
134,2,231,['input'],input,torch.diag_embed.yaml,1
135,2,231,['input'],input,torch.imag.yaml,1
136,2,231,['input'],input,torch.matmul.yaml,1
137,2,231,['input'],input,torch.atan.yaml,1
138,2,231,['input'],input,torch.cosh.yaml,1
139,2,231,['input'],input,torch.asin.yaml,1
140,2,231,['input'],input,torch.argmax2.yaml,1
141,2,231,['input'],input,torch.nn.quantized.functional.linear.yaml,1
142,2,231,['input'],input,torch.stft.yaml,1
143,2,231,['input'],input,torch.nn.functional.dropout2d.yaml,1
144,2,231,['input'],input,torch.square.yaml,1
145,2,231,['input'],input,torch.median.yaml,1
146,2,231,['input'],input,torch.slogdet.yaml,1
147,2,231,['input'],input,torch.bmm.yaml,1
148,2,231,['input'],input,torch.mvlgamma.yaml,1
149,2,231,['input'],input,torch.quantize_per_tensor.yaml,1
150,2,231,['input'],input,torch.nn.quantized.functional.conv2d.yaml,1
151,2,231,['input'],input,torch.ge.yaml,1
152,2,231,['input'],input,torch.log2.yaml,1
153,2,231,['input'],input,torch.logical_xor.yaml,1
154,2,231,['input'],input,torch.prod.yaml,1
155,2,231,['input'],input,torch.argmax.yaml,1
156,2,231,['input'],input,torch.floor.yaml,1
157,2,231,['input'],input,torch.addmv.yaml,1
158,2,231,['input'],input,torch.narrow.yaml,1
159,2,231,['input'],input,torch.norm.yaml,1
160,2,231,['input'],input,torch.lt.yaml,1
161,2,231,['input'],input,torch.unique.yaml,1
162,2,231,['input'],input,torch.index_select.yaml,1
163,2,231,['input'],input,torch.kthvalue.yaml,1
164,2,231,['input'],input,torch.solve.yaml,1
165,2,231,['input'],input,torch.nn.functional.pad.yaml,1
166,2,231,['input'],input,torch.atan2.yaml,1
167,2,231,['input'],input,torch.flip.yaml,1
168,2,231,['input'],input,torch.qr.yaml,1
169,2,231,['input'],input,torch.var2.yaml,1
170,2,231,['input'],input,torch.logical_not.yaml,1
171,2,231,['input'],input,torch.lstsq.yaml,1
172,2,231,['input'],input,torch.multinomial.yaml,1
173,2,231,['input'],input,torch.cholesky_inverse.yaml,1
174,2,231,['input'],input,torch.min.yaml,1
175,2,231,['input'],input,torch.expm1.yaml,1
176,2,231,['input'],input,torch.mode.yaml,1
177,2,231,['input'],input,torch.nn.functional.nll_loss.yaml,1
178,2,231,['input'],input,torch.log.yaml,1
179,2,231,['input'],input,torch.nn.functional.dropout3d.yaml,1
180,2,231,['input'],input,torch.abs.yaml,1
181,2,231,['input'],input,torch.tril.yaml,1
182,2,231,['input'],input,torch.bincount.yaml,1
183,2,231,['input'],input,torch.triu.yaml,1
184,2,231,['input'],input,torch.nn.quantized.functional.interpolate.yaml,1
185,2,231,['input'],input,torch.utils.checkpoint.checkpoint_sequential.yaml,1
186,2,231,['input'],input,torch.nn.functional.softmin.yaml,1
187,2,231,['input'],input,torch.unsqueeze.yaml,1
188,2,231,['input'],input,torch.allclose.yaml,1
189,2,231,['input'],input,torch.log10.yaml,1
190,2,231,['input'],input,torch.chunk.yaml,1
191,2,231,['input'],input,torch.nn.functional.cross_entropy.yaml,1
192,2,231,['input'],input,torch.ger.yaml,1
193,2,231,['input'],input,torch.bitwise_or.yaml,1
194,2,231,['input'],input,torch.std_mean2.yaml,1
195,2,231,['input'],input,torch.sqrt.yaml,1
196,2,231,['input'],input,torch.lgamma.yaml,1
197,2,231,['input'],input,torch.sign.yaml,1
198,2,231,['input'],input,torch.unique_consecutive.yaml,1
199,2,231,['input'],input,torch.rot90.yaml,1
200,2,231,['input'],input,torch.geqrf.yaml,1
201,2,231,['input'],input,torch.dist.yaml,1
202,2,231,['input'],input,torch.squeeze.yaml,1
203,2,231,['input'],input,torch.cumsum.yaml,1
204,2,231,['input'],input,torch.nn.functional.softmax.yaml,1
205,2,231,['input'],input,torch.tanh.yaml,1
206,2,231,['input'],input,torch.t.yaml,1
207,2,231,['input'],input,torch.nn.functional.binary_cross_entropy_with_logits.yaml,1
208,2,231,['input'],input,torch.svd.yaml,1
209,2,231,['input'],input,torch.transpose.yaml,1
210,2,231,['input'],input,torch.logdet.yaml,1
211,2,231,['input'],input,torch.nn.functional.poisson_nll_loss.yaml,1
212,2,231,['input'],log_input,torch.nn.functional.poisson_nll_loss.yaml,1
213,2,231,['input'],input,torch.matrix_rank.yaml,1
214,2,231,['input'],input,torch.gather.yaml,1
215,2,231,['input'],input,torch.rand_like.yaml,1
216,2,231,['input'],input,torch.roll.yaml,1
217,2,231,['input'],input,torch.unbind.yaml,1
218,2,231,['input'],input,torch.nn.functional.interpolate.yaml,1
219,2,231,['input'],input,torch.floor_divide.yaml,1
220,2,231,['input'],input,torch.std.yaml,1
221,2,231,['input'],input,torch.diagonal.yaml,1
222,2,231,['input'],input,torch.diagflat.yaml,1
223,2,231,['input'],input,torch.renorm.yaml,1
224,2,231,['input'],input,torch.rsqrt.yaml,1
225,2,231,['input'],input,torch.digamma.yaml,1
226,2,231,['input'],input,torch.rfft.yaml,1
227,2,231,['input'],input,torch.nn.quantized.functional.relu.yaml,1
228,2,231,['input'],input,torch.max.yaml,1
229,2,231,['input'],input,torch.mm.yaml,1
230,2,231,['input'],input,torch.nn.quantized.functional.conv3d.yaml,1
231,3,105,['SOME_DTYPE'],device,torch.empty_strided.yaml,1
232,3,105,['SOME_DTYPE'],layout,torch.empty_strided.yaml,1
233,3,105,['SOME_DTYPE'],device,torch.cuda.max_memory_reserved.yaml,1
234,3,105,['SOME_DTYPE'],device,torch.arange.yaml,1
235,3,105,['SOME_DTYPE'],layout,torch.arange.yaml,1
236,3,105,['SOME_DTYPE'],device,torch.cuda.memory_reserved.yaml,1
237,3,105,['SOME_DTYPE'],pickle_module,torch.save.yaml,1
238,3,105,['SOME_DTYPE'],device,torch.ones_like.yaml,1
239,3,105,['SOME_DTYPE'],layout,torch.ones_like.yaml,1
240,3,105,['SOME_DTYPE'],_devices_kw,torch.random.fork_rng.yaml,1
241,3,105,['SOME_DTYPE'],devices,torch.random.fork_rng.yaml,1
242,3,105,['SOME_DTYPE'],is_python_module,torch.utils.cpp_extension.load_inline.yaml,1
243,3,105,['SOME_DTYPE'],device,torch.cuda.reset_max_memory_allocated.yaml,1
244,3,105,['SOME_DTYPE'],device,torch.cuda.memory_stats.yaml,1
245,3,105,['SOME_DTYPE'],model,torch.quantization.prepare_qat.yaml,1
246,3,105,['SOME_DTYPE'],device,torch.cuda.get_device_name.yaml,1
247,3,105,['SOME_DTYPE'],module,torch.nn.utils.spectral_norm.yaml,1
248,3,105,['SOME_DTYPE'],module,torch.nn.utils.prune.l1_unstructured.yaml,1
249,3,105,['SOME_DTYPE'],device,torch.empty_like.yaml,1
250,3,105,['SOME_DTYPE'],layout,torch.empty_like.yaml,1
251,3,105,['SOME_DTYPE'],module,torch.nn.utils.prune.random_unstructured.yaml,1
252,3,105,['SOME_DTYPE'],device,torch.cuda.memory_allocated.yaml,1
253,3,105,['SOME_DTYPE'],_devices_kw,torch.random.fork_rng2.yaml,1
254,3,105,['SOME_DTYPE'],devices,torch.random.fork_rng2.yaml,1
255,3,105,['SOME_DTYPE'],device,torch.hann_window.yaml,1
256,3,105,['SOME_DTYPE'],layout,torch.hann_window.yaml,1
257,3,105,['SOME_DTYPE'],module,torch.nn.utils.prune.ln_structured.yaml,1
258,3,105,['SOME_DTYPE'],device_ids,torch.nn.parallel.data_parallel.yaml,1
259,3,105,['SOME_DTYPE'],module,torch.nn.parallel.data_parallel.yaml,1
260,3,105,['SOME_DTYPE'],module_kwargs,torch.nn.parallel.data_parallel.yaml,1
261,3,105,['SOME_DTYPE'],output_device,torch.nn.parallel.data_parallel.yaml,1
262,3,105,['SOME_DTYPE'],device,torch.cuda.current_stream.yaml,1
263,3,105,['SOME_DTYPE'],device,torch.zeros_like.yaml,1
264,3,105,['SOME_DTYPE'],layout,torch.zeros_like.yaml,1
265,3,105,['SOME_DTYPE'],model,torch.quantization.quantize.yaml,1
266,3,105,['SOME_DTYPE'],devices,torch.cuda.comm.broadcast_coalesced.yaml,1
267,3,105,['SOME_DTYPE'],model,torch.onnx.export.yaml,1
268,3,105,['SOME_DTYPE'],strip_doc_string,torch.onnx.export.yaml,1
269,3,105,['SOME_DTYPE'],module,torch.quantization.convert.yaml,1
270,3,105,['SOME_DTYPE'],module,torch.nn.utils.remove_weight_norm.yaml,1
271,3,105,['SOME_DTYPE'],device,torch.cuda.set_device.yaml,1
272,3,105,['SOME_DTYPE'],device,torch.rand.yaml,1
273,3,105,['SOME_DTYPE'],layout,torch.rand.yaml,1
274,3,105,['SOME_DTYPE'],device,torch.eye.yaml,1
275,3,105,['SOME_DTYPE'],layout,torch.eye.yaml,1
276,3,105,['SOME_DTYPE'],module,torch.nn.utils.prune.random_structured.yaml,1
277,3,105,['SOME_DTYPE'],device,torch.randn_like.yaml,1
278,3,105,['SOME_DTYPE'],layout,torch.randn_like.yaml,1
279,3,105,['SOME_DTYPE'],device,torch.cuda.get_device_capability.yaml,1
280,3,105,['SOME_DTYPE'],module,torch.quantization.propagate_qconfig_.yaml,1
281,3,105,['SOME_DTYPE'],module,torch.nn.utils.prune.remove.yaml,1
282,3,105,['SOME_DTYPE'],devices,torch.cuda.comm.scatter.yaml,1
283,3,105,['SOME_DTYPE'],device,torch.cuda.max_memory_allocated.yaml,1
284,3,105,['SOME_DTYPE'],device,torch.cuda.memory_summary.yaml,1
285,3,105,['SOME_DTYPE'],module,torch.nn.utils.prune.is_pruned.yaml,1
286,3,105,['SOME_DTYPE'],device,torch.ones.yaml,1
287,3,105,['SOME_DTYPE'],layout,torch.ones.yaml,1
288,3,105,['SOME_DTYPE'],device,torch.randperm.yaml,1
289,3,105,['SOME_DTYPE'],layout,torch.randperm.yaml,1
290,3,105,['SOME_DTYPE'],model,torch.hub.load.yaml,1
291,3,105,['SOME_DTYPE'],model,torch.hub.help.yaml,1
292,3,105,['SOME_DTYPE'],model_dir,torch.utils.model_zoo.load_url.yaml,1
293,3,105,['SOME_DTYPE'],device,torch.cuda.synchronize.yaml,1
294,3,105,['SOME_DTYPE'],device,torch.triu_indices.yaml,1
295,3,105,['SOME_DTYPE'],layout,torch.triu_indices.yaml,1
296,3,105,['SOME_DTYPE'],module,torch.quantization.add_observer_.yaml,1
297,3,105,['SOME_DTYPE'],device,torch.tril_indices.yaml,1
298,3,105,['SOME_DTYPE'],layout,torch.tril_indices.yaml,1
299,3,105,['SOME_DTYPE'],pickle_module,torch.load.yaml,1
300,3,105,['SOME_DTYPE'],device,torch.linspace.yaml,1
301,3,105,['SOME_DTYPE'],layout,torch.linspace.yaml,1
302,3,105,['SOME_DTYPE'],model,torch.quantization.quantize_qat.yaml,1
303,3,105,['SOME_DTYPE'],device,torch.hamming_window.yaml,1
304,3,105,['SOME_DTYPE'],layout,torch.hamming_window.yaml,1
305,3,105,['SOME_DTYPE'],devices,torch.cuda.comm.broadcast.yaml,1
306,3,105,['SOME_DTYPE'],device,torch.cuda.default_stream.yaml,1
307,3,105,['SOME_DTYPE'],is_python_module,torch.utils.cpp_extension.load.yaml,1
308,3,105,['SOME_DTYPE'],module,torch.nn.utils.prune.custom_from_mask.yaml,1
309,3,105,['SOME_DTYPE'],device,torch.blackman_window.yaml,1
310,3,105,['SOME_DTYPE'],layout,torch.blackman_window.yaml,1
311,3,105,['SOME_DTYPE'],device,torch.as_tensor.yaml,1
312,3,105,['SOME_DTYPE'],device,torch.bartlett_window.yaml,1
313,3,105,['SOME_DTYPE'],layout,torch.bartlett_window.yaml,1
314,3,105,['SOME_DTYPE'],device,torch.logspace.yaml,1
315,3,105,['SOME_DTYPE'],layout,torch.logspace.yaml,1
316,3,105,['SOME_DTYPE'],device,torch.cuda.reset_max_memory_cached.yaml,1
317,3,105,['SOME_DTYPE'],module,torch.nn.utils.prune.identity.yaml,1
318,3,105,['SOME_DTYPE'],device,torch.tensor.yaml,1
319,3,105,['SOME_DTYPE'],module,torch.nn.utils.weight_norm.yaml,1
320,3,105,['SOME_DTYPE'],device,torch.sparse_coo_tensor.yaml,1
321,3,105,['SOME_DTYPE'],model,torch.quantization.fuse_modules.yaml,1
322,3,105,['SOME_DTYPE'],modules_to_fuse,torch.quantization.fuse_modules.yaml,1
323,3,105,['SOME_DTYPE'],module,torch.nn.utils.remove_spectral_norm.yaml,1
324,3,105,['SOME_DTYPE'],device,torch.zeros.yaml,1
325,3,105,['SOME_DTYPE'],layout,torch.zeros.yaml,1
326,3,105,['SOME_DTYPE'],device,torch.cuda.get_rng_state.yaml,1
327,3,105,['SOME_DTYPE'],device,torch.randn.yaml,1
328,3,105,['SOME_DTYPE'],layout,torch.randn.yaml,1
329,3,105,['SOME_DTYPE'],device,torch.cuda.set_rng_state.yaml,1
330,3,105,['SOME_DTYPE'],device,torch.rand_like.yaml,1
331,3,105,['SOME_DTYPE'],layout,torch.rand_like.yaml,1
332,3,105,['SOME_DTYPE'],model,torch.quantization.prepare.yaml,1
333,3,105,['SOME_DTYPE'],model_dir,torch.hub.load_state_dict_from_url.yaml,1
334,3,105,['SOME_DTYPE'],device,torch.full.yaml,1
335,3,105,['SOME_DTYPE'],layout,torch.full.yaml,1
336,4,63,['dim'],dim,torch.std2.yaml,1
337,4,63,['dim'],dim,torch.prod2.yaml,1
338,4,63,['dim'],dim,torch.cummax.yaml,1
339,4,63,['dim'],dim,torch.mean2.yaml,1
340,4,63,['dim'],dim,torch.sum2.yaml,1
341,4,63,['dim'],dim,torch.trapz.yaml,1
342,4,63,['dim'],dim,torch.nn.functional.glu.yaml,1
343,4,63,['dim'],dim,torch.nn.functional.gumbel_softmax.yaml,1
344,4,63,['dim'],dim,torch.nn.functional.normalize.yaml,1
345,4,63,['dim'],dim,torch.nn.utils.spectral_norm.yaml,1
346,4,63,['dim'],dim,torch.nn.functional.cosine_similarity.yaml,1
347,4,63,['dim'],dim,torch.cummin.yaml,1
348,4,63,['dim'],dim,torch.nn.utils.prune.ln_structured.yaml,1
349,4,63,['dim'],dim,torch.nn.parallel.data_parallel.yaml,1
350,4,63,['dim'],dim,torch.topk.yaml,1
351,4,63,['dim'],dim,torch.sparse.sum.yaml,1
352,4,63,['dim'],dim,torch.min2.yaml,1
353,4,63,['dim'],dim,torch.split.yaml,1
354,4,63,['dim'],dim,torch.cross.yaml,1
355,4,63,['dim'],dim,torch.argmin2.yaml,1
356,4,63,['dim'],dim,torch.nn.utils.prune.random_structured.yaml,1
357,4,63,['dim'],dim,torch.trapz2.yaml,1
358,4,63,['dim'],dim,torch.nn.functional.log_softmax.yaml,1
359,4,63,['dim'],dim,torch.var_mean2.yaml,1
360,4,63,['dim'],dim,torch.cuda.comm.scatter.yaml,1
361,4,63,['dim'],dim,torch.repeat_interleave.yaml,1
362,4,63,['dim'],dim,torch.median2.yaml,1
363,4,63,['dim'],end_dim,torch.flatten.yaml,1
364,4,63,['dim'],start_dim,torch.flatten.yaml,1
365,4,63,['dim'],dim,torch.argsort.yaml,1
366,4,63,['dim'],dim,torch.logsumexp.yaml,1
367,4,63,['dim'],dim,torch.sort.yaml,1
368,4,63,['dim'],dim,torch.stack.yaml,1
369,4,63,['dim'],dim,torch.max2.yaml,1
370,4,63,['dim'],dim,torch.cumprod.yaml,1
371,4,63,['dim'],dim1,torch.diag_embed.yaml,1
372,4,63,['dim'],dim2,torch.diag_embed.yaml,1
373,4,63,['dim'],dim,torch.argmax2.yaml,1
374,4,63,['dim'],dim,torch.narrow.yaml,1
375,4,63,['dim'],dim,torch.norm.yaml,1
376,4,63,['dim'],dim,torch.unique.yaml,1
377,4,63,['dim'],dim,torch.index_select.yaml,1
378,4,63,['dim'],dim,torch.kthvalue.yaml,1
379,4,63,['dim'],dim,torch.var2.yaml,1
380,4,63,['dim'],dim,torch.mode.yaml,1
381,4,63,['dim'],dim,torch.nn.functional.softmin.yaml,1
382,4,63,['dim'],dim,torch.unsqueeze.yaml,1
383,4,63,['dim'],dim,torch.chunk.yaml,1
384,4,63,['dim'],dim,torch.nn.utils.weight_norm.yaml,1
385,4,63,['dim'],dim,torch.std_mean2.yaml,1
386,4,63,['dim'],dim,torch.cat.yaml,1
387,4,63,['dim'],dim,torch.unique_consecutive.yaml,1
388,4,63,['dim'],dim,torch.squeeze.yaml,1
389,4,63,['dim'],dim,torch.cumsum.yaml,1
390,4,63,['dim'],dim,torch.nn.functional.softmax.yaml,1
391,4,63,['dim'],dim0,torch.transpose.yaml,1
392,4,63,['dim'],dim1,torch.transpose.yaml,1
393,4,63,['dim'],dim,torch.gather.yaml,1
394,4,63,['dim'],dim,torch.unbind.yaml,1
395,4,63,['dim'],dim,torch.cuda.comm.gather.yaml,1
396,4,63,['dim'],dim1,torch.diagonal.yaml,1
397,4,63,['dim'],dim2,torch.diagonal.yaml,1
398,4,63,['dim'],dim,torch.renorm.yaml,1
399,5,47,['tensor'],tensor1,torch.addcdiv.yaml,1
400,5,47,['tensor'],tensor2,torch.addcdiv.yaml,1
401,5,47,['tensor'],*tensors,torch.cartesian_prod.yaml,1
402,5,47,['tensor'],tensor,torch.nn.init.eye_.yaml,1
403,5,47,['tensor'],tensor,torch.distributed.all_reduce.yaml,1
404,5,47,['tensor'],tensor,torch.distributed.isend.yaml,1
405,5,47,['tensor'],tensor,torch.nn.init.orthogonal_.yaml,1
406,5,47,['tensor'],tensor,torch.distributed.all_gather.yaml,1
407,5,47,['tensor'],tensor_list,torch.distributed.all_gather.yaml,1
408,5,47,['tensor'],tensor,torch.distributed.gather.yaml,1
409,5,47,['tensor'],tensors,torch.cuda.comm.broadcast_coalesced.yaml,1
410,5,47,['tensor'],tensor,torch.nn.init.xavier_normal_.yaml,1
411,5,47,['tensor'],tensor,torch.split.yaml,1
412,5,47,['tensor'],tensor1,torch.addcmul.yaml,1
413,5,47,['tensor'],tensor2,torch.addcmul.yaml,1
414,5,47,['tensor'],tensor,torch.cuda.comm.scatter.yaml,1
415,5,47,['tensor'],tensor,torch.distributed.recv.yaml,1
416,5,47,['tensor'],src_tensor,torch.distributed.broadcast_multigpu.yaml,1
417,5,47,['tensor'],tensor_list,torch.distributed.broadcast_multigpu.yaml,1
418,5,47,['tensor'],tensor,torch.nn.init.dirac_.yaml,1
419,5,47,['tensor'],tensor,torch.distributed.reduce.yaml,1
420,5,47,['tensor'],input_tensor_list,torch.distributed.all_gather_multigpu.yaml,1
421,5,47,['tensor'],output_tensor_lists,torch.distributed.all_gather_multigpu.yaml,1
422,5,47,['tensor'],grad_tensors,torch.autograd.backward.yaml,1
423,5,47,['tensor'],tensors,torch.autograd.backward.yaml,1
424,5,47,['tensor'],tensor,torch.nn.init.zeros_.yaml,1
425,5,47,['tensor'],tensor,torch.distributed.send.yaml,1
426,5,47,['tensor'],tensors,torch.stack.yaml,1
427,5,47,['tensor'],tensor,torch.nn.init.uniform_.yaml,1
428,5,47,['tensor'],tensor,torch.cuda.comm.broadcast.yaml,1
429,5,47,['tensor'],tensor,torch.nn.init.normal_.yaml,1
430,5,47,['tensor'],tensor,torch.nn.init.constant_.yaml,1
431,5,47,['tensor'],tensor,torch.nn.functional.one_hot.yaml,1
432,5,47,['tensor'],tensor1,torch.result_type.yaml,1
433,5,47,['tensor'],tensor2,torch.result_type.yaml,1
434,5,47,['tensor'],tensor,torch.utils.dlpack.to_dlpack.yaml,1
435,5,47,['tensor'],tensors,torch.cat.yaml,1
436,5,47,['tensor'],tensor,torch.distributed.scatter.yaml,1
437,5,47,['tensor'],tensor,torch.distributed.irecv.yaml,1
438,5,47,['tensor'],*tensors,torch.broadcast_tensors.yaml,1
439,5,47,['tensor'],dst_tensor,torch.distributed.reduce_multigpu.yaml,1
440,5,47,['tensor'],tensor_list,torch.distributed.reduce_multigpu.yaml,1
441,5,47,['tensor'],tensor,torch.nn.init.xavier_uniform_.yaml,1
442,5,47,['tensor'],tensor,torch.nn.init.sparse_.yaml,1
443,5,47,['tensor'],tensor,torch.nn.init.ones_.yaml,1
444,5,47,['tensor'],tensors,torch.cuda.comm.gather.yaml,1
445,5,47,['tensor'],tensor,torch.distributed.broadcast.yaml,1
446,6,40,['dtype'],dtype,torch.prod2.yaml,1
447,6,40,['dtype'],dtype,torch.empty_strided.yaml,1
448,6,40,['dtype'],dtype,torch.arange.yaml,1
449,6,40,['dtype'],dtype,torch.sum2.yaml,1
450,6,40,['dtype'],dtype,torch.sum.yaml,1
451,6,40,['dtype'],dtype,torch.ones_like.yaml,1
452,6,40,['dtype'],dtype,torch.empty_like.yaml,1
453,6,40,['dtype'],dtype,torch.hann_window.yaml,1
454,6,40,['dtype'],dtype,torch.sparse.sum.yaml,1
455,6,40,['dtype'],dtype,torch.quantize_per_channel.yaml,1
456,6,40,['dtype'],dtype,torch.zeros_like.yaml,1
457,6,40,['dtype'],dtype,torch.rand.yaml,1
458,6,40,['dtype'],dtype,torch.eye.yaml,1
459,6,40,['dtype'],dtype,torch.randn_like.yaml,1
460,6,40,['dtype'],dtype,torch.nn.functional.log_softmax.yaml,1
461,6,40,['dtype'],dtype,torch.ones.yaml,1
462,6,40,['dtype'],dtype,torch.randperm.yaml,1
463,6,40,['dtype'],dtype,torch.cumprod.yaml,1
464,6,40,['dtype'],dtype,torch.triu_indices.yaml,1
465,6,40,['dtype'],dtype,torch.tril_indices.yaml,1
466,6,40,['dtype'],dtype,torch.linspace.yaml,1
467,6,40,['dtype'],dtype,torch.quantize_per_tensor.yaml,1
468,6,40,['dtype'],dtype,torch.nn.quantized.functional.conv2d.yaml,1
469,6,40,['dtype'],dtype,torch.hamming_window.yaml,1
470,6,40,['dtype'],dtype,torch.prod.yaml,1
471,6,40,['dtype'],dtype,torch.norm.yaml,1
472,6,40,['dtype'],dtype,torch.blackman_window.yaml,1
473,6,40,['dtype'],dtype,torch.as_tensor.yaml,1
474,6,40,['dtype'],dtype,torch.bartlett_window.yaml,1
475,6,40,['dtype'],dtype,torch.logspace.yaml,1
476,6,40,['dtype'],dtype,torch.nn.functional.softmin.yaml,1
477,6,40,['dtype'],dtype,torch.tensor.yaml,1
478,6,40,['dtype'],dtype,torch.sparse_coo_tensor.yaml,1
479,6,40,['dtype'],dtype,torch.cumsum.yaml,1
480,6,40,['dtype'],dtype,torch.zeros.yaml,1
481,6,40,['dtype'],dtype,torch.nn.functional.softmax.yaml,1
482,6,40,['dtype'],dtype,torch.randn.yaml,1
483,6,40,['dtype'],dtype,torch.rand_like.yaml,1
484,6,40,['dtype'],dtype,torch.full.yaml,1
485,6,40,['dtype'],dtype,torch.nn.quantized.functional.conv3d.yaml,1
486,7,32,['size'],output_size,torch.nn.functional.adaptive_max_pool3d.yaml,1
487,7,32,['size'],size,torch.empty_strided.yaml,1
488,7,32,['size'],kernel_size,torch.nn.functional.avg_pool3d.yaml,1
489,7,32,['size'],kernel_size,torch.nn.quantized.functional.avg_pool2d.yaml,1
490,7,32,['size'],kernel_size,torch.nn.functional.avg_pool1d.yaml,1
491,7,32,['size'],size,torch.as_strided.yaml,1
492,7,32,['size'],output_size,torch.nn.functional.adaptive_max_pool1d.yaml,1
493,7,32,['size'],output_size,torch.nn.functional.adaptive_avg_pool3d.yaml,1
494,7,32,['size'],output_size,torch.nn.functional.adaptive_avg_pool1d.yaml,1
495,7,32,['size'],output_size,torch.nn.quantized.functional.adaptive_avg_pool2d.yaml,1
496,7,32,['size'],size,torch.nn.functional.affine_grid.yaml,1
497,7,32,['size'],buffer_size,torch.cuda.comm.broadcast_coalesced.yaml,1
498,7,32,['size'],split_size_or_sections,torch.split.yaml,1
499,7,32,['size'],*size,torch.rand.yaml,1
500,7,32,['size'],output_size,torch.nn.functional.adaptive_max_pool2d.yaml,1
501,7,32,['size'],size_average,torch.nn.functional.kl_div.yaml,1
502,7,32,['size'],kernel_size,torch.nn.functional.avg_pool2d.yaml,1
503,7,32,['size'],size_average,torch.nn.functional.binary_cross_entropy.yaml,1
504,7,32,['size'],world_size,torch.distributed.init_process_group.yaml,1
505,7,32,['size'],output_size,torch.nn.functional.adaptive_avg_pool2d.yaml,1
506,7,32,['size'],*size,torch.ones.yaml,1
507,7,32,['size'],size,torch.normal222.yaml,1
508,7,32,['size'],size_average,torch.nn.functional.nll_loss.yaml,1
509,7,32,['size'],size,torch.nn.quantized.functional.interpolate.yaml,1
510,7,32,['size'],size_average,torch.nn.functional.cross_entropy.yaml,1
511,7,32,['size'],size,torch.sparse_coo_tensor.yaml,1
512,7,32,['size'],*size,torch.zeros.yaml,1
513,7,32,['size'],size_average,torch.nn.functional.binary_cross_entropy_with_logits.yaml,1
514,7,32,['size'],*size,torch.randn.yaml,1
515,7,32,['size'],size_average,torch.nn.functional.poisson_nll_loss.yaml,1
516,7,32,['size'],size,torch.nn.functional.interpolate.yaml,1
517,7,32,['size'],size,torch.full.yaml,1
518,8,29,['grad'],requires_grad,torch.empty_strided.yaml,1
519,8,29,['grad'],requires_grad,torch.arange.yaml,1
520,8,29,['grad'],requires_grad,torch.ones_like.yaml,1
521,8,29,['grad'],gen_non_contig_grad_outputs,torch.autograd.gradgradcheck.yaml,1
522,8,29,['grad'],grad_outputs,torch.autograd.gradgradcheck.yaml,1
523,8,29,['grad'],requires_grad,torch.empty_like.yaml,1
524,8,29,['grad'],requires_grad,torch.hann_window.yaml,1
525,8,29,['grad'],scale_grad_by_freq,torch.nn.functional.embedding.yaml,1
526,8,29,['grad'],requires_grad,torch.zeros_like.yaml,1
527,8,29,['grad'],requires_grad,torch.rand.yaml,1
528,8,29,['grad'],requires_grad,torch.eye.yaml,1
529,8,29,['grad'],requires_grad,torch.randn_like.yaml,1
530,8,29,['grad'],grad_tensors,torch.autograd.backward.yaml,1
531,8,29,['grad'],grad_variables,torch.autograd.backward.yaml,1
532,8,29,['grad'],requires_grad,torch.ones.yaml,1
533,8,29,['grad'],requires_grad,torch.randperm.yaml,1
534,8,29,['grad'],requires_grad,torch.linspace.yaml,1
535,8,29,['grad'],grad_outputs,torch.autograd.grad.yaml,1
536,8,29,['grad'],requires_grad,torch.hamming_window.yaml,1
537,8,29,['grad'],requires_grad,torch.blackman_window.yaml,1
538,8,29,['grad'],requires_grad,torch.bartlett_window.yaml,1
539,8,29,['grad'],requires_grad,torch.logspace.yaml,1
540,8,29,['grad'],requires_grad,torch.tensor.yaml,1
541,8,29,['grad'],requires_grad,torch.sparse_coo_tensor.yaml,1
542,8,29,['grad'],requires_grad,torch.zeros.yaml,1
543,8,29,['grad'],requires_grad,torch.randn.yaml,1
544,8,29,['grad'],sparse_grad,torch.gather.yaml,1
545,8,29,['grad'],requires_grad,torch.rand_like.yaml,1
546,8,29,['grad'],requires_grad,torch.full.yaml,1
547,9,22,"['requires', 'grad']",requires_grad,torch.empty_strided.yaml,2
548,9,22,"['requires', 'grad']",requires_grad,torch.arange.yaml,2
549,9,22,"['requires', 'grad']",requires_grad,torch.ones_like.yaml,2
550,9,22,"['requires', 'grad']",requires_grad,torch.empty_like.yaml,2
551,9,22,"['requires', 'grad']",requires_grad,torch.hann_window.yaml,2
552,9,22,"['requires', 'grad']",requires_grad,torch.zeros_like.yaml,2
553,9,22,"['requires', 'grad']",requires_grad,torch.rand.yaml,2
554,9,22,"['requires', 'grad']",requires_grad,torch.eye.yaml,2
555,9,22,"['requires', 'grad']",requires_grad,torch.randn_like.yaml,2
556,9,22,"['requires', 'grad']",requires_grad,torch.ones.yaml,2
557,9,22,"['requires', 'grad']",requires_grad,torch.randperm.yaml,2
558,9,22,"['requires', 'grad']",requires_grad,torch.linspace.yaml,2
559,9,22,"['requires', 'grad']",requires_grad,torch.hamming_window.yaml,2
560,9,22,"['requires', 'grad']",requires_grad,torch.blackman_window.yaml,2
561,9,22,"['requires', 'grad']",requires_grad,torch.bartlett_window.yaml,2
562,9,22,"['requires', 'grad']",requires_grad,torch.logspace.yaml,2
563,9,22,"['requires', 'grad']",requires_grad,torch.tensor.yaml,2
564,9,22,"['requires', 'grad']",requires_grad,torch.sparse_coo_tensor.yaml,2
565,9,22,"['requires', 'grad']",requires_grad,torch.zeros.yaml,2
566,9,22,"['requires', 'grad']",requires_grad,torch.randn.yaml,2
567,9,22,"['requires', 'grad']",requires_grad,torch.rand_like.yaml,2
568,9,22,"['requires', 'grad']",requires_grad,torch.full.yaml,2
569,10,21,['padding'],padding_value,torch.nn.utils.rnn.pad_sequence.yaml,1
570,10,21,['padding'],padding,torch.nn.functional.avg_pool3d.yaml,1
571,10,21,['padding'],padding,torch.nn.quantized.functional.avg_pool2d.yaml,1
572,10,21,['padding'],padding_mode,torch.nn.functional.grid_sample.yaml,1
573,10,21,['padding'],output_padding,torch.nn.functional.conv_transpose2d.yaml,1
574,10,21,['padding'],padding,torch.nn.functional.conv_transpose2d.yaml,1
575,10,21,['padding'],padding,torch.nn.functional.avg_pool1d.yaml,1
576,10,21,['padding'],padding,torch.nn.functional.conv2d.yaml,1
577,10,21,['padding'],padding_idx,torch.nn.functional.embedding.yaml,1
578,10,21,['padding'],output_padding,torch.nn.functional.conv_transpose3d.yaml,1
579,10,21,['padding'],padding,torch.nn.functional.conv_transpose3d.yaml,1
580,10,21,['padding'],output_padding,torch.nn.functional.conv_transpose1d.yaml,1
581,10,21,['padding'],padding,torch.nn.functional.conv_transpose1d.yaml,1
582,10,21,['padding'],padding,torch.nn.functional.avg_pool2d.yaml,1
583,10,21,['padding'],padding,torch.nn.functional.conv1d.yaml,1
584,10,21,['padding'],padding,torch.nn.functional.conv3d.yaml,1
585,10,21,['padding'],padding,torch.nn.quantized.functional.conv2d.yaml,1
586,10,21,['padding'],padding_mode,torch.nn.quantized.functional.conv2d.yaml,1
587,10,21,['padding'],padding_value,torch.nn.utils.rnn.pad_packed_sequence.yaml,1
588,10,21,['padding'],padding,torch.nn.quantized.functional.conv3d.yaml,1
589,10,21,['padding'],padding_mode,torch.nn.quantized.functional.conv3d.yaml,1
590,11,18,['group'],group,torch.distributed.get_backend.yaml,1
591,11,18,['group'],group,torch.distributed.all_reduce.yaml,1
592,11,18,['group'],group,torch.distributed.isend.yaml,1
593,11,18,['group'],group,torch.distributed.barrier.yaml,1
594,11,18,['group'],group,torch.distributed.all_gather.yaml,1
595,11,18,['group'],group,torch.distributed.gather.yaml,1
596,11,18,['group'],group_name,torch.distributed.init_process_group.yaml,1
597,11,18,['group'],group,torch.distributed.recv.yaml,1
598,11,18,['group'],group,torch.distributed.broadcast_multigpu.yaml,1
599,11,18,['group'],group,torch.distributed.reduce.yaml,1
600,11,18,['group'],group,torch.distributed.all_gather_multigpu.yaml,1
601,11,18,['group'],group,torch.distributed.send.yaml,1
602,11,18,['group'],group,torch.distributed.get_world_size.yaml,1
603,11,18,['group'],group,torch.distributed.scatter.yaml,1
604,11,18,['group'],group,torch.distributed.irecv.yaml,1
605,11,18,['group'],group,torch.distributed.reduce_multigpu.yaml,1
606,11,18,['group'],group,torch.distributed.broadcast.yaml,1
607,11,18,['group'],group,torch.distributed.get_rank.yaml,1
608,12,16,['keepdim'],keepdim,torch.std2.yaml,1
609,12,16,['keepdim'],keepdim,torch.prod2.yaml,1
610,12,16,['keepdim'],keepdim,torch.mean2.yaml,1
611,12,16,['keepdim'],keepdim,torch.sum2.yaml,1
612,12,16,['keepdim'],keepdim,torch.min2.yaml,1
613,12,16,['keepdim'],keepdim,torch.argmin2.yaml,1
614,12,16,['keepdim'],keepdim,torch.var_mean2.yaml,1
615,12,16,['keepdim'],keepdim,torch.median2.yaml,1
616,12,16,['keepdim'],keepdim,torch.logsumexp.yaml,1
617,12,16,['keepdim'],keepdim,torch.max2.yaml,1
618,12,16,['keepdim'],keepdim,torch.argmax2.yaml,1
619,12,16,['keepdim'],keepdim,torch.norm.yaml,1
620,12,16,['keepdim'],keepdim,torch.kthvalue.yaml,1
621,12,16,['keepdim'],keepdim,torch.var2.yaml,1
622,12,16,['keepdim'],keepdim,torch.mode.yaml,1
623,12,16,['keepdim'],keepdim,torch.std_mean2.yaml,1
624,13,16,['mode'],ceil_mode,torch.nn.functional.avg_pool3d.yaml,1
625,13,16,['mode'],ceil_mode,torch.nn.quantized.functional.avg_pool2d.yaml,1
626,13,16,['mode'],mode,torch.nn.functional.grid_sample.yaml,1
627,13,16,['mode'],padding_mode,torch.nn.functional.grid_sample.yaml,1
628,13,16,['mode'],ceil_mode,torch.nn.functional.avg_pool1d.yaml,1
629,13,16,['mode'],compute_mode,torch.cdist.yaml,1
630,13,16,['mode'],ceil_mode,torch.nn.functional.avg_pool2d.yaml,1
631,13,16,['mode'],sci_mode,torch.set_printoptions.yaml,1
632,13,16,['mode'],pad_mode,torch.stft.yaml,1
633,13,16,['mode'],padding_mode,torch.nn.quantized.functional.conv2d.yaml,1
634,13,16,['mode'],mode,torch.set_flush_denormal.yaml,1
635,13,16,['mode'],mode,torch.nn.functional.pad.yaml,1
636,13,16,['mode'],mode,torch.nn.quantized.functional.interpolate.yaml,1
637,13,16,['mode'],mode,torch.set_grad_enabled.yaml,1
638,13,16,['mode'],mode,torch.nn.functional.interpolate.yaml,1
639,13,16,['mode'],padding_mode,torch.nn.quantized.functional.conv3d.yaml,1
640,14,16,['weight'],weight,torch.lerp.yaml,1
641,14,16,['weight'],weight,torch.nn.functional.conv_transpose2d.yaml,1
642,14,16,['weight'],weight,torch.nn.functional.conv2d.yaml,1
643,14,16,['weight'],weight,torch.nn.functional.embedding.yaml,1
644,14,16,['weight'],weight,torch.nn.functional.conv_transpose3d.yaml,1
645,14,16,['weight'],weight,torch.nn.functional.conv_transpose1d.yaml,1
646,14,16,['weight'],weight,torch.nn.functional.binary_cross_entropy.yaml,1
647,14,16,['weight'],weight,torch.nn.functional.conv1d.yaml,1
648,14,16,['weight'],weight,torch.nn.functional.conv3d.yaml,1
649,14,16,['weight'],weight,torch.nn.quantized.functional.linear.yaml,1
650,14,16,['weight'],weight,torch.nn.quantized.functional.conv2d.yaml,1
651,14,16,['weight'],weight,torch.nn.functional.nll_loss.yaml,1
652,14,16,['weight'],weight,torch.nn.functional.cross_entropy.yaml,1
653,14,16,['weight'],pos_weight,torch.nn.functional.binary_cross_entropy_with_logits.yaml,1
654,14,16,['weight'],weight,torch.nn.functional.binary_cross_entropy_with_logits.yaml,1
655,14,16,['weight'],weight,torch.nn.quantized.functional.conv3d.yaml,1
656,15,15,['inputs'],inputs,torch.autograd.functional.hvp.yaml,1
657,15,15,['inputs'],inputs,torch.autograd.functional.vjp.yaml,1
658,15,15,['inputs'],inputs,torch.autograd.gradgradcheck.yaml,1
659,15,15,['inputs'],inputs,torch.autograd.functional.jvp.yaml,1
660,15,15,['inputs'],inputs,torch.autograd.functional.vhp.yaml,1
661,15,15,['inputs'],inputs,torch.nn.parallel.data_parallel.yaml,1
662,15,15,['inputs'],inputs,torch.autograd.functional.jacobian.yaml,1
663,15,15,['inputs'],keep_initializers_as_inputs,torch.onnx.export.yaml,1
664,15,15,['inputs'],inputs,torch.cuda.comm.reduce_add.yaml,1
665,15,15,['inputs'],check_inputs,torch.jit.trace.yaml,1
666,15,15,['inputs'],example_inputs,torch.jit.trace.yaml,1
667,15,15,['inputs'],inputs,torch.autograd.grad.yaml,1
668,15,15,['inputs'],only_inputs,torch.autograd.grad.yaml,1
669,15,15,['inputs'],inputs,torch.autograd.gradcheck.yaml,1
670,15,15,['inputs'],inputs,torch.autograd.functional.hessian.yaml,1
671,16,15,['name'],name,torch.utils.cpp_extension.load_inline.yaml,1
672,16,15,['name'],name,torch.nn.utils.spectral_norm.yaml,1
673,16,15,['name'],name,torch.nn.utils.prune.l1_unstructured.yaml,1
674,16,15,['name'],name,torch.nn.utils.prune.random_unstructured.yaml,1
675,16,15,['name'],name,torch.nn.utils.prune.ln_structured.yaml,1
676,16,15,['name'],_retain_param_name,torch.onnx.export.yaml,1
677,16,15,['name'],name,torch.nn.utils.remove_weight_norm.yaml,1
678,16,15,['name'],name,torch.nn.utils.prune.random_structured.yaml,1
679,16,15,['name'],name,torch.nn.utils.prune.remove.yaml,1
680,16,15,['name'],group_name,torch.distributed.init_process_group.yaml,1
681,16,15,['name'],name,torch.utils.cpp_extension.load.yaml,1
682,16,15,['name'],name,torch.nn.utils.prune.custom_from_mask.yaml,1
683,16,15,['name'],name,torch.nn.utils.prune.identity.yaml,1
684,16,15,['name'],name,torch.nn.utils.weight_norm.yaml,1
685,16,15,['name'],name,torch.nn.utils.remove_spectral_norm.yaml,1
686,17,14,['stride'],stride,torch.empty_strided.yaml,1
687,17,14,['stride'],stride,torch.nn.functional.avg_pool3d.yaml,1
688,17,14,['stride'],stride,torch.nn.quantized.functional.avg_pool2d.yaml,1
689,17,14,['stride'],stride,torch.nn.functional.conv_transpose2d.yaml,1
690,17,14,['stride'],stride,torch.nn.functional.avg_pool1d.yaml,1
691,17,14,['stride'],stride,torch.as_strided.yaml,1
692,17,14,['stride'],stride,torch.nn.functional.conv2d.yaml,1
693,17,14,['stride'],stride,torch.nn.functional.conv_transpose3d.yaml,1
694,17,14,['stride'],stride,torch.nn.functional.conv_transpose1d.yaml,1
695,17,14,['stride'],stride,torch.nn.functional.avg_pool2d.yaml,1
696,17,14,['stride'],stride,torch.nn.functional.conv1d.yaml,1
697,17,14,['stride'],stride,torch.nn.functional.conv3d.yaml,1
698,17,14,['stride'],stride,torch.nn.quantized.functional.conv2d.yaml,1
699,17,14,['stride'],stride,torch.nn.quantized.functional.conv3d.yaml,1
700,18,13,['output'],output_size,torch.nn.functional.adaptive_max_pool3d.yaml,1
701,18,13,['output'],output_padding,torch.nn.functional.conv_transpose2d.yaml,1
702,18,13,['output'],output_size,torch.nn.functional.adaptive_max_pool1d.yaml,1
703,18,13,['output'],output_size,torch.nn.functional.adaptive_avg_pool3d.yaml,1
704,18,13,['output'],output_size,torch.nn.functional.adaptive_avg_pool1d.yaml,1
705,18,13,['output'],output_size,torch.nn.quantized.functional.adaptive_avg_pool2d.yaml,1
706,18,13,['output'],output_device,torch.nn.parallel.data_parallel.yaml,1
707,18,13,['output'],output_padding,torch.nn.functional.conv_transpose3d.yaml,1
708,18,13,['output'],output_names,torch.onnx.export.yaml,1
709,18,13,['output'],output_size,torch.nn.functional.adaptive_max_pool2d.yaml,1
710,18,13,['output'],output_padding,torch.nn.functional.conv_transpose1d.yaml,1
711,18,13,['output'],output_size,torch.nn.functional.adaptive_avg_pool2d.yaml,1
712,18,13,['output'],output_tensor_lists,torch.distributed.all_gather_multigpu.yaml,1
713,19,13,['op'],async_op,torch.distributed.all_reduce.yaml,1
714,19,13,['op'],op,torch.distributed.all_reduce.yaml,1
715,19,13,['op'],async_op,torch.distributed.barrier.yaml,1
716,19,13,['op'],async_op,torch.distributed.all_gather.yaml,1
717,19,13,['op'],async_op,torch.distributed.gather.yaml,1
718,19,13,['op'],async_op,torch.distributed.broadcast_multigpu.yaml,1
719,19,13,['op'],async_op,torch.distributed.reduce.yaml,1
720,19,13,['op'],op,torch.distributed.reduce.yaml,1
721,19,13,['op'],async_op,torch.distributed.all_gather_multigpu.yaml,1
722,19,13,['op'],async_op,torch.distributed.scatter.yaml,1
723,19,13,['op'],async_op,torch.distributed.reduce_multigpu.yaml,1
724,19,13,['op'],op,torch.distributed.reduce_multigpu.yaml,1
725,19,13,['op'],async_op,torch.distributed.broadcast.yaml,1
726,20,12,['p'],type_p,torch.distributions.kl.register_kl.yaml,1
727,20,12,['p'],p,torch.distributions.kl.kl_divergence.yaml,1
728,20,12,['p'],p,torch.nn.functional.pdist.yaml,1
729,20,12,['p'],p,torch.nn.functional.normalize.yaml,1
730,20,12,['p'],p,torch.cdist.yaml,1
731,20,12,['p'],p,torch.nn.functional.dropout.yaml,1
732,20,12,['p'],p,torch.nn.functional.dropout2d.yaml,1
733,20,12,['p'],p,torch.mvlgamma.yaml,1
734,20,12,['p'],p,torch.norm.yaml,1
735,20,12,['p'],p,torch.nn.functional.dropout3d.yaml,1
736,20,12,['p'],p,torch.dist.yaml,1
737,20,12,['p'],p,torch.renorm.yaml,1
738,21,10,['args'],*args,torch.nn.functional.adaptive_max_pool3d.yaml,1
739,21,10,['args'],*args,torch.nn.functional.adaptive_max_pool1d.yaml,1
740,21,10,['args'],run_args,torch.quantization.quantize.yaml,1
741,21,10,['args'],args,torch.onnx.export.yaml,1
742,21,10,['args'],*args,torch.nn.functional.adaptive_max_pool2d.yaml,1
743,21,10,['args'],*args,torch.lu.yaml,1
744,21,10,['args'],*args,torch.hub.load.yaml,1
745,21,10,['args'],**pickle_load_args,torch.load.yaml,1
746,21,10,['args'],run_args,torch.quantization.quantize_qat.yaml,1
747,21,10,['args'],*args,torch.utils.checkpoint.checkpoint.yaml,1
748,22,10,['graph'],create_graph,torch.autograd.functional.hvp.yaml,1
749,22,10,['graph'],create_graph,torch.autograd.functional.vjp.yaml,1
750,22,10,['graph'],create_graph,torch.autograd.functional.jvp.yaml,1
751,22,10,['graph'],create_graph,torch.autograd.functional.vhp.yaml,1
752,22,10,['graph'],create_graph,torch.autograd.functional.jacobian.yaml,1
753,22,10,['graph'],create_graph,torch.autograd.backward.yaml,1
754,22,10,['graph'],retain_graph,torch.autograd.backward.yaml,1
755,22,10,['graph'],create_graph,torch.autograd.grad.yaml,1
756,22,10,['graph'],retain_graph,torch.autograd.grad.yaml,1
757,22,10,['graph'],create_graph,torch.autograd.functional.hessian.yaml,1
758,23,10,['func'],func,torch.autograd.functional.hvp.yaml,1
759,23,10,['func'],func,torch.autograd.functional.vjp.yaml,1
760,23,10,['func'],func,torch.autograd.gradgradcheck.yaml,1
761,23,10,['func'],func,torch.autograd.functional.jvp.yaml,1
762,23,10,['func'],func,torch.autograd.functional.vhp.yaml,1
763,23,10,['func'],func,torch.autograd.functional.jacobian.yaml,1
764,23,10,['func'],func,torch.jit.trace.yaml,1
765,23,10,['func'],func,torch.autograd.gradcheck.yaml,1
766,23,10,['func'],func,torch.autograd.functional.hessian.yaml,1
767,23,10,['func'],fuser_func,torch.quantization.fuse_modules.yaml,1
768,24,10,"['async', 'op']",async_op,torch.distributed.all_reduce.yaml,2
769,24,10,"['async', 'op']",async_op,torch.distributed.barrier.yaml,2
770,24,10,"['async', 'op']",async_op,torch.distributed.all_gather.yaml,2
771,24,10,"['async', 'op']",async_op,torch.distributed.gather.yaml,2
772,24,10,"['async', 'op']",async_op,torch.distributed.broadcast_multigpu.yaml,2
773,24,10,"['async', 'op']",async_op,torch.distributed.reduce.yaml,2
774,24,10,"['async', 'op']",async_op,torch.distributed.all_gather_multigpu.yaml,2
775,24,10,"['async', 'op']",async_op,torch.distributed.scatter.yaml,2
776,24,10,"['async', 'op']",async_op,torch.distributed.reduce_multigpu.yaml,2
777,24,10,"['async', 'op']",async_op,torch.distributed.broadcast.yaml,2
778,25,10,['extra'],extra_cflags,torch.utils.cpp_extension.load_inline.yaml,1
779,25,10,['extra'],extra_cuda_cflags,torch.utils.cpp_extension.load_inline.yaml,1
780,25,10,['extra'],extra_include_paths,torch.utils.cpp_extension.load_inline.yaml,1
781,25,10,['extra'],extra_ldflags,torch.utils.cpp_extension.load_inline.yaml,1
782,25,10,['extra'],_extra_files,torch.jit.save.yaml,1
783,25,10,['extra'],extra_cflags,torch.utils.cpp_extension.load.yaml,1
784,25,10,['extra'],extra_cuda_cflags,torch.utils.cpp_extension.load.yaml,1
785,25,10,['extra'],extra_include_paths,torch.utils.cpp_extension.load.yaml,1
786,25,10,['extra'],extra_ldflags,torch.utils.cpp_extension.load.yaml,1
787,25,10,['extra'],_extra_files,torch.jit.load.yaml,1
788,26,10,['inplace'],inplace,torch.quantization.prepare_qat.yaml,1
789,26,10,['inplace'],inplace,torch.quantization.quantize.yaml,1
790,26,10,['inplace'],inplace,torch.quantization.convert.yaml,1
791,26,10,['inplace'],inplace,torch.nn.functional.dropout.yaml,1
792,26,10,['inplace'],inplace,torch.nn.functional.dropout2d.yaml,1
793,26,10,['inplace'],inplace,torch.quantization.quantize_qat.yaml,1
794,26,10,['inplace'],inplace,torch.nn.functional.dropout3d.yaml,1
795,26,10,['inplace'],inplace,torch.quantization.fuse_modules.yaml,1
796,26,10,['inplace'],inplace,torch.quantization.prepare.yaml,1
797,26,10,['inplace'],inplace,torch.nn.quantized.functional.relu.yaml,1
798,27,10,['mat'],mat1,torch.addmm.yaml,1
799,27,10,['mat'],mat2,torch.addmm.yaml,1
800,27,10,['mat'],mat,torch.sparse.addmm.yaml,1
801,27,10,['mat'],mat1,torch.sparse.addmm.yaml,1
802,27,10,['mat'],mat2,torch.sparse.addmm.yaml,1
803,27,10,['mat'],mat1,torch.sparse.mm.yaml,1
804,27,10,['mat'],mat2,torch.sparse.mm.yaml,1
805,27,10,['mat'],mat2,torch.bmm.yaml,1
806,27,10,['mat'],mat,torch.addmv.yaml,1
807,27,10,['mat'],mat2,torch.mm.yaml,1
808,28,9,['kwargs'],**kwargs,torch.nn.functional.adaptive_max_pool3d.yaml,1
809,28,9,['kwargs'],**kwargs,torch.nn.functional.adaptive_max_pool1d.yaml,1
810,28,9,['kwargs'],module_kwargs,torch.nn.parallel.data_parallel.yaml,1
811,28,9,['kwargs'],**kwargs,torch.nn.utils.prune.global_unstructured.yaml,1
812,28,9,['kwargs'],**kwargs,torch.nn.functional.adaptive_max_pool2d.yaml,1
813,28,9,['kwargs'],**kwargs,torch.lu.yaml,1
814,28,9,['kwargs'],**kwargs,torch.hub.load.yaml,1
815,28,9,['kwargs'],**kwargs,torch.utils.checkpoint.checkpoint_sequential.yaml,1
816,28,9,['kwargs'],**kwargs,torch.utils.checkpoint.checkpoint.yaml,1
817,29,9,['bias'],bias,torch.nn.functional.conv_transpose2d.yaml,1
818,29,9,['bias'],bias,torch.nn.functional.conv2d.yaml,1
819,29,9,['bias'],bias,torch.nn.functional.conv_transpose3d.yaml,1
820,29,9,['bias'],bias,torch.nn.functional.conv_transpose1d.yaml,1
821,29,9,['bias'],bias,torch.nn.functional.conv1d.yaml,1
822,29,9,['bias'],bias,torch.nn.functional.conv3d.yaml,1
823,29,9,['bias'],bias,torch.nn.quantized.functional.linear.yaml,1
824,29,9,['bias'],bias,torch.nn.quantized.functional.conv2d.yaml,1
825,29,9,['bias'],bias,torch.nn.quantized.functional.conv3d.yaml,1
826,30,9,['groups'],groups,torch.nn.functional.conv_transpose2d.yaml,1
827,30,9,['groups'],groups,torch.nn.functional.conv2d.yaml,1
828,30,9,['groups'],groups,torch.nn.functional.conv_transpose3d.yaml,1
829,30,9,['groups'],groups,torch.nn.functional.conv_transpose1d.yaml,1
830,30,9,['groups'],groups,torch.nn.functional.conv1d.yaml,1
831,30,9,['groups'],groups,torch.nn.functional.conv3d.yaml,1
832,30,9,['groups'],groups,torch.nn.init.dirac_.yaml,1
833,30,9,['groups'],groups,torch.nn.quantized.functional.conv2d.yaml,1
834,30,9,['groups'],groups,torch.nn.quantized.functional.conv3d.yaml,1
835,31,9,['SOME_STRUCTURE'],as_tuple,torch.nonzero.yaml,1
836,31,9,['SOME_STRUCTURE'],tensor_list,torch.distributed.all_gather.yaml,1
837,31,9,['SOME_STRUCTURE'],gather_list,torch.distributed.gather.yaml,1
838,31,9,['SOME_STRUCTURE'],qconfig_dict,torch.quantization.propagate_qconfig_.yaml,1
839,31,9,['SOME_STRUCTURE'],tensor_list,torch.distributed.broadcast_multigpu.yaml,1
840,31,9,['SOME_STRUCTURE'],input_tensor_list,torch.distributed.all_gather_multigpu.yaml,1
841,31,9,['SOME_STRUCTURE'],scatter_list,torch.distributed.scatter.yaml,1
842,31,9,['SOME_STRUCTURE'],tensor_list,torch.distributed.reduce_multigpu.yaml,1
843,31,9,['SOME_STRUCTURE'],sequence,torch.nn.utils.rnn.pad_packed_sequence.yaml,1
844,32,8,['unbiased'],unbiased,torch.std2.yaml,1
845,32,8,['unbiased'],unbiased,torch.var_mean.yaml,1
846,32,8,['unbiased'],unbiased,torch.var.yaml,1
847,32,8,['unbiased'],unbiased,torch.std_mean.yaml,1
848,32,8,['unbiased'],unbiased,torch.var_mean2.yaml,1
849,32,8,['unbiased'],unbiased,torch.var2.yaml,1
850,32,8,['unbiased'],unbiased,torch.std_mean2.yaml,1
851,32,8,['unbiased'],unbiased,torch.std.yaml,1
852,33,8,"['create', 'graph']",create_graph,torch.autograd.functional.hvp.yaml,2
853,33,8,"['create', 'graph']",create_graph,torch.autograd.functional.vjp.yaml,2
854,33,8,"['create', 'graph']",create_graph,torch.autograd.functional.jvp.yaml,2
855,33,8,"['create', 'graph']",create_graph,torch.autograd.functional.vhp.yaml,2
856,33,8,"['create', 'graph']",create_graph,torch.autograd.functional.jacobian.yaml,2
857,33,8,"['create', 'graph']",create_graph,torch.autograd.backward.yaml,2
858,33,8,"['create', 'graph']",create_graph,torch.autograd.grad.yaml,2
859,33,8,"['create', 'graph']",create_graph,torch.autograd.functional.hessian.yaml,2
860,34,8,['dilation'],dilation,torch.nn.functional.conv_transpose2d.yaml,1
861,34,8,['dilation'],dilation,torch.nn.functional.conv2d.yaml,1
862,34,8,['dilation'],dilation,torch.nn.functional.conv_transpose3d.yaml,1
863,34,8,['dilation'],dilation,torch.nn.functional.conv_transpose1d.yaml,1
864,34,8,['dilation'],dilation,torch.nn.functional.conv1d.yaml,1
865,34,8,['dilation'],dilation,torch.nn.functional.conv3d.yaml,1
866,34,8,['dilation'],dilation,torch.nn.quantized.functional.conv2d.yaml,1
867,34,8,['dilation'],dilation,torch.nn.quantized.functional.conv3d.yaml,1
868,35,8,['alpha'],alpha,torch.baddbmm.yaml,1
869,35,8,['alpha'],alpha,torch.add.yaml,1
870,35,8,['alpha'],alpha,torch.addr.yaml,1
871,35,8,['alpha'],alpha,torch.addbmm.yaml,1
872,35,8,['alpha'],alpha,torch.addmm.yaml,1
873,35,8,['alpha'],alpha,torch.sparse.addmm.yaml,1
874,35,8,['alpha'],alpha,torch.hamming_window.yaml,1
875,35,8,['alpha'],alpha,torch.addmv.yaml,1
876,36,8,['n'],n_power_iterations,torch.nn.utils.spectral_norm.yaml,1
877,36,8,['n'],n,torch.nn.utils.prune.ln_structured.yaml,1
878,36,8,['n'],n,torch.matrix_power.yaml,1
879,36,8,['n'],n,torch.polygamma.yaml,1
880,36,8,['n'],n,torch.eye.yaml,1
881,36,8,['n'],n,torch.lobpcg.yaml,1
882,36,8,['n'],n,torch.randperm.yaml,1
883,36,8,['n'],n_fft,torch.stft.yaml,1
884,37,8,['length'],window_length,torch.hann_window.yaml,1
885,37,8,['length'],hop_length,torch.stft.yaml,1
886,37,8,['length'],win_length,torch.stft.yaml,1
887,37,8,['length'],window_length,torch.hamming_window.yaml,1
888,37,8,['length'],length,torch.narrow.yaml,1
889,37,8,['length'],window_length,torch.blackman_window.yaml,1
890,37,8,['length'],window_length,torch.bartlett_window.yaml,1
891,37,8,['length'],total_length,torch.nn.utils.rnn.pad_packed_sequence.yaml,1
892,38,8,['scale'],scale_grad_by_freq,torch.nn.functional.embedding.yaml,1
893,38,8,['scale'],scale,torch.nn.quantized.functional.linear.yaml,1
894,38,8,['scale'],scale,torch.quantize_per_tensor.yaml,1
895,38,8,['scale'],scale,torch.nn.quantized.functional.conv2d.yaml,1
896,38,8,['scale'],scale_factor,torch.nn.quantized.functional.interpolate.yaml,1
897,38,8,['scale'],recompute_scale_factor,torch.nn.functional.interpolate.yaml,1
898,38,8,['scale'],scale_factor,torch.nn.functional.interpolate.yaml,1
899,38,8,['scale'],scale,torch.nn.quantized.functional.conv3d.yaml,1
900,39,7,['batch'],batch_first,torch.nn.utils.rnn.pad_sequence.yaml,1
901,39,7,['batch'],batch1,torch.baddbmm.yaml,1
902,39,7,['batch'],batch2,torch.baddbmm.yaml,1
903,39,7,['batch'],batch_first,torch.nn.utils.rnn.pack_padded_sequence.yaml,1
904,39,7,['batch'],batch1,torch.addbmm.yaml,1
905,39,7,['batch'],batch2,torch.addbmm.yaml,1
906,39,7,['batch'],batch_first,torch.nn.utils.rnn.pad_packed_sequence.yaml,1
907,40,7,['value'],padding_value,torch.nn.utils.rnn.pad_sequence.yaml,1
908,40,7,['value'],value,torch.addcdiv.yaml,1
909,40,7,['value'],clip_value,torch.nn.utils.clip_grad_value_.yaml,1
910,40,7,['value'],value,torch.addcmul.yaml,1
911,40,7,['value'],value,torch.nn.functional.pad.yaml,1
912,40,7,['value'],fill_value,torch.full.yaml,1
913,40,7,['value'],padding_value,torch.nn.utils.rnn.pad_packed_sequence.yaml,1
914,41,7,"['output', 'size']",output_size,torch.nn.functional.adaptive_max_pool3d.yaml,2
915,41,7,"['output', 'size']",output_size,torch.nn.functional.adaptive_max_pool1d.yaml,2
916,41,7,"['output', 'size']",output_size,torch.nn.functional.adaptive_avg_pool3d.yaml,2
917,41,7,"['output', 'size']",output_size,torch.nn.functional.adaptive_avg_pool1d.yaml,2
918,41,7,"['output', 'size']",output_size,torch.nn.quantized.functional.adaptive_avg_pool2d.yaml,2
919,41,7,"['output', 'size']",output_size,torch.nn.functional.adaptive_max_pool2d.yaml,2
920,41,7,"['output', 'size']",output_size,torch.nn.functional.adaptive_avg_pool2d.yaml,2
921,42,7,['return'],return_indices,torch.nn.functional.adaptive_max_pool3d.yaml,1
922,42,7,['return'],return_indices,torch.nn.functional.adaptive_max_pool1d.yaml,1
923,42,7,['return'],return_indices,torch.nn.functional.adaptive_max_pool2d.yaml,1
924,42,7,['return'],return_counts,torch.unique.yaml,1
925,42,7,['return'],return_inverse,torch.unique.yaml,1
926,42,7,['return'],return_counts,torch.unique_consecutive.yaml,1
927,42,7,['return'],return_inverse,torch.unique_consecutive.yaml,1
928,43,7,['memory'],pin_memory,torch.empty_strided.yaml,1
929,43,7,['memory'],memory_format,torch.ones_like.yaml,1
930,43,7,['memory'],memory_format,torch.empty_like.yaml,1
931,43,7,['memory'],memory_format,torch.zeros_like.yaml,1
932,43,7,['memory'],memory_format,torch.randn_like.yaml,1
933,43,7,['memory'],pin_memory,torch.tensor.yaml,1
934,43,7,['memory'],memory_format,torch.rand_like.yaml,1
935,44,7,['x'],x,torch.trapz.yaml,1
936,44,7,['x'],x1,torch.nn.functional.cosine_similarity.yaml,1
937,44,7,['x'],x2,torch.nn.functional.cosine_similarity.yaml,1
938,44,7,['x'],x1,torch.cdist.yaml,1
939,44,7,['x'],x2,torch.cdist.yaml,1
940,44,7,['x'],x,torch.where.yaml,1
941,44,7,['x'],X,torch.lobpcg.yaml,1
942,45,7,['type'],type_p,torch.distributions.kl.register_kl.yaml,1
943,45,7,['type'],type_q,torch.distributions.kl.register_kl.yaml,1
944,45,7,['type'],norm_type,torch.nn.utils.clip_grad_norm_.yaml,1
945,45,7,['type'],norm_type,torch.nn.functional.embedding.yaml,1
946,45,7,['type'],operator_export_type,torch.onnx.export.yaml,1
947,45,7,['type'],type1,torch.promote_types.yaml,1
948,45,7,['type'],type2,torch.promote_types.yaml,1
949,46,7,['dst'],dst,torch.distributed.isend.yaml,1
950,46,7,['dst'],dst,torch.distributed.gather.yaml,1
951,46,7,['dst'],dst,torch.hub.download_url_to_file.yaml,1
952,46,7,['dst'],dst,torch.distributed.reduce.yaml,1
953,46,7,['dst'],dst,torch.distributed.send.yaml,1
954,46,7,['dst'],dst,torch.distributed.reduce_multigpu.yaml,1
955,46,7,['dst'],dst_tensor,torch.distributed.reduce_multigpu.yaml,1
956,47,7,['reduction'],reduction,torch.nn.functional.ctc_loss.yaml,1
957,47,7,['reduction'],reduction,torch.nn.functional.kl_div.yaml,1
958,47,7,['reduction'],reduction,torch.nn.functional.binary_cross_entropy.yaml,1
959,47,7,['reduction'],reduction,torch.nn.functional.nll_loss.yaml,1
960,47,7,['reduction'],reduction,torch.nn.functional.cross_entropy.yaml,1
961,47,7,['reduction'],reduction,torch.nn.functional.binary_cross_entropy_with_logits.yaml,1
962,47,7,['reduction'],reduction,torch.nn.functional.poisson_nll_loss.yaml,1
963,48,7,['target'],target_lengths,torch.nn.functional.ctc_loss.yaml,1
964,48,7,['target'],target,torch.nn.functional.kl_div.yaml,1
965,48,7,['target'],target,torch.nn.functional.binary_cross_entropy.yaml,1
966,48,7,['target'],target,torch.nn.functional.nll_loss.yaml,1
967,48,7,['target'],target,torch.nn.functional.cross_entropy.yaml,1
968,48,7,['target'],target,torch.nn.functional.binary_cross_entropy_with_logits.yaml,1
969,48,7,['target'],target,torch.nn.functional.poisson_nll_loss.yaml,1
970,49,7,['eps'],eps,torch.autograd.gradgradcheck.yaml,1
971,49,7,['eps'],eps,torch.nn.functional.gumbel_softmax.yaml,1
972,49,7,['eps'],eps,torch.nn.functional.normalize.yaml,1
973,49,7,['eps'],eps,torch.nn.utils.spectral_norm.yaml,1
974,49,7,['eps'],eps,torch.nn.functional.cosine_similarity.yaml,1
975,49,7,['eps'],eps,torch.autograd.gradcheck.yaml,1
976,49,7,['eps'],eps,torch.nn.functional.poisson_nll_loss.yaml,1
977,50,7,['beta'],beta,torch.baddbmm.yaml,1
978,50,7,['beta'],beta,torch.addr.yaml,1
979,50,7,['beta'],beta,torch.addbmm.yaml,1
980,50,7,['beta'],beta,torch.addmm.yaml,1
981,50,7,['beta'],beta,torch.sparse.addmm.yaml,1
982,50,7,['beta'],beta,torch.hamming_window.yaml,1
983,50,7,['beta'],beta,torch.addmv.yaml,1
984,51,6,"['size', 'average']",size_average,torch.nn.functional.kl_div.yaml,2
985,51,6,"['size', 'average']",size_average,torch.nn.functional.binary_cross_entropy.yaml,2
986,51,6,"['size', 'average']",size_average,torch.nn.functional.nll_loss.yaml,2
987,51,6,"['size', 'average']",size_average,torch.nn.functional.cross_entropy.yaml,2
988,51,6,"['size', 'average']",size_average,torch.nn.functional.binary_cross_entropy_with_logits.yaml,2
989,51,6,"['size', 'average']",size_average,torch.nn.functional.poisson_nll_loss.yaml,2
990,52,6,['strict'],strict,torch.autograd.functional.hvp.yaml,1
991,52,6,['strict'],strict,torch.autograd.functional.vjp.yaml,1
992,52,6,['strict'],strict,torch.autograd.functional.jvp.yaml,1
993,52,6,['strict'],strict,torch.autograd.functional.vhp.yaml,1
994,52,6,['strict'],strict,torch.autograd.functional.jacobian.yaml,1
995,52,6,['strict'],strict,torch.autograd.functional.hessian.yaml,1
996,53,6,['include'],count_include_pad,torch.nn.functional.avg_pool3d.yaml,1
997,53,6,['include'],count_include_pad,torch.nn.quantized.functional.avg_pool2d.yaml,1
998,53,6,['include'],count_include_pad,torch.nn.functional.avg_pool1d.yaml,1
999,53,6,['include'],extra_include_paths,torch.utils.cpp_extension.load_inline.yaml,1
1000,53,6,['include'],count_include_pad,torch.nn.functional.avg_pool2d.yaml,1
1001,53,6,['include'],extra_include_paths,torch.utils.cpp_extension.load.yaml,1
1002,54,6,['pad'],count_include_pad,torch.nn.functional.avg_pool3d.yaml,1
1003,54,6,['pad'],count_include_pad,torch.nn.quantized.functional.avg_pool2d.yaml,1
1004,54,6,['pad'],count_include_pad,torch.nn.functional.avg_pool1d.yaml,1
1005,54,6,['pad'],count_include_pad,torch.nn.functional.avg_pool2d.yaml,1
1006,54,6,['pad'],pad_mode,torch.stft.yaml,1
1007,54,6,['pad'],pad,torch.nn.functional.pad.yaml,1
1008,55,6,['offset'],storage_offset,torch.as_strided.yaml,1
1009,55,6,['offset'],offset,torch.diag_embed.yaml,1
1010,55,6,['offset'],offset,torch.triu_indices.yaml,1
1011,55,6,['offset'],offset,torch.tril_indices.yaml,1
1012,55,6,['offset'],offset,torch.diagonal.yaml,1
1013,55,6,['offset'],offset,torch.diagflat.yaml,1
1014,56,6,['format'],memory_format,torch.ones_like.yaml,1
1015,56,6,['format'],memory_format,torch.empty_like.yaml,1
1016,56,6,['format'],memory_format,torch.zeros_like.yaml,1
1017,56,6,['format'],use_external_data_format,torch.onnx.export.yaml,1
1018,56,6,['format'],memory_format,torch.randn_like.yaml,1
1019,56,6,['format'],memory_format,torch.rand_like.yaml,1
1020,57,6,['cuda'],cuda,torch.utils.cpp_extension.include_paths.yaml,1
1021,57,6,['cuda'],cuda_sources,torch.utils.cpp_extension.load_inline.yaml,1
1022,57,6,['cuda'],extra_cuda_cflags,torch.utils.cpp_extension.load_inline.yaml,1
1023,57,6,['cuda'],with_cuda,torch.utils.cpp_extension.load_inline.yaml,1
1024,57,6,['cuda'],extra_cuda_cflags,torch.utils.cpp_extension.load.yaml,1
1025,57,6,['cuda'],with_cuda,torch.utils.cpp_extension.load.yaml,1
1026,58,6,['zero'],zero_infinity,torch.nn.functional.ctc_loss.yaml,1
1027,58,6,['zero'],zero_points,torch.quantize_per_channel.yaml,1
1028,58,6,['zero'],zero_point,torch.nn.quantized.functional.linear.yaml,1
1029,58,6,['zero'],zero_point,torch.quantize_per_tensor.yaml,1
1030,58,6,['zero'],zero_point,torch.nn.quantized.functional.conv2d.yaml,1
1031,58,6,['zero'],zero_point,torch.nn.quantized.functional.conv3d.yaml,1
1032,59,6,['state'],new_state,torch.set_rng_state.yaml,1
1033,59,6,['state'],new_state,torch.random.set_rng_state.yaml,1
1034,59,6,['state'],new_state,torch.random.set_rng_state2.yaml,1
1035,59,6,['state'],preserve_rng_state,torch.utils.checkpoint.checkpoint_sequential.yaml,1
1036,59,6,['state'],new_state,torch.cuda.set_rng_state.yaml,1
1037,59,6,['state'],preserve_rng_state,torch.utils.checkpoint.checkpoint.yaml,1
1038,60,6,['vec'],vec,torch.mv.yaml,1
1039,60,6,['vec'],vec1,torch.addr.yaml,1
1040,60,6,['vec'],vec2,torch.addr.yaml,1
1041,60,6,['vec'],vec,torch.nn.utils.vector_to_parameters.yaml,1
1042,60,6,['vec'],vec,torch.addmv.yaml,1
1043,60,6,['vec'],vec2,torch.ger.yaml,1
1044,61,6,['reduce'],reduce,torch.nn.functional.kl_div.yaml,1
1045,61,6,['reduce'],reduce,torch.nn.functional.binary_cross_entropy.yaml,1
1046,61,6,['reduce'],reduce,torch.nn.functional.nll_loss.yaml,1
1047,61,6,['reduce'],reduce,torch.nn.functional.cross_entropy.yaml,1
1048,61,6,['reduce'],reduce,torch.nn.functional.binary_cross_entropy_with_logits.yaml,1
1049,61,6,['reduce'],reduce,torch.nn.functional.poisson_nll_loss.yaml,1
1050,62,6,['src'],src,torch.distributed.recv.yaml,1
1051,62,6,['src'],src,torch.distributed.broadcast_multigpu.yaml,1
1052,62,6,['src'],src_tensor,torch.distributed.broadcast_multigpu.yaml,1
1053,62,6,['src'],src,torch.distributed.scatter.yaml,1
1054,62,6,['src'],src,torch.distributed.irecv.yaml,1
1055,62,6,['src'],src,torch.distributed.broadcast.yaml,1
1056,63,6,['std'],std,torch.normal.yaml,1
1057,63,6,['std'],std,torch.normal222.yaml,1
1058,63,6,['std'],std,torch.normal22.yaml,1
1059,63,6,['std'],std,torch.normal2.yaml,1
1060,63,6,['std'],std,torch.nn.init.normal_.yaml,1
1061,63,6,['std'],std,torch.nn.init.sparse_.yaml,1
1062,64,6,['check'],check_hash,torch.utils.model_zoo.load_url.yaml,1
1063,64,6,['check'],check_inputs,torch.jit.trace.yaml,1
1064,64,6,['check'],check_tolerance,torch.jit.trace.yaml,1
1065,64,6,['check'],check_trace,torch.jit.trace.yaml,1
1066,64,6,['check'],check_sparse_nnz,torch.autograd.gradcheck.yaml,1
1067,64,6,['check'],check_hash,torch.hub.load_state_dict_from_url.yaml,1
1068,65,5,"['memory', 'format']",memory_format,torch.ones_like.yaml,2
1069,65,5,"['memory', 'format']",memory_format,torch.empty_like.yaml,2
1070,65,5,"['memory', 'format']",memory_format,torch.zeros_like.yaml,2
1071,65,5,"['memory', 'format']",memory_format,torch.randn_like.yaml,2
1072,65,5,"['memory', 'format']",memory_format,torch.rand_like.yaml,2
1073,66,5,['end'],end,torch.arange.yaml,1
1074,66,5,['end'],end,torch.lerp.yaml,1
1075,66,5,['end'],end_dim,torch.flatten.yaml,1
1076,66,5,['end'],end,torch.linspace.yaml,1
1077,66,5,['end'],end,torch.logspace.yaml,1
1078,67,5,['start'],start,torch.arange.yaml,1
1079,67,5,['start'],start_dim,torch.flatten.yaml,1
1080,67,5,['start'],start,torch.linspace.yaml,1
1081,67,5,['start'],start,torch.narrow.yaml,1
1082,67,5,['start'],start,torch.logspace.yaml,1
1083,68,5,['upper'],upper,torch.cholesky.yaml,1
1084,68,5,['upper'],upper,torch.triangular_solve.yaml,1
1085,68,5,['upper'],upper,torch.cholesky_solve.yaml,1
1086,68,5,['upper'],upper,torch.symeig.yaml,1
1087,68,5,['upper'],upper,torch.cholesky_inverse.yaml,1
1088,69,5,['new'],_use_new_zipfile_serialization,torch.save.yaml,1
1089,69,5,['new'],new_state,torch.set_rng_state.yaml,1
1090,69,5,['new'],new_state,torch.random.set_rng_state.yaml,1
1091,69,5,['new'],new_state,torch.random.set_rng_state2.yaml,1
1092,69,5,['new'],new_state,torch.cuda.set_rng_state.yaml,1
1093,70,5,['f'],f,torch.save.yaml,1
1094,70,5,['f'],f,torch.onnx.export.yaml,1
1095,70,5,['f'],f,torch.jit.save.yaml,1
1096,70,5,['f'],f,torch.load.yaml,1
1097,70,5,['f'],f,torch.jit.load.yaml,1
1098,71,5,['outputs'],gen_non_contig_grad_outputs,torch.autograd.gradgradcheck.yaml,1
1099,71,5,['outputs'],grad_outputs,torch.autograd.gradgradcheck.yaml,1
1100,71,5,['outputs'],example_outputs,torch.onnx.export.yaml,1
1101,71,5,['outputs'],grad_outputs,torch.autograd.grad.yaml,1
1102,71,5,['outputs'],outputs,torch.autograd.grad.yaml,1
1103,72,5,['normalized'],normalized,torch.irfft.yaml,1
1104,72,5,['normalized'],normalized,torch.fft.yaml,1
1105,72,5,['normalized'],normalized,torch.ifft.yaml,1
1106,72,5,['normalized'],normalized,torch.stft.yaml,1
1107,72,5,['normalized'],normalized,torch.rfft.yaml,1
1108,73,5,['signal'],signal_ndim,torch.irfft.yaml,1
1109,73,5,['signal'],signal_sizes,torch.irfft.yaml,1
1110,73,5,['signal'],signal_ndim,torch.fft.yaml,1
1111,73,5,['signal'],signal_ndim,torch.ifft.yaml,1
1112,73,5,['signal'],signal_ndim,torch.rfft.yaml,1
1113,74,5,['parameters'],parameters,torch.nn.utils.clip_grad_norm_.yaml,1
1114,74,5,['parameters'],parameters,torch.nn.utils.clip_grad_value_.yaml,1
1115,74,5,['parameters'],parameters,torch.nn.utils.prune.global_unstructured.yaml,1
1116,74,5,['parameters'],parameters,torch.nn.utils.vector_to_parameters.yaml,1
1117,74,5,['parameters'],parameters,torch.nn.utils.parameters_to_vector.yaml,1
1118,75,5,['window'],window_length,torch.hann_window.yaml,1
1119,75,5,['window'],window,torch.stft.yaml,1
1120,75,5,['window'],window_length,torch.hamming_window.yaml,1
1121,75,5,['window'],window_length,torch.blackman_window.yaml,1
1122,75,5,['window'],window_length,torch.bartlett_window.yaml,1
1123,76,5,['data'],use_external_data_format,torch.onnx.export.yaml,1
1124,76,5,['data'],LU_data,torch.lu_unpack.yaml,1
1125,76,5,['data'],unpack_data,torch.lu_unpack.yaml,1
1126,76,5,['data'],data,torch.as_tensor.yaml,1
1127,76,5,['data'],data,torch.tensor.yaml,1
1128,77,5,['seed'],seed,torch.cuda.manual_seed.yaml,1
1129,77,5,['seed'],seed,torch.manual_seed.yaml,1
1130,77,5,['seed'],seed,torch.random.manual_seed2.yaml,1
1131,77,5,['seed'],seed,torch.random.manual_seed.yaml,1
1132,77,5,['seed'],seed,torch.cuda.manual_seed_all.yaml,1
1133,78,5,['mean'],mean,torch.normal.yaml,1
1134,78,5,['mean'],mean,torch.normal222.yaml,1
1135,78,5,['mean'],mean,torch.normal22.yaml,1
1136,78,5,['mean'],mean,torch.normal2.yaml,1
1137,78,5,['mean'],mean,torch.nn.init.normal_.yaml,1
