,idx,freq,sequence,sentence,api,len,cat,
0,2,231,['input'],input,torch.std2.yaml,1,not useful,
1,2,231,['input'],input,torch.bitwise_xor.yaml,1,not useful,
2,2,231,['input'],input,torch.real.yaml,1,not useful,
3,2,231,['input'],input,torch.addcdiv.yaml,1,not useful,
4,2,231,['input'],input,torch.log1p.yaml,1,not useful,
5,2,231,['input'],input,torch.prod2.yaml,1,not useful,
6,2,231,['input'],input,torch.bernoulli.yaml,1,not useful,
7,2,231,['input'],input,torch.pow.yaml,1,not useful,
8,2,231,['input'],input,torch.exp.yaml,1,not useful,
9,2,231,['input'],input,torch.cummax.yaml,1,not useful,
10,2,231,['input'],input,torch.mean2.yaml,1,not useful,
11,2,231,['input'],input,torch.reshape.yaml,1,not useful,
12,2,231,['input'],input,torch.div2.yaml,1,not useful,
13,2,231,['input'],input,torch.nn.functional.avg_pool3d.yaml,1,not useful,
14,2,231,['input'],input,torch.cholesky.yaml,1,not useful,
15,2,231,['input'],input,torch.nn.quantized.functional.avg_pool2d.yaml,1,not useful,
16,2,231,['input'],input,torch.ceil.yaml,1,not useful,
17,2,231,['input'],input,torch.sum2.yaml,1,not useful,
18,2,231,['input'],input,torch.min22.yaml,1,not useful,
19,2,231,['input'],input,torch.nn.functional.grid_sample.yaml,1,not useful,
20,2,231,['input'],input,torch.lerp.yaml,1,not useful,
21,2,231,['input'],input,torch.sum.yaml,1,not useful,
22,2,231,['input'],input,torch.nn.functional.conv_transpose2d.yaml,1,not useful,
23,2,231,['input'],input,torch.var_mean.yaml,1,not useful,
24,2,231,['input'],input,torch.nn.functional.avg_pool1d.yaml,1,not useful,
25,2,231,['input'],input,torch.as_strided.yaml,1,not useful,
26,2,231,['input'],input,torch.max22.yaml,1,not useful,
27,2,231,['input'],input,torch.ones_like.yaml,1,not useful,
28,2,231,['input'],input,torch.div.yaml,1,not useful,
30,2,231,['input'],input,torch.nonzero.yaml,1,not useful,
31,2,231,['input'],input,torch.sinh.yaml,1,not useful,
32,2,231,['input'],input,torch.eig.yaml,1,not useful,
33,2,231,['input'],input,torch.var.yaml,1,not useful,
34,2,231,['input'],input,torch.nn.functional.conv2d.yaml,1,not useful,
35,2,231,['input'],input,torch.std_mean.yaml,1,not useful,
36,2,231,['input'],input,torch.nn.functional.pdist.yaml,1,not useful,
37,2,231,['input'],input,torch.nn.functional.glu.yaml,1,not useful,
38,2,231,['input'],input,torch.erf.yaml,1,not useful,
39,2,231,['input'],input,torch.det.yaml,1,not useful,
40,2,231,['input'],input,torch.neg.yaml,1,not useful,
41,2,231,['input'],input,torch.baddbmm.yaml,1,not useful,
42,2,231,['input'],input,torch.le.yaml,1,not useful,
43,2,231,['input'],input,torch.nn.functional.normalize.yaml,1,not useful,
44,2,231,['input'],input,torch.nn.utils.rnn.pack_padded_sequence.yaml,1,not useful,
45,2,231,['input'],input,torch.add.yaml,1,not useful,
46,2,231,['input'],input,torch.diag.yaml,1,not useful,
47,2,231,['input'],input,torch.is_floating_point.yaml,1,not useful,
48,2,231,['input'],input,torch.mv.yaml,1,not useful,
49,2,231,['input'],input,torch.addr.yaml,1,not useful,
50,2,231,['input'],input,torch.nn.functional.adaptive_avg_pool3d.yaml,1,not useful,
51,2,231,['input'],input,torch.sigmoid.yaml,1,not useful,
52,2,231,['input'],input,torch.irfft.yaml,1,not useful,
53,2,231,['input'],input,torch.fmod.yaml,1,not useful,
54,2,231,['input'],input,torch.nn.functional.adaptive_avg_pool1d.yaml,1,not useful,
55,2,231,['input'],input,torch.empty_like.yaml,1,not useful,
56,2,231,['input'],input,torch.combinations.yaml,1,not useful,
57,2,231,['input'],input,torch.gt.yaml,1,not useful,
58,2,231,['input'],input,torch.ormqr.yaml,1,not useful,
59,2,231,['input'],input2,torch.ormqr.yaml,1,not useful,
60,2,231,['input'],input3,torch.ormqr.yaml,1,not useful,
61,2,231,['input'],input,torch.ne.yaml,1,not useful,
62,2,231,['input'],input,torch.erfinv.yaml,1,not useful,
63,2,231,['input'],input,torch.addbmm.yaml,1,not useful,
64,2,231,['input'],input,torch.cummin.yaml,1,not useful,
65,2,231,['input'],input,torch.bitwise_and.yaml,1,not useful,
66,2,231,['input'],input,torch.nn.functional.embedding.yaml,1,not useful,
67,2,231,['input'],input,torch.nn.quantized.functional.adaptive_avg_pool2d.yaml,1,not useful,
68,2,231,['input'],input,torch.pinverse.yaml,1,not useful,
69,2,231,['input'],input,torch.topk.yaml,1,not useful,
70,2,231,['input'],input,torch.nn.functional.conv_transpose3d.yaml,1,not useful,
71,2,231,['input'],input,torch.sparse.sum.yaml,1,not useful,
72,2,231,['input'],input,torch.reciprocal.yaml,1,not useful,
73,2,231,['input'],input,torch.quantize_per_channel.yaml,1,not useful,
74,2,231,['input'],input,torch.zeros_like.yaml,1,not useful,
75,2,231,['input'],input_names,torch.onnx.export.yaml,1,,
76,2,231,['input'],input,torch.cos.yaml,1,not useful,
77,2,231,['input'],input,torch.masked_select.yaml,1,not useful,
78,2,231,['input'],input,torch.matrix_power.yaml,1,not useful,
79,2,231,['input'],input,torch.min2.yaml,1,not useful,
80,2,231,['input'],input,torch.angle.yaml,1,not useful,
81,2,231,['input'],input,torch.erfc.yaml,1,not useful,
82,2,231,['input'],input,torch.round.yaml,1,not useful,
83,2,231,['input'],input,torch.polygamma.yaml,1,not useful,
84,2,231,['input'],input,torch.fft.yaml,1,not useful,
85,2,231,['input'],input,torch.nn.functional.conv_transpose1d.yaml,1,not useful,
86,2,231,['input'],input,torch.cross.yaml,1,not useful,
87,2,231,['input'],input,torch.triangular_solve.yaml,1,not useful,
88,2,231,['input'],input,torch.argmin2.yaml,1,not useful,
89,2,231,['input'],input,torch.acos.yaml,1,not useful,
90,2,231,['input'],input,torch.nn.functional.kl_div.yaml,1,not useful,
91,2,231,['input'],input,torch.nn.functional.avg_pool2d.yaml,1,not useful,
92,2,231,['input'],input,torch.nn.functional.dropout.yaml,1,not useful,
93,2,231,['input'],input,torch.numel.yaml,1,not useful,
94,2,231,['input'],input,torch.addmm.yaml,1,not useful,
95,2,231,['input'],input,torch.randn_like.yaml,1,not useful,
96,2,231,['input'],input,torch.nn.functional.binary_cross_entropy.yaml,1,not useful,
97,2,231,['input'],input,torch.orgqr.yaml,1,not useful,
98,2,231,['input'],input2,torch.orgqr.yaml,1,not useful,
99,2,231,['input'],input,torch.nn.functional.conv1d.yaml,1,not useful,
100,2,231,['input'],input,torch.addcmul.yaml,1,not useful,
101,2,231,['input'],input,torch.nn.functional.log_softmax.yaml,1,not useful,
102,2,231,['input'],input,torch.bitwise_not.yaml,1,not useful,
103,2,231,['input'],input,torch.ifft.yaml,1,not useful,
104,2,231,['input'],input,torch.var_mean2.yaml,1,not useful,
105,2,231,['input'],input,torch.trunc.yaml,1,not useful,
106,2,231,['input'],input,torch.nn.functional.conv3d.yaml,1,not useful,
107,2,231,['input'],input,torch.conj.yaml,1,not useful,
108,2,231,['input'],input,torch.repeat_interleave.yaml,1,not useful,
109,2,231,['input'],input,torch.mul.yaml,1,not useful,
110,2,231,['input'],input,torch.nn.functional.adaptive_avg_pool2d.yaml,1,not useful,
111,2,231,['input'],input,torch.remainder.yaml,1,not useful,
112,2,231,['input'],input,torch.cholesky_solve.yaml,1,not useful,
113,2,231,['input'],input2,torch.cholesky_solve.yaml,1,not useful,
114,2,231,['input'],input,torch.median2.yaml,1,not useful,
115,2,231,['input'],input,torch.histc.yaml,1,not useful,
116,2,231,['input'],input,torch.symeig.yaml,1,not useful,
117,2,231,['input'],input,torch.clamp.yaml,1,not useful,
119,2,231,['input'],input,torch.flatten.yaml,1,not useful,
120,2,231,['input'],input,torch.argsort.yaml,1,not useful,
121,2,231,['input'],input,torch.eq.yaml,1,not useful,
122,2,231,['input'],input,torch.logical_or.yaml,1,not useful,
123,2,231,['input'],input,torch.inverse.yaml,1,not useful,
124,2,231,['input'],input,torch.logsumexp.yaml,1,not useful,
125,2,231,['input'],input,torch.mean.yaml,1,not useful,
126,2,231,['input'],input,torch.sort.yaml,1,not useful,
127,2,231,['input'],input,torch.logical_and.yaml,1,not useful,
128,2,231,['input'],input,torch.sin.yaml,1,not useful,
129,2,231,['input'],input,torch.tan.yaml,1,not useful,
130,2,231,['input'],input,torch.is_complex.yaml,1,not useful,
131,2,231,['input'],input,torch.argmin.yaml,1,not useful,
132,2,231,['input'],input,torch.max2.yaml,1,not useful,
133,2,231,['input'],input,torch.cumprod.yaml,1,not useful,
134,2,231,['input'],input,torch.diag_embed.yaml,1,not useful,
135,2,231,['input'],input,torch.imag.yaml,1,not useful,
136,2,231,['input'],input,torch.matmul.yaml,1,not useful,
137,2,231,['input'],input,torch.atan.yaml,1,not useful,
138,2,231,['input'],input,torch.cosh.yaml,1,not useful,
139,2,231,['input'],input,torch.asin.yaml,1,not useful,
140,2,231,['input'],input,torch.argmax2.yaml,1,not useful,
141,2,231,['input'],input,torch.nn.quantized.functional.linear.yaml,1,not useful,
142,2,231,['input'],input,torch.stft.yaml,1,not useful,
143,2,231,['input'],input,torch.nn.functional.dropout2d.yaml,1,not useful,
144,2,231,['input'],input,torch.square.yaml,1,not useful,
145,2,231,['input'],input,torch.median.yaml,1,not useful,
146,2,231,['input'],input,torch.slogdet.yaml,1,not useful,
147,2,231,['input'],input,torch.bmm.yaml,1,not useful,
148,2,231,['input'],input,torch.mvlgamma.yaml,1,not useful,
149,2,231,['input'],input,torch.quantize_per_tensor.yaml,1,not useful,
150,2,231,['input'],input,torch.nn.quantized.functional.conv2d.yaml,1,not useful,
151,2,231,['input'],input,torch.ge.yaml,1,not useful,
152,2,231,['input'],input,torch.log2.yaml,1,not useful,
153,2,231,['input'],input,torch.logical_xor.yaml,1,not useful,
154,2,231,['input'],input,torch.prod.yaml,1,not useful,
155,2,231,['input'],input,torch.argmax.yaml,1,not useful,
156,2,231,['input'],input,torch.floor.yaml,1,not useful,
157,2,231,['input'],input,torch.addmv.yaml,1,not useful,
158,2,231,['input'],input,torch.narrow.yaml,1,not useful,
159,2,231,['input'],input,torch.norm.yaml,1,not useful,
160,2,231,['input'],input,torch.lt.yaml,1,not useful,
161,2,231,['input'],input,torch.unique.yaml,1,not useful,
162,2,231,['input'],input,torch.index_select.yaml,1,not useful,
163,2,231,['input'],input,torch.kthvalue.yaml,1,not useful,
164,2,231,['input'],input,torch.solve.yaml,1,not useful,
165,2,231,['input'],input,torch.nn.functional.pad.yaml,1,not useful,
166,2,231,['input'],input,torch.atan2.yaml,1,not useful,
167,2,231,['input'],input,torch.flip.yaml,1,not useful,
168,2,231,['input'],input,torch.qr.yaml,1,not useful,
169,2,231,['input'],input,torch.var2.yaml,1,not useful,
170,2,231,['input'],input,torch.logical_not.yaml,1,not useful,
171,2,231,['input'],input,torch.lstsq.yaml,1,not useful,
172,2,231,['input'],input,torch.multinomial.yaml,1,not useful,
173,2,231,['input'],input,torch.cholesky_inverse.yaml,1,not useful,
174,2,231,['input'],input,torch.min.yaml,1,not useful,
175,2,231,['input'],input,torch.expm1.yaml,1,not useful,
176,2,231,['input'],input,torch.mode.yaml,1,not useful,
177,2,231,['input'],input,torch.nn.functional.nll_loss.yaml,1,not useful,
178,2,231,['input'],input,torch.log.yaml,1,not useful,
179,2,231,['input'],input,torch.nn.functional.dropout3d.yaml,1,not useful,
180,2,231,['input'],input,torch.abs.yaml,1,not useful,
181,2,231,['input'],input,torch.tril.yaml,1,not useful,
182,2,231,['input'],input,torch.bincount.yaml,1,not useful,
183,2,231,['input'],input,torch.triu.yaml,1,not useful,
184,2,231,['input'],input,torch.nn.quantized.functional.interpolate.yaml,1,not useful,
185,2,231,['input'],input,torch.utils.checkpoint.checkpoint_sequential.yaml,1,not useful,
186,2,231,['input'],input,torch.nn.functional.softmin.yaml,1,not useful,
187,2,231,['input'],input,torch.unsqueeze.yaml,1,not useful,
188,2,231,['input'],input,torch.allclose.yaml,1,not useful,
189,2,231,['input'],input,torch.log10.yaml,1,not useful,
190,2,231,['input'],input,torch.chunk.yaml,1,not useful,
191,2,231,['input'],input,torch.nn.functional.cross_entropy.yaml,1,not useful,
192,2,231,['input'],input,torch.ger.yaml,1,not useful,
193,2,231,['input'],input,torch.bitwise_or.yaml,1,not useful,
194,2,231,['input'],input,torch.std_mean2.yaml,1,not useful,
195,2,231,['input'],input,torch.sqrt.yaml,1,not useful,
196,2,231,['input'],input,torch.lgamma.yaml,1,not useful,
197,2,231,['input'],input,torch.sign.yaml,1,not useful,
198,2,231,['input'],input,torch.unique_consecutive.yaml,1,not useful,
199,2,231,['input'],input,torch.rot90.yaml,1,not useful,
200,2,231,['input'],input,torch.geqrf.yaml,1,not useful,
201,2,231,['input'],input,torch.dist.yaml,1,not useful,
202,2,231,['input'],input,torch.squeeze.yaml,1,not useful,
203,2,231,['input'],input,torch.cumsum.yaml,1,not useful,
204,2,231,['input'],input,torch.nn.functional.softmax.yaml,1,not useful,
205,2,231,['input'],input,torch.tanh.yaml,1,not useful,
206,2,231,['input'],input,torch.t.yaml,1,not useful,
207,2,231,['input'],input,torch.nn.functional.binary_cross_entropy_with_logits.yaml,1,not useful,
208,2,231,['input'],input,torch.svd.yaml,1,not useful,
209,2,231,['input'],input,torch.transpose.yaml,1,not useful,
210,2,231,['input'],input,torch.logdet.yaml,1,not useful,
211,2,231,['input'],input,torch.nn.functional.poisson_nll_loss.yaml,1,not useful,
212,2,231,['input'],log_input,torch.nn.functional.poisson_nll_loss.yaml,1,not useful,
213,2,231,['input'],input,torch.matrix_rank.yaml,1,not useful,
214,2,231,['input'],input,torch.gather.yaml,1,not useful,
215,2,231,['input'],input,torch.rand_like.yaml,1,not useful,
216,2,231,['input'],input,torch.roll.yaml,1,not useful,
217,2,231,['input'],input,torch.unbind.yaml,1,not useful,
218,2,231,['input'],input,torch.nn.functional.interpolate.yaml,1,not useful,
219,2,231,['input'],input,torch.floor_divide.yaml,1,not useful,
220,2,231,['input'],input,torch.std.yaml,1,not useful,
221,2,231,['input'],input,torch.diagonal.yaml,1,not useful,
222,2,231,['input'],input,torch.diagflat.yaml,1,not useful,
223,2,231,['input'],input,torch.renorm.yaml,1,not useful,
224,2,231,['input'],input,torch.rsqrt.yaml,1,not useful,
225,2,231,['input'],input,torch.digamma.yaml,1,not useful,
226,2,231,['input'],input,torch.rfft.yaml,1,not useful,
227,2,231,['input'],input,torch.nn.quantized.functional.relu.yaml,1,not useful,
228,2,231,['input'],input,torch.max.yaml,1,not useful,
229,2,231,['input'],input,torch.mm.yaml,1,not useful,
230,2,231,['input'],input,torch.nn.quantized.functional.conv3d.yaml,1,not useful,
118,2,231,['input'],input_tensor_list,torch.distributed.all_gather_multigpu.yaml,1,not useful,
29,2,231,['input'],input_lengths,torch.nn.functional.ctc_loss.yaml,1,not useful,
260,3,114,['SOME_DTYPE'],gather_list,torch.distributed.gather.yaml,1,structure,
231,3,114,['SOME_DTYPE'],device,torch.empty_strided.yaml,1,device,
232,3,114,['SOME_DTYPE'],layout,torch.empty_strided.yaml,1,layout,
233,3,114,['SOME_DTYPE'],device,torch.cuda.max_memory_reserved.yaml,1,device,
234,3,114,['SOME_DTYPE'],device,torch.arange.yaml,1,device,
235,3,114,['SOME_DTYPE'],layout,torch.arange.yaml,1,layout,
236,3,114,['SOME_DTYPE'],device,torch.cuda.memory_reserved.yaml,1,device,
237,3,114,['SOME_DTYPE'],pickle_module,torch.save.yaml,1,,
238,3,114,['SOME_DTYPE'],device,torch.ones_like.yaml,1,device,
239,3,114,['SOME_DTYPE'],layout,torch.ones_like.yaml,1,layout,
240,3,114,['SOME_DTYPE'],_devices_kw,torch.random.fork_rng.yaml,1,,
244,3,114,['SOME_DTYPE'],device,torch.cuda.reset_max_memory_allocated.yaml,1,device,
242,3,114,['SOME_DTYPE'],is_python_module,torch.utils.cpp_extension.load_inline.yaml,1,,
243,3,114,['SOME_DTYPE'],as_tuple,torch.nonzero.yaml,1,,
245,3,114,['SOME_DTYPE'],device,torch.cuda.memory_stats.yaml,1,device,
247,3,114,['SOME_DTYPE'],device,torch.cuda.get_device_name.yaml,1,device,
246,3,114,['SOME_DTYPE'],model,torch.quantization.prepare_qat.yaml,1,model,
251,3,114,['SOME_DTYPE'],device,torch.empty_like.yaml,1,device,
268,3,114,['SOME_DTYPE'],model,torch.quantization.quantize.yaml,1,model,
270,3,114,['SOME_DTYPE'],model,torch.onnx.export.yaml,1,model,
254,3,114,['SOME_DTYPE'],device,torch.cuda.memory_allocated.yaml,1,device,
252,3,114,['SOME_DTYPE'],layout,torch.empty_like.yaml,1,layout,
296,3,114,['SOME_DTYPE'],model,torch.hub.load.yaml,1,model,
257,3,114,['SOME_DTYPE'],device,torch.hann_window.yaml,1,device,
255,3,114,['SOME_DTYPE'],_devices_kw,torch.random.fork_rng2.yaml,1,,
265,3,114,['SOME_DTYPE'],device,torch.cuda.current_stream.yaml,1,device,
266,3,114,['SOME_DTYPE'],device,torch.zeros_like.yaml,1,device,
258,3,114,['SOME_DTYPE'],layout,torch.hann_window.yaml,1,layout,
297,3,114,['SOME_DTYPE'],model,torch.hub.help.yaml,1,model,
288,3,114,['SOME_DTYPE'],input_tensor_list,torch.distributed.all_gather_multigpu.yaml,1,structure,
261,3,114,['SOME_DTYPE'],device_ids,torch.nn.parallel.data_parallel.yaml,1,,
308,3,114,['SOME_DTYPE'],model,torch.quantization.quantize_qat.yaml,1,model,
263,3,114,['SOME_DTYPE'],module_kwargs,torch.nn.parallel.data_parallel.yaml,1,,
264,3,114,['SOME_DTYPE'],output_device,torch.nn.parallel.data_parallel.yaml,1,,
274,3,114,['SOME_DTYPE'],device,torch.cuda.set_device.yaml,1,device,
275,3,114,['SOME_DTYPE'],device,torch.rand.yaml,1,device,
267,3,114,['SOME_DTYPE'],layout,torch.zeros_like.yaml,1,layout,
327,3,114,['SOME_DTYPE'],model,torch.quantization.fuse_modules.yaml,1,model,
277,3,114,['SOME_DTYPE'],device,torch.eye.yaml,1,device,
340,3,114,['SOME_DTYPE'],model,torch.quantization.prepare.yaml,1,model,
271,3,114,['SOME_DTYPE'],strip_doc_string,torch.onnx.export.yaml,1,,
248,3,114,['SOME_DTYPE'],module,torch.nn.utils.spectral_norm.yaml,1,module,
249,3,114,['SOME_DTYPE'],module,torch.nn.utils.prune.l1_unstructured.yaml,1,module,
280,3,114,['SOME_DTYPE'],device,torch.randn_like.yaml,1,device,
282,3,114,['SOME_DTYPE'],device,torch.cuda.get_device_capability.yaml,1,device,
276,3,114,['SOME_DTYPE'],layout,torch.rand.yaml,1,layout,
289,3,114,['SOME_DTYPE'],device,torch.cuda.max_memory_allocated.yaml,1,device,
278,3,114,['SOME_DTYPE'],layout,torch.eye.yaml,1,layout,
253,3,114,['SOME_DTYPE'],module,torch.nn.utils.prune.random_unstructured.yaml,1,module,
290,3,114,['SOME_DTYPE'],device,torch.cuda.memory_summary.yaml,1,device,
281,3,114,['SOME_DTYPE'],layout,torch.randn_like.yaml,1,layout,
292,3,114,['SOME_DTYPE'],device,torch.ones.yaml,1,device,
259,3,114,['SOME_DTYPE'],module,torch.nn.utils.prune.ln_structured.yaml,1,module,
284,3,114,['SOME_DTYPE'],qconfig_dict,torch.quantization.propagate_qconfig_.yaml,1,,
262,3,114,['SOME_DTYPE'],module,torch.nn.parallel.data_parallel.yaml,1,module,
294,3,114,['SOME_DTYPE'],device,torch.randperm.yaml,1,device,
299,3,114,['SOME_DTYPE'],device,torch.cuda.synchronize.yaml,1,device,
300,3,114,['SOME_DTYPE'],device,torch.triu_indices.yaml,1,device,
272,3,114,['SOME_DTYPE'],module,torch.quantization.convert.yaml,1,module,
303,3,114,['SOME_DTYPE'],device,torch.tril_indices.yaml,1,device,
293,3,114,['SOME_DTYPE'],layout,torch.ones.yaml,1,layout,
306,3,114,['SOME_DTYPE'],device,torch.linspace.yaml,1,device,
295,3,114,['SOME_DTYPE'],layout,torch.randperm.yaml,1,layout,
273,3,114,['SOME_DTYPE'],module,torch.nn.utils.remove_weight_norm.yaml,1,module,
279,3,114,['SOME_DTYPE'],module,torch.nn.utils.prune.random_structured.yaml,1,module,
298,3,114,['SOME_DTYPE'],model_dir,torch.utils.model_zoo.load_url.yaml,1,,
309,3,114,['SOME_DTYPE'],device,torch.hamming_window.yaml,1,device,
312,3,114,['SOME_DTYPE'],device,torch.cuda.default_stream.yaml,1,device,
301,3,114,['SOME_DTYPE'],layout,torch.triu_indices.yaml,1,layout,
283,3,114,['SOME_DTYPE'],module,torch.quantization.propagate_qconfig_.yaml,1,module,
315,3,114,['SOME_DTYPE'],device,torch.blackman_window.yaml,1,device,
304,3,114,['SOME_DTYPE'],layout,torch.tril_indices.yaml,1,layout,
305,3,114,['SOME_DTYPE'],pickle_module,torch.load.yaml,1,,
317,3,114,['SOME_DTYPE'],device,torch.as_tensor.yaml,1,device,
307,3,114,['SOME_DTYPE'],layout,torch.linspace.yaml,1,layout,
285,3,114,['SOME_DTYPE'],module,torch.nn.utils.prune.remove.yaml,1,module,
318,3,114,['SOME_DTYPE'],device,torch.bartlett_window.yaml,1,device,
310,3,114,['SOME_DTYPE'],layout,torch.hamming_window.yaml,1,layout,
320,3,114,['SOME_DTYPE'],device,torch.logspace.yaml,1,device,
322,3,114,['SOME_DTYPE'],device,torch.cuda.reset_max_memory_cached.yaml,1,device,
313,3,114,['SOME_DTYPE'],is_python_module,torch.utils.cpp_extension.load.yaml,1,,
291,3,114,['SOME_DTYPE'],module,torch.nn.utils.prune.is_pruned.yaml,1,module,
324,3,114,['SOME_DTYPE'],device,torch.tensor.yaml,1,device,
316,3,114,['SOME_DTYPE'],layout,torch.blackman_window.yaml,1,layout,
326,3,114,['SOME_DTYPE'],device,torch.sparse_coo_tensor.yaml,1,device,
332,3,114,['SOME_DTYPE'],device,torch.zeros.yaml,1,device,
319,3,114,['SOME_DTYPE'],layout,torch.bartlett_window.yaml,1,layout,
334,3,114,['SOME_DTYPE'],device,torch.cuda.get_rng_state.yaml,1,device,
321,3,114,['SOME_DTYPE'],layout,torch.logspace.yaml,1,layout,
335,3,114,['SOME_DTYPE'],device,torch.randn.yaml,1,device,
302,3,114,['SOME_DTYPE'],module,torch.quantization.add_observer_.yaml,1,module,
337,3,114,['SOME_DTYPE'],device,torch.cuda.set_rng_state.yaml,1,device,
314,3,114,['SOME_DTYPE'],module,torch.nn.utils.prune.custom_from_mask.yaml,1,module,
338,3,114,['SOME_DTYPE'],device,torch.rand_like.yaml,1,device,
323,3,114,['SOME_DTYPE'],module,torch.nn.utils.prune.identity.yaml,1,module,
328,3,114,['SOME_DTYPE'],modules_to_fuse,torch.quantization.fuse_modules.yaml,1,,
329,3,114,['SOME_DTYPE'],scatter_list,torch.distributed.scatter.yaml,1,structure,
325,3,114,['SOME_DTYPE'],module,torch.nn.utils.weight_norm.yaml,1,module,
344,3,114,['SOME_DTYPE'],sequence,torch.nn.utils.rnn.pad_packed_sequence.yaml,1,structure,
342,3,114,['SOME_DTYPE'],device,torch.full.yaml,1,device,
333,3,114,['SOME_DTYPE'],layout,torch.zeros.yaml,1,layout,
241,3,114,['SOME_DTYPE'],devices,torch.random.fork_rng.yaml,1,device+list,
256,3,114,['SOME_DTYPE'],devices,torch.random.fork_rng2.yaml,1,device+list,
336,3,114,['SOME_DTYPE'],layout,torch.randn.yaml,1,layout,
269,3,114,['SOME_DTYPE'],devices,torch.cuda.comm.broadcast_coalesced.yaml,1,device+list,
286,3,114,['SOME_DTYPE'],devices,torch.cuda.comm.scatter.yaml,1,device+list,
339,3,114,['SOME_DTYPE'],layout,torch.rand_like.yaml,1,layout,
330,3,114,['SOME_DTYPE'],module,torch.nn.utils.remove_spectral_norm.yaml,1,module,
341,3,114,['SOME_DTYPE'],model_dir,torch.hub.load_state_dict_from_url.yaml,1,,
311,3,114,['SOME_DTYPE'],devices,torch.cuda.comm.broadcast.yaml,1,device+list,
343,3,114,['SOME_DTYPE'],layout,torch.full.yaml,1,layout,
250,3,114,['SOME_DTYPE'],tensor_list,torch.distributed.all_gather.yaml,1,structure+tensor,
287,3,114,['SOME_DTYPE'],tensor_list,torch.distributed.broadcast_multigpu.yaml,1,structure+tensor,
331,3,114,['SOME_DTYPE'],tensor_list,torch.distributed.reduce_multigpu.yaml,1,structure+tensor,
345,4,63,['dim'],dim,torch.std2.yaml,1,int+range,
346,4,63,['dim'],dim,torch.prod2.yaml,1,int+range,
347,4,63,['dim'],dim,torch.cummax.yaml,1,int+range,
348,4,63,['dim'],dim,torch.mean2.yaml,1,int+range,
349,4,63,['dim'],dim,torch.sum2.yaml,1,int+range,
350,4,63,['dim'],dim,torch.trapz.yaml,1,int+range,
351,4,63,['dim'],dim,torch.nn.functional.glu.yaml,1,int+range,
352,4,63,['dim'],dim,torch.nn.functional.gumbel_softmax.yaml,1,int+range,
353,4,63,['dim'],dim,torch.nn.functional.normalize.yaml,1,int+range,
354,4,63,['dim'],dim,torch.nn.utils.spectral_norm.yaml,1,int+range,
355,4,63,['dim'],dim,torch.nn.functional.cosine_similarity.yaml,1,int+range,
356,4,63,['dim'],dim,torch.cummin.yaml,1,int+range,
357,4,63,['dim'],dim,torch.nn.utils.prune.ln_structured.yaml,1,int+range,
358,4,63,['dim'],dim,torch.nn.parallel.data_parallel.yaml,1,int+range,
359,4,63,['dim'],dim,torch.topk.yaml,1,int+range,
360,4,63,['dim'],dim,torch.sparse.sum.yaml,1,int+range,
361,4,63,['dim'],dim,torch.min2.yaml,1,int+range,
362,4,63,['dim'],dim,torch.split.yaml,1,int+range,
363,4,63,['dim'],dim,torch.cross.yaml,1,int+range,
364,4,63,['dim'],dim,torch.argmin2.yaml,1,int+range,
365,4,63,['dim'],dim,torch.nn.utils.prune.random_structured.yaml,1,int+range,
366,4,63,['dim'],dim,torch.trapz2.yaml,1,int+range,
367,4,63,['dim'],dim,torch.nn.functional.log_softmax.yaml,1,int+range,
368,4,63,['dim'],dim,torch.var_mean2.yaml,1,int+range,
369,4,63,['dim'],dim,torch.cuda.comm.scatter.yaml,1,int+range,
370,4,63,['dim'],dim,torch.repeat_interleave.yaml,1,int+range,
371,4,63,['dim'],dim,torch.median2.yaml,1,int+range,
372,4,63,['dim'],end_dim,torch.flatten.yaml,1,,
373,4,63,['dim'],start_dim,torch.flatten.yaml,1,,
374,4,63,['dim'],dim,torch.argsort.yaml,1,int+range,
375,4,63,['dim'],dim,torch.logsumexp.yaml,1,int+range,
376,4,63,['dim'],dim,torch.sort.yaml,1,int+range,
377,4,63,['dim'],dim,torch.stack.yaml,1,int+range,
378,4,63,['dim'],dim,torch.max2.yaml,1,int+range,
379,4,63,['dim'],dim,torch.cumprod.yaml,1,int+range,
380,4,63,['dim'],dim1,torch.diag_embed.yaml,1,int+range,
381,4,63,['dim'],dim2,torch.diag_embed.yaml,1,int+range,
382,4,63,['dim'],dim,torch.argmax2.yaml,1,int+range,
383,4,63,['dim'],dim,torch.narrow.yaml,1,int+range,
384,4,63,['dim'],dim,torch.norm.yaml,1,int+range,
385,4,63,['dim'],dim,torch.unique.yaml,1,int+range,
386,4,63,['dim'],dim,torch.index_select.yaml,1,int+range,
387,4,63,['dim'],dim,torch.kthvalue.yaml,1,int+range,
388,4,63,['dim'],dim,torch.var2.yaml,1,int+range,
389,4,63,['dim'],dim,torch.mode.yaml,1,int+range,
390,4,63,['dim'],dim,torch.nn.functional.softmin.yaml,1,int+range,
391,4,63,['dim'],dim,torch.unsqueeze.yaml,1,int+range,
392,4,63,['dim'],dim,torch.chunk.yaml,1,int+range,
393,4,63,['dim'],dim,torch.nn.utils.weight_norm.yaml,1,int+range,
394,4,63,['dim'],dim,torch.std_mean2.yaml,1,int+range,
395,4,63,['dim'],dim,torch.cat.yaml,1,int+range,
396,4,63,['dim'],dim,torch.unique_consecutive.yaml,1,int+range,
397,4,63,['dim'],dim,torch.squeeze.yaml,1,int+range,
398,4,63,['dim'],dim,torch.cumsum.yaml,1,int+range,
399,4,63,['dim'],dim,torch.nn.functional.softmax.yaml,1,int+range,
400,4,63,['dim'],dim0,torch.transpose.yaml,1,int+range,
401,4,63,['dim'],dim1,torch.transpose.yaml,1,int+range,
402,4,63,['dim'],dim,torch.gather.yaml,1,int+range,
403,4,63,['dim'],dim,torch.unbind.yaml,1,int+range,
404,4,63,['dim'],dim,torch.cuda.comm.gather.yaml,1,int+range,
405,4,63,['dim'],dim1,torch.diagonal.yaml,1,int+range,
406,4,63,['dim'],dim2,torch.diagonal.yaml,1,int+range,
407,4,63,['dim'],dim,torch.renorm.yaml,1,int+range,
429,5,47,['tensor'],input_tensor_list,torch.distributed.all_gather_multigpu.yaml,1,structure,
430,5,47,['tensor'],output_tensor_lists,torch.distributed.all_gather_multigpu.yaml,1,structure,
448,5,47,['tensor'],dst_tensor,torch.distributed.reduce_multigpu.yaml,1,tensor,^.*?_tensor\w
410,5,47,['tensor'],*tensors,torch.cartesian_prod.yaml,1,,
431,5,47,['tensor'],grad_tensors,torch.autograd.backward.yaml,1,tensor,^.*?_tensor\w
425,5,47,['tensor'],src_tensor,torch.distributed.broadcast_multigpu.yaml,1,tensor,^.*?_tensor\w
411,5,47,['tensor'],tensor,torch.nn.init.eye_.yaml,1,tensor,^.*?_tensor\w
412,5,47,['tensor'],tensor,torch.distributed.all_reduce.yaml,1,tensor,^.*?_tensor\w
413,5,47,['tensor'],tensor,torch.distributed.isend.yaml,1,tensor,^.*?_tensor\w
414,5,47,['tensor'],tensor,torch.nn.init.orthogonal_.yaml,1,tensor,^.*?_tensor\w
415,5,47,['tensor'],tensor,torch.distributed.all_gather.yaml,1,tensor,^.*?_tensor\w
417,5,47,['tensor'],tensor,torch.distributed.gather.yaml,1,tensor,^.*?_tensor\w
419,5,47,['tensor'],tensor,torch.nn.init.xavier_normal_.yaml,1,tensor,^.*?_tensor\w
420,5,47,['tensor'],tensor,torch.split.yaml,1,tensor,^.*?_tensor\w
423,5,47,['tensor'],tensor,torch.cuda.comm.scatter.yaml,1,tensor,^.*?_tensor\w
424,5,47,['tensor'],tensor,torch.distributed.recv.yaml,1,tensor,^.*?_tensor\w
427,5,47,['tensor'],tensor,torch.nn.init.dirac_.yaml,1,tensor,^.*?_tensor\w
428,5,47,['tensor'],tensor,torch.distributed.reduce.yaml,1,tensor,^.*?_tensor\w
416,5,47,['tensor'],tensor_list,torch.distributed.all_gather.yaml,1,structure+tensor,
426,5,47,['tensor'],tensor_list,torch.distributed.broadcast_multigpu.yaml,1,structure+tensor,
433,5,47,['tensor'],tensor,torch.nn.init.zeros_.yaml,1,tensor,^.*?_tensor\w
434,5,47,['tensor'],tensor,torch.distributed.send.yaml,1,tensor,^.*?_tensor\w
436,5,47,['tensor'],tensor,torch.nn.init.uniform_.yaml,1,tensor,^.*?_tensor\w
437,5,47,['tensor'],tensor,torch.cuda.comm.broadcast.yaml,1,tensor,^.*?_tensor\w
438,5,47,['tensor'],tensor,torch.nn.init.normal_.yaml,1,tensor,^.*?_tensor\w
439,5,47,['tensor'],tensor,torch.nn.init.constant_.yaml,1,tensor,^.*?_tensor\w
440,5,47,['tensor'],tensor,torch.nn.functional.one_hot.yaml,1,tensor,^.*?_tensor\w
443,5,47,['tensor'],tensor,torch.utils.dlpack.to_dlpack.yaml,1,tensor,^.*?_tensor\w
445,5,47,['tensor'],tensor,torch.distributed.scatter.yaml,1,tensor,^.*?_tensor\w
446,5,47,['tensor'],tensor,torch.distributed.irecv.yaml,1,tensor,^.*?_tensor\w
450,5,47,['tensor'],tensor,torch.nn.init.xavier_uniform_.yaml,1,tensor,^.*?_tensor\w
451,5,47,['tensor'],tensor,torch.nn.init.sparse_.yaml,1,tensor,^.*?_tensor\w
452,5,47,['tensor'],tensor,torch.nn.init.ones_.yaml,1,tensor,^.*?_tensor\w
454,5,47,['tensor'],tensor,torch.distributed.broadcast.yaml,1,tensor,^.*?_tensor\w
408,5,47,['tensor'],tensor1,torch.addcdiv.yaml,1,tensor,^.*?_tensor\w
421,5,47,['tensor'],tensor1,torch.addcmul.yaml,1,tensor,^.*?_tensor\w
447,5,47,['tensor'],*tensors,torch.broadcast_tensors.yaml,1,,
441,5,47,['tensor'],tensor1,torch.result_type.yaml,1,tensor,^.*?_tensor\w
449,5,47,['tensor'],tensor_list,torch.distributed.reduce_multigpu.yaml,1,structure+tensor,
409,5,47,['tensor'],tensor2,torch.addcdiv.yaml,1,tensor,^.*?_tensor\w
422,5,47,['tensor'],tensor2,torch.addcmul.yaml,1,tensor,^.*?_tensor\w
442,5,47,['tensor'],tensor2,torch.result_type.yaml,1,tensor,^.*?_tensor\w
418,5,47,['tensor'],tensors,torch.cuda.comm.broadcast_coalesced.yaml,1,tensor,^.*?_tensor\w
432,5,47,['tensor'],tensors,torch.autograd.backward.yaml,1,tensor,^.*?_tensor\w
435,5,47,['tensor'],tensors,torch.stack.yaml,1,tensor,^.*?_tensor\w
444,5,47,['tensor'],tensors,torch.cat.yaml,1,tensor,^.*?_tensor\w
453,5,47,['tensor'],tensors,torch.cuda.comm.gather.yaml,1,tensor,^.*?_tensor\w
455,6,40,['dtype'],dtype,torch.prod2.yaml,1,dtype,
456,6,40,['dtype'],dtype,torch.empty_strided.yaml,1,dtype,
457,6,40,['dtype'],dtype,torch.arange.yaml,1,dtype,
458,6,40,['dtype'],dtype,torch.sum2.yaml,1,dtype,
459,6,40,['dtype'],dtype,torch.sum.yaml,1,dtype,
460,6,40,['dtype'],dtype,torch.ones_like.yaml,1,dtype,
461,6,40,['dtype'],dtype,torch.empty_like.yaml,1,dtype,
462,6,40,['dtype'],dtype,torch.hann_window.yaml,1,dtype,
463,6,40,['dtype'],dtype,torch.sparse.sum.yaml,1,dtype,
464,6,40,['dtype'],dtype,torch.quantize_per_channel.yaml,1,dtype,
465,6,40,['dtype'],dtype,torch.zeros_like.yaml,1,dtype,
466,6,40,['dtype'],dtype,torch.rand.yaml,1,dtype,
467,6,40,['dtype'],dtype,torch.eye.yaml,1,dtype,
468,6,40,['dtype'],dtype,torch.randn_like.yaml,1,dtype,
469,6,40,['dtype'],dtype,torch.nn.functional.log_softmax.yaml,1,dtype,
470,6,40,['dtype'],dtype,torch.ones.yaml,1,dtype,
471,6,40,['dtype'],dtype,torch.randperm.yaml,1,dtype,
472,6,40,['dtype'],dtype,torch.cumprod.yaml,1,dtype,
473,6,40,['dtype'],dtype,torch.triu_indices.yaml,1,dtype,
474,6,40,['dtype'],dtype,torch.tril_indices.yaml,1,dtype,
475,6,40,['dtype'],dtype,torch.linspace.yaml,1,dtype,
476,6,40,['dtype'],dtype,torch.quantize_per_tensor.yaml,1,dtype,
477,6,40,['dtype'],dtype,torch.nn.quantized.functional.conv2d.yaml,1,dtype,
478,6,40,['dtype'],dtype,torch.hamming_window.yaml,1,dtype,
479,6,40,['dtype'],dtype,torch.prod.yaml,1,dtype,
480,6,40,['dtype'],dtype,torch.norm.yaml,1,dtype,
481,6,40,['dtype'],dtype,torch.blackman_window.yaml,1,dtype,
482,6,40,['dtype'],dtype,torch.as_tensor.yaml,1,dtype,
483,6,40,['dtype'],dtype,torch.bartlett_window.yaml,1,dtype,
484,6,40,['dtype'],dtype,torch.logspace.yaml,1,dtype,
485,6,40,['dtype'],dtype,torch.nn.functional.softmin.yaml,1,dtype,
486,6,40,['dtype'],dtype,torch.tensor.yaml,1,dtype,
487,6,40,['dtype'],dtype,torch.sparse_coo_tensor.yaml,1,dtype,
488,6,40,['dtype'],dtype,torch.cumsum.yaml,1,dtype,
489,6,40,['dtype'],dtype,torch.zeros.yaml,1,dtype,
490,6,40,['dtype'],dtype,torch.nn.functional.softmax.yaml,1,dtype,
491,6,40,['dtype'],dtype,torch.randn.yaml,1,dtype,
492,6,40,['dtype'],dtype,torch.rand_like.yaml,1,dtype,
493,6,40,['dtype'],dtype,torch.full.yaml,1,dtype,
494,6,40,['dtype'],dtype,torch.nn.quantized.functional.conv3d.yaml,1,dtype,
506,7,32,['size'],buffer_size,torch.cuda.comm.broadcast_coalesced.yaml,1,numeric,
497,7,32,['size'],kernel_size,torch.nn.functional.avg_pool3d.yaml,1,numeric,
498,7,32,['size'],kernel_size,torch.nn.quantized.functional.avg_pool2d.yaml,1,numeric,
499,7,32,['size'],kernel_size,torch.nn.functional.avg_pool1d.yaml,1,numeric,
511,7,32,['size'],kernel_size,torch.nn.functional.avg_pool2d.yaml,1,numeric,
495,7,32,['size'],output_size,torch.nn.functional.adaptive_max_pool3d.yaml,1,numeric,
501,7,32,['size'],output_size,torch.nn.functional.adaptive_max_pool1d.yaml,1,numeric,
502,7,32,['size'],output_size,torch.nn.functional.adaptive_avg_pool3d.yaml,1,numeric,
503,7,32,['size'],output_size,torch.nn.functional.adaptive_avg_pool1d.yaml,1,numeric,
504,7,32,['size'],output_size,torch.nn.quantized.functional.adaptive_avg_pool2d.yaml,1,numeric,
509,7,32,['size'],output_size,torch.nn.functional.adaptive_max_pool2d.yaml,1,numeric,
514,7,32,['size'],output_size,torch.nn.functional.adaptive_avg_pool2d.yaml,1,numeric,
507,7,32,['size'],split_size_or_sections,torch.split.yaml,1,,
508,7,32,['size'],*size,torch.rand.yaml,1,,
510,7,32,['size'],size_average,torch.nn.functional.kl_div.yaml,1,,
512,7,32,['size'],size_average,torch.nn.functional.binary_cross_entropy.yaml,1,,
515,7,32,['size'],*size,torch.ones.yaml,1,,
517,7,32,['size'],size_average,torch.nn.functional.nll_loss.yaml,1,,
519,7,32,['size'],size_average,torch.nn.functional.cross_entropy.yaml,1,,
521,7,32,['size'],*size,torch.zeros.yaml,1,,
522,7,32,['size'],size_average,torch.nn.functional.binary_cross_entropy_with_logits.yaml,1,,
523,7,32,['size'],*size,torch.randn.yaml,1,,
524,7,32,['size'],size_average,torch.nn.functional.poisson_nll_loss.yaml,1,,
496,7,32,['size'],size,torch.empty_strided.yaml,1,numeric,
500,7,32,['size'],size,torch.as_strided.yaml,1,numeric,
505,7,32,['size'],size,torch.nn.functional.affine_grid.yaml,1,numeric,
516,7,32,['size'],size,torch.normal222.yaml,1,numeric,
518,7,32,['size'],size,torch.nn.quantized.functional.interpolate.yaml,1,numeric,
520,7,32,['size'],size,torch.sparse_coo_tensor.yaml,1,numeric,
525,7,32,['size'],size,torch.nn.functional.interpolate.yaml,1,numeric,
526,7,32,['size'],size,torch.full.yaml,1,numeric,
513,7,32,['size'],world_size,torch.distributed.init_process_group.yaml,1,numeric,
539,8,29,['grad'],grad_tensors,torch.autograd.backward.yaml,1,tensor,^.*?_tensor\w
527,8,29,['grad'],requires_grad,torch.empty_strided.yaml,1,,
528,8,29,['grad'],requires_grad,torch.arange.yaml,1,,
529,8,29,['grad'],requires_grad,torch.ones_like.yaml,1,,
530,8,29,['grad'],gen_non_contig_grad_outputs,torch.autograd.gradgradcheck.yaml,1,,
531,8,29,['grad'],grad_outputs,torch.autograd.gradgradcheck.yaml,1,,
532,8,29,['grad'],requires_grad,torch.empty_like.yaml,1,,
533,8,29,['grad'],requires_grad,torch.hann_window.yaml,1,,
534,8,29,['grad'],scale_grad_by_freq,torch.nn.functional.embedding.yaml,1,,
535,8,29,['grad'],requires_grad,torch.zeros_like.yaml,1,,
536,8,29,['grad'],requires_grad,torch.rand.yaml,1,,
537,8,29,['grad'],requires_grad,torch.eye.yaml,1,,
538,8,29,['grad'],requires_grad,torch.randn_like.yaml,1,,
540,8,29,['grad'],grad_variables,torch.autograd.backward.yaml,1,,
541,8,29,['grad'],requires_grad,torch.ones.yaml,1,,
542,8,29,['grad'],requires_grad,torch.randperm.yaml,1,,
543,8,29,['grad'],requires_grad,torch.linspace.yaml,1,,
544,8,29,['grad'],grad_outputs,torch.autograd.grad.yaml,1,,
545,8,29,['grad'],requires_grad,torch.hamming_window.yaml,1,,
546,8,29,['grad'],requires_grad,torch.blackman_window.yaml,1,,
547,8,29,['grad'],requires_grad,torch.bartlett_window.yaml,1,,
548,8,29,['grad'],requires_grad,torch.logspace.yaml,1,,
549,8,29,['grad'],requires_grad,torch.tensor.yaml,1,,
550,8,29,['grad'],requires_grad,torch.sparse_coo_tensor.yaml,1,,
551,8,29,['grad'],requires_grad,torch.zeros.yaml,1,,
552,8,29,['grad'],requires_grad,torch.randn.yaml,1,,
553,8,29,['grad'],sparse_grad,torch.gather.yaml,1,,
554,8,29,['grad'],requires_grad,torch.rand_like.yaml,1,,
555,8,29,['grad'],requires_grad,torch.full.yaml,1,,
556,9,22,"['requires', 'grad']",requires_grad,torch.empty_strided.yaml,2,,
557,9,22,"['requires', 'grad']",requires_grad,torch.arange.yaml,2,,
558,9,22,"['requires', 'grad']",requires_grad,torch.ones_like.yaml,2,,
559,9,22,"['requires', 'grad']",requires_grad,torch.empty_like.yaml,2,,
560,9,22,"['requires', 'grad']",requires_grad,torch.hann_window.yaml,2,,
561,9,22,"['requires', 'grad']",requires_grad,torch.zeros_like.yaml,2,,
562,9,22,"['requires', 'grad']",requires_grad,torch.rand.yaml,2,,
563,9,22,"['requires', 'grad']",requires_grad,torch.eye.yaml,2,,
564,9,22,"['requires', 'grad']",requires_grad,torch.randn_like.yaml,2,,
565,9,22,"['requires', 'grad']",requires_grad,torch.ones.yaml,2,,
566,9,22,"['requires', 'grad']",requires_grad,torch.randperm.yaml,2,,
567,9,22,"['requires', 'grad']",requires_grad,torch.linspace.yaml,2,,
568,9,22,"['requires', 'grad']",requires_grad,torch.hamming_window.yaml,2,,
569,9,22,"['requires', 'grad']",requires_grad,torch.blackman_window.yaml,2,,
570,9,22,"['requires', 'grad']",requires_grad,torch.bartlett_window.yaml,2,,
571,9,22,"['requires', 'grad']",requires_grad,torch.logspace.yaml,2,,
572,9,22,"['requires', 'grad']",requires_grad,torch.tensor.yaml,2,,
573,9,22,"['requires', 'grad']",requires_grad,torch.sparse_coo_tensor.yaml,2,,
574,9,22,"['requires', 'grad']",requires_grad,torch.zeros.yaml,2,,
575,9,22,"['requires', 'grad']",requires_grad,torch.randn.yaml,2,,
576,9,22,"['requires', 'grad']",requires_grad,torch.rand_like.yaml,2,,
577,9,22,"['requires', 'grad']",requires_grad,torch.full.yaml,2,,
578,10,21,['padding'],padding_value,torch.nn.utils.rnn.pad_sequence.yaml,1,,
579,10,21,['padding'],padding,torch.nn.functional.avg_pool3d.yaml,1,,
580,10,21,['padding'],padding,torch.nn.quantized.functional.avg_pool2d.yaml,1,,
581,10,21,['padding'],padding_mode,torch.nn.functional.grid_sample.yaml,1,,
582,10,21,['padding'],output_padding,torch.nn.functional.conv_transpose2d.yaml,1,,
583,10,21,['padding'],padding,torch.nn.functional.conv_transpose2d.yaml,1,,
584,10,21,['padding'],padding,torch.nn.functional.avg_pool1d.yaml,1,,
585,10,21,['padding'],padding,torch.nn.functional.conv2d.yaml,1,,
586,10,21,['padding'],padding_idx,torch.nn.functional.embedding.yaml,1,,
587,10,21,['padding'],output_padding,torch.nn.functional.conv_transpose3d.yaml,1,,
588,10,21,['padding'],padding,torch.nn.functional.conv_transpose3d.yaml,1,,
589,10,21,['padding'],output_padding,torch.nn.functional.conv_transpose1d.yaml,1,,
590,10,21,['padding'],padding,torch.nn.functional.conv_transpose1d.yaml,1,,
591,10,21,['padding'],padding,torch.nn.functional.avg_pool2d.yaml,1,,
592,10,21,['padding'],padding,torch.nn.functional.conv1d.yaml,1,,
593,10,21,['padding'],padding,torch.nn.functional.conv3d.yaml,1,,
594,10,21,['padding'],padding,torch.nn.quantized.functional.conv2d.yaml,1,,
595,10,21,['padding'],padding_mode,torch.nn.quantized.functional.conv2d.yaml,1,,
596,10,21,['padding'],padding_value,torch.nn.utils.rnn.pad_packed_sequence.yaml,1,,
597,10,21,['padding'],padding,torch.nn.quantized.functional.conv3d.yaml,1,,
598,10,21,['padding'],padding_mode,torch.nn.quantized.functional.conv3d.yaml,1,,
599,11,18,['group'],group,torch.distributed.get_backend.yaml,1,,
600,11,18,['group'],group,torch.distributed.all_reduce.yaml,1,,
601,11,18,['group'],group,torch.distributed.isend.yaml,1,,
602,11,18,['group'],group,torch.distributed.barrier.yaml,1,,
603,11,18,['group'],group,torch.distributed.all_gather.yaml,1,,
604,11,18,['group'],group,torch.distributed.gather.yaml,1,,
605,11,18,['group'],group_name,torch.distributed.init_process_group.yaml,1,,
606,11,18,['group'],group,torch.distributed.recv.yaml,1,,
607,11,18,['group'],group,torch.distributed.broadcast_multigpu.yaml,1,,
608,11,18,['group'],group,torch.distributed.reduce.yaml,1,,
609,11,18,['group'],group,torch.distributed.all_gather_multigpu.yaml,1,,
610,11,18,['group'],group,torch.distributed.send.yaml,1,,
611,11,18,['group'],group,torch.distributed.get_world_size.yaml,1,,
612,11,18,['group'],group,torch.distributed.scatter.yaml,1,,
613,11,18,['group'],group,torch.distributed.irecv.yaml,1,,
614,11,18,['group'],group,torch.distributed.reduce_multigpu.yaml,1,,
615,11,18,['group'],group,torch.distributed.broadcast.yaml,1,,
616,11,18,['group'],group,torch.distributed.get_rank.yaml,1,,
617,12,16,['keepdim'],keepdim,torch.std2.yaml,1,,
618,12,16,['keepdim'],keepdim,torch.prod2.yaml,1,,
619,12,16,['keepdim'],keepdim,torch.mean2.yaml,1,,
620,12,16,['keepdim'],keepdim,torch.sum2.yaml,1,,
621,12,16,['keepdim'],keepdim,torch.min2.yaml,1,,
622,12,16,['keepdim'],keepdim,torch.argmin2.yaml,1,,
623,12,16,['keepdim'],keepdim,torch.var_mean2.yaml,1,,
624,12,16,['keepdim'],keepdim,torch.median2.yaml,1,,
625,12,16,['keepdim'],keepdim,torch.logsumexp.yaml,1,,
626,12,16,['keepdim'],keepdim,torch.max2.yaml,1,,
627,12,16,['keepdim'],keepdim,torch.argmax2.yaml,1,,
628,12,16,['keepdim'],keepdim,torch.norm.yaml,1,,
629,12,16,['keepdim'],keepdim,torch.kthvalue.yaml,1,,
630,12,16,['keepdim'],keepdim,torch.var2.yaml,1,,
631,12,16,['keepdim'],keepdim,torch.mode.yaml,1,,
632,12,16,['keepdim'],keepdim,torch.std_mean2.yaml,1,,
633,13,16,['mode'],ceil_mode,torch.nn.functional.avg_pool3d.yaml,1,,
634,13,16,['mode'],ceil_mode,torch.nn.quantized.functional.avg_pool2d.yaml,1,,
635,13,16,['mode'],mode,torch.nn.functional.grid_sample.yaml,1,,
636,13,16,['mode'],padding_mode,torch.nn.functional.grid_sample.yaml,1,,
637,13,16,['mode'],ceil_mode,torch.nn.functional.avg_pool1d.yaml,1,,
638,13,16,['mode'],compute_mode,torch.cdist.yaml,1,,
639,13,16,['mode'],ceil_mode,torch.nn.functional.avg_pool2d.yaml,1,,
640,13,16,['mode'],sci_mode,torch.set_printoptions.yaml,1,,
641,13,16,['mode'],pad_mode,torch.stft.yaml,1,,
642,13,16,['mode'],padding_mode,torch.nn.quantized.functional.conv2d.yaml,1,,
643,13,16,['mode'],mode,torch.set_flush_denormal.yaml,1,,
644,13,16,['mode'],mode,torch.nn.functional.pad.yaml,1,layout,
645,13,16,['mode'],mode,torch.nn.quantized.functional.interpolate.yaml,1,layout,
646,13,16,['mode'],mode,torch.set_grad_enabled.yaml,1,layout,
647,13,16,['mode'],mode,torch.nn.functional.interpolate.yaml,1,layout,
648,13,16,['mode'],padding_mode,torch.nn.quantized.functional.conv3d.yaml,1,layout,
649,14,16,['weight'],weight,torch.lerp.yaml,1,layout,
650,14,16,['weight'],weight,torch.nn.functional.conv_transpose2d.yaml,1,layout,
651,14,16,['weight'],weight,torch.nn.functional.conv2d.yaml,1,layout,
652,14,16,['weight'],weight,torch.nn.functional.embedding.yaml,1,layout,
653,14,16,['weight'],weight,torch.nn.functional.conv_transpose3d.yaml,1,layout,
654,14,16,['weight'],weight,torch.nn.functional.conv_transpose1d.yaml,1,layout,
655,14,16,['weight'],weight,torch.nn.functional.binary_cross_entropy.yaml,1,layout,
656,14,16,['weight'],weight,torch.nn.functional.conv1d.yaml,1,layout,
657,14,16,['weight'],weight,torch.nn.functional.conv3d.yaml,1,layout,
658,14,16,['weight'],weight,torch.nn.quantized.functional.linear.yaml,1,layout,
659,14,16,['weight'],weight,torch.nn.quantized.functional.conv2d.yaml,1,layout,
660,14,16,['weight'],weight,torch.nn.functional.nll_loss.yaml,1,layout,
661,14,16,['weight'],weight,torch.nn.functional.cross_entropy.yaml,1,layout,
662,14,16,['weight'],pos_weight,torch.nn.functional.binary_cross_entropy_with_logits.yaml,1,layout,
663,14,16,['weight'],weight,torch.nn.functional.binary_cross_entropy_with_logits.yaml,1,layout,
664,14,16,['weight'],weight,torch.nn.quantized.functional.conv3d.yaml,1,layout,
665,15,15,['inputs'],inputs,torch.autograd.functional.hvp.yaml,1,layout,
666,15,15,['inputs'],inputs,torch.autograd.functional.vjp.yaml,1,,
667,15,15,['inputs'],inputs,torch.autograd.gradgradcheck.yaml,1,,
668,15,15,['inputs'],inputs,torch.autograd.functional.jvp.yaml,1,,
669,15,15,['inputs'],inputs,torch.autograd.functional.vhp.yaml,1,,
670,15,15,['inputs'],inputs,torch.nn.parallel.data_parallel.yaml,1,,
671,15,15,['inputs'],inputs,torch.autograd.functional.jacobian.yaml,1,,
672,15,15,['inputs'],keep_initializers_as_inputs,torch.onnx.export.yaml,1,,
673,15,15,['inputs'],inputs,torch.cuda.comm.reduce_add.yaml,1,,
674,15,15,['inputs'],check_inputs,torch.jit.trace.yaml,1,,
675,15,15,['inputs'],example_inputs,torch.jit.trace.yaml,1,,
676,15,15,['inputs'],inputs,torch.autograd.grad.yaml,1,,
677,15,15,['inputs'],only_inputs,torch.autograd.grad.yaml,1,,
678,15,15,['inputs'],inputs,torch.autograd.gradcheck.yaml,1,,
679,15,15,['inputs'],inputs,torch.autograd.functional.hessian.yaml,1,,
680,16,15,['name'],name,torch.utils.cpp_extension.load_inline.yaml,1,string,
681,16,15,['name'],name,torch.nn.utils.spectral_norm.yaml,1,string,
682,16,15,['name'],name,torch.nn.utils.prune.l1_unstructured.yaml,1,string,
683,16,15,['name'],name,torch.nn.utils.prune.random_unstructured.yaml,1,string,
684,16,15,['name'],name,torch.nn.utils.prune.ln_structured.yaml,1,string,
685,16,15,['name'],_retain_param_name,torch.onnx.export.yaml,1,,
686,16,15,['name'],name,torch.nn.utils.remove_weight_norm.yaml,1,string,
687,16,15,['name'],name,torch.nn.utils.prune.random_structured.yaml,1,string,
688,16,15,['name'],name,torch.nn.utils.prune.remove.yaml,1,string,
689,16,15,['name'],group_name,torch.distributed.init_process_group.yaml,1,,
690,16,15,['name'],name,torch.utils.cpp_extension.load.yaml,1,string,
691,16,15,['name'],name,torch.nn.utils.prune.custom_from_mask.yaml,1,string,
692,16,15,['name'],name,torch.nn.utils.prune.identity.yaml,1,string,
693,16,15,['name'],name,torch.nn.utils.weight_norm.yaml,1,string,
694,16,15,['name'],name,torch.nn.utils.remove_spectral_norm.yaml,1,string,
695,17,14,['stride'],stride,torch.empty_strided.yaml,1,,
696,17,14,['stride'],stride,torch.nn.functional.avg_pool3d.yaml,1,,
697,17,14,['stride'],stride,torch.nn.quantized.functional.avg_pool2d.yaml,1,,
698,17,14,['stride'],stride,torch.nn.functional.conv_transpose2d.yaml,1,,
699,17,14,['stride'],stride,torch.nn.functional.avg_pool1d.yaml,1,,
700,17,14,['stride'],stride,torch.as_strided.yaml,1,,
701,17,14,['stride'],stride,torch.nn.functional.conv2d.yaml,1,,
702,17,14,['stride'],stride,torch.nn.functional.conv_transpose3d.yaml,1,,
703,17,14,['stride'],stride,torch.nn.functional.conv_transpose1d.yaml,1,,
704,17,14,['stride'],stride,torch.nn.functional.avg_pool2d.yaml,1,,
705,17,14,['stride'],stride,torch.nn.functional.conv1d.yaml,1,"weak, not ow, not append",
706,17,14,['stride'],stride,torch.nn.functional.conv3d.yaml,1,"weak, not ow, not append",
707,17,14,['stride'],stride,torch.nn.quantized.functional.conv2d.yaml,1,"weak, not ow, not append",
708,17,14,['stride'],stride,torch.nn.quantized.functional.conv3d.yaml,1,"weak, not ow, not append",
722,19,13,['op'],async_op,torch.distributed.all_reduce.yaml,1,module,
723,19,13,['op'],op,torch.distributed.all_reduce.yaml,1,module,
724,19,13,['op'],async_op,torch.distributed.barrier.yaml,1,module,
725,19,13,['op'],async_op,torch.distributed.all_gather.yaml,1,module,
726,19,13,['op'],async_op,torch.distributed.gather.yaml,1,module,
727,19,13,['op'],async_op,torch.distributed.broadcast_multigpu.yaml,1,module,
728,19,13,['op'],async_op,torch.distributed.reduce.yaml,1,module,
729,19,13,['op'],op,torch.distributed.reduce.yaml,1,module,
730,19,13,['op'],async_op,torch.distributed.all_gather_multigpu.yaml,1,module,
731,19,13,['op'],async_op,torch.distributed.scatter.yaml,1,,
732,19,13,['op'],async_op,torch.distributed.reduce_multigpu.yaml,1,,
733,19,13,['op'],op,torch.distributed.reduce_multigpu.yaml,1,,
734,19,13,['op'],async_op,torch.distributed.broadcast.yaml,1,,
713,18,13,['output'],output_size,torch.nn.functional.adaptive_avg_pool1d.yaml,1,numeric,
714,18,13,['output'],output_size,torch.nn.quantized.functional.adaptive_avg_pool2d.yaml,1,numeric,
709,18,13,['output'],output_size,torch.nn.functional.adaptive_max_pool3d.yaml,1,"weak, not ow, not append",
710,18,13,['output'],output_padding,torch.nn.functional.conv_transpose2d.yaml,1,"weak, not ow, not append",
711,18,13,['output'],output_size,torch.nn.functional.adaptive_max_pool1d.yaml,1,"weak, not ow, not append",
712,18,13,['output'],output_size,torch.nn.functional.adaptive_avg_pool3d.yaml,1,"weak, not ow, not append",
715,18,13,['output'],output_device,torch.nn.parallel.data_parallel.yaml,1,module,
716,18,13,['output'],output_padding,torch.nn.functional.conv_transpose3d.yaml,1,module,
717,18,13,['output'],output_names,torch.onnx.export.yaml,1,module,
718,18,13,['output'],output_size,torch.nn.functional.adaptive_max_pool2d.yaml,1,module,
719,18,13,['output'],output_padding,torch.nn.functional.conv_transpose1d.yaml,1,module,
720,18,13,['output'],output_size,torch.nn.functional.adaptive_avg_pool2d.yaml,1,module,
721,18,13,['output'],output_tensor_lists,torch.distributed.all_gather_multigpu.yaml,1,module,
735,20,12,['p'],type_p,torch.distributions.kl.register_kl.yaml,1,,
736,20,12,['p'],p,torch.distributions.kl.kl_divergence.yaml,1,,
737,20,12,['p'],p,torch.nn.functional.pdist.yaml,1,,
738,20,12,['p'],p,torch.nn.functional.normalize.yaml,1,,
739,20,12,['p'],p,torch.cdist.yaml,1,,
740,20,12,['p'],p,torch.nn.functional.dropout.yaml,1,,
741,20,12,['p'],p,torch.nn.functional.dropout2d.yaml,1,,
742,20,12,['p'],p,torch.mvlgamma.yaml,1,,
743,20,12,['p'],p,torch.norm.yaml,1,,
744,20,12,['p'],p,torch.nn.functional.dropout3d.yaml,1,,
745,20,12,['p'],p,torch.dist.yaml,1,,
746,20,12,['p'],p,torch.renorm.yaml,1,,
747,21,10,['args'],*args,torch.nn.functional.adaptive_max_pool3d.yaml,1,,
748,21,10,['args'],*args,torch.nn.functional.adaptive_max_pool1d.yaml,1,,
749,21,10,['args'],run_args,torch.quantization.quantize.yaml,1,,
750,21,10,['args'],args,torch.onnx.export.yaml,1,,
751,21,10,['args'],*args,torch.nn.functional.adaptive_max_pool2d.yaml,1,,
752,21,10,['args'],*args,torch.lu.yaml,1,,
753,21,10,['args'],*args,torch.hub.load.yaml,1,,
754,21,10,['args'],**pickle_load_args,torch.load.yaml,1,,
755,21,10,['args'],run_args,torch.quantization.quantize_qat.yaml,1,,
756,21,10,['args'],*args,torch.utils.checkpoint.checkpoint.yaml,1,,
777,24,10,"['async', 'op']",async_op,torch.distributed.all_reduce.yaml,2,,
778,24,10,"['async', 'op']",async_op,torch.distributed.barrier.yaml,2,,
779,24,10,"['async', 'op']",async_op,torch.distributed.all_gather.yaml,2,,
780,24,10,"['async', 'op']",async_op,torch.distributed.gather.yaml,2,,
781,24,10,"['async', 'op']",async_op,torch.distributed.broadcast_multigpu.yaml,2,,
782,24,10,"['async', 'op']",async_op,torch.distributed.reduce.yaml,2,,
783,24,10,"['async', 'op']",async_op,torch.distributed.all_gather_multigpu.yaml,2,,
784,24,10,"['async', 'op']",async_op,torch.distributed.scatter.yaml,2,,
785,24,10,"['async', 'op']",async_op,torch.distributed.reduce_multigpu.yaml,2,,
786,24,10,"['async', 'op']",async_op,torch.distributed.broadcast.yaml,2,,
787,25,10,['extra'],extra_cflags,torch.utils.cpp_extension.load_inline.yaml,1,,
788,25,10,['extra'],extra_cuda_cflags,torch.utils.cpp_extension.load_inline.yaml,1,,
789,25,10,['extra'],extra_include_paths,torch.utils.cpp_extension.load_inline.yaml,1,,
790,25,10,['extra'],extra_ldflags,torch.utils.cpp_extension.load_inline.yaml,1,,
791,25,10,['extra'],_extra_files,torch.jit.save.yaml,1,,
792,25,10,['extra'],extra_cflags,torch.utils.cpp_extension.load.yaml,1,,
793,25,10,['extra'],extra_cuda_cflags,torch.utils.cpp_extension.load.yaml,1,,
794,25,10,['extra'],extra_include_paths,torch.utils.cpp_extension.load.yaml,1,,
795,25,10,['extra'],extra_ldflags,torch.utils.cpp_extension.load.yaml,1,,
796,25,10,['extra'],_extra_files,torch.jit.load.yaml,1,,
767,23,10,['func'],func,torch.autograd.functional.hvp.yaml,1,callable,
768,23,10,['func'],func,torch.autograd.functional.vjp.yaml,1,callable,
769,23,10,['func'],func,torch.autograd.gradgradcheck.yaml,1,callable,
770,23,10,['func'],func,torch.autograd.functional.jvp.yaml,1,callable,
771,23,10,['func'],func,torch.autograd.functional.vhp.yaml,1,callable,
772,23,10,['func'],func,torch.autograd.functional.jacobian.yaml,1,callable,
773,23,10,['func'],func,torch.jit.trace.yaml,1,callable,
774,23,10,['func'],func,torch.autograd.gradcheck.yaml,1,callable,
775,23,10,['func'],func,torch.autograd.functional.hessian.yaml,1,callable,
776,23,10,['func'],fuser_func,torch.quantization.fuse_modules.yaml,1,callable,
757,22,10,['graph'],create_graph,torch.autograd.functional.hvp.yaml,1,,
758,22,10,['graph'],create_graph,torch.autograd.functional.vjp.yaml,1,,
759,22,10,['graph'],create_graph,torch.autograd.functional.jvp.yaml,1,,
760,22,10,['graph'],create_graph,torch.autograd.functional.vhp.yaml,1,,
761,22,10,['graph'],create_graph,torch.autograd.functional.jacobian.yaml,1,,
762,22,10,['graph'],create_graph,torch.autograd.backward.yaml,1,,
763,22,10,['graph'],retain_graph,torch.autograd.backward.yaml,1,,
764,22,10,['graph'],create_graph,torch.autograd.grad.yaml,1,,
765,22,10,['graph'],retain_graph,torch.autograd.grad.yaml,1,,
766,22,10,['graph'],create_graph,torch.autograd.functional.hessian.yaml,1,,
797,26,10,['inplace'],inplace,torch.quantization.prepare_qat.yaml,1,,
798,26,10,['inplace'],inplace,torch.quantization.quantize.yaml,1,,
799,26,10,['inplace'],inplace,torch.quantization.convert.yaml,1,,
800,26,10,['inplace'],inplace,torch.nn.functional.dropout.yaml,1,,
801,26,10,['inplace'],inplace,torch.nn.functional.dropout2d.yaml,1,,
802,26,10,['inplace'],inplace,torch.quantization.quantize_qat.yaml,1,,
803,26,10,['inplace'],inplace,torch.nn.functional.dropout3d.yaml,1,,
804,26,10,['inplace'],inplace,torch.quantization.fuse_modules.yaml,1,,
805,26,10,['inplace'],inplace,torch.quantization.prepare.yaml,1,,
806,26,10,['inplace'],inplace,torch.nn.quantized.functional.relu.yaml,1,,
807,27,10,['mat'],mat1,torch.addmm.yaml,1,numeric,
808,27,10,['mat'],mat2,torch.addmm.yaml,1,numeric,
809,27,10,['mat'],mat,torch.sparse.addmm.yaml,1,numeric,
810,27,10,['mat'],mat1,torch.sparse.addmm.yaml,1,numeric,
811,27,10,['mat'],mat2,torch.sparse.addmm.yaml,1,numeric,
812,27,10,['mat'],mat1,torch.sparse.mm.yaml,1,numeric,
813,27,10,['mat'],mat2,torch.sparse.mm.yaml,1,numeric,
814,27,10,['mat'],mat2,torch.bmm.yaml,1,numeric,
815,27,10,['mat'],mat,torch.addmv.yaml,1,numeric,
816,27,10,['mat'],mat2,torch.mm.yaml,1,numeric,
826,29,9,['bias'],bias,torch.nn.functional.conv_transpose2d.yaml,1,,
827,29,9,['bias'],bias,torch.nn.functional.conv2d.yaml,1,,
828,29,9,['bias'],bias,torch.nn.functional.conv_transpose3d.yaml,1,,
829,29,9,['bias'],bias,torch.nn.functional.conv_transpose1d.yaml,1,,
830,29,9,['bias'],bias,torch.nn.functional.conv1d.yaml,1,,
831,29,9,['bias'],bias,torch.nn.functional.conv3d.yaml,1,,
832,29,9,['bias'],bias,torch.nn.quantized.functional.linear.yaml,1,,
833,29,9,['bias'],bias,torch.nn.quantized.functional.conv2d.yaml,1,,
834,29,9,['bias'],bias,torch.nn.quantized.functional.conv3d.yaml,1,,
835,30,9,['groups'],groups,torch.nn.functional.conv_transpose2d.yaml,1,,
836,30,9,['groups'],groups,torch.nn.functional.conv2d.yaml,1,,
837,30,9,['groups'],groups,torch.nn.functional.conv_transpose3d.yaml,1,,
838,30,9,['groups'],groups,torch.nn.functional.conv_transpose1d.yaml,1,,
839,30,9,['groups'],groups,torch.nn.functional.conv1d.yaml,1,,
840,30,9,['groups'],groups,torch.nn.functional.conv3d.yaml,1,,
841,30,9,['groups'],groups,torch.nn.init.dirac_.yaml,1,,
842,30,9,['groups'],groups,torch.nn.quantized.functional.conv2d.yaml,1,,
843,30,9,['groups'],groups,torch.nn.quantized.functional.conv3d.yaml,1,,
817,28,9,['kwargs'],**kwargs,torch.nn.functional.adaptive_max_pool3d.yaml,1,,
818,28,9,['kwargs'],**kwargs,torch.nn.functional.adaptive_max_pool1d.yaml,1,,
819,28,9,['kwargs'],module_kwargs,torch.nn.parallel.data_parallel.yaml,1,,
820,28,9,['kwargs'],**kwargs,torch.nn.utils.prune.global_unstructured.yaml,1,,
821,28,9,['kwargs'],**kwargs,torch.nn.functional.adaptive_max_pool2d.yaml,1,,
822,28,9,['kwargs'],**kwargs,torch.lu.yaml,1,,
823,28,9,['kwargs'],**kwargs,torch.hub.load.yaml,1,,
824,28,9,['kwargs'],**kwargs,torch.utils.checkpoint.checkpoint_sequential.yaml,1,,
825,28,9,['kwargs'],**kwargs,torch.utils.checkpoint.checkpoint.yaml,1,,
868,34,8,['alpha'],alpha,torch.baddbmm.yaml,1,,
869,34,8,['alpha'],alpha,torch.add.yaml,1,,
870,34,8,['alpha'],alpha,torch.addr.yaml,1,,
871,34,8,['alpha'],alpha,torch.addbmm.yaml,1,,
872,34,8,['alpha'],alpha,torch.addmm.yaml,1,,
873,34,8,['alpha'],alpha,torch.sparse.addmm.yaml,1,,
874,34,8,['alpha'],alpha,torch.hamming_window.yaml,1,,
875,34,8,['alpha'],alpha,torch.addmv.yaml,1,,
852,32,8,"['create', 'graph']",create_graph,torch.autograd.functional.hvp.yaml,2,,
853,32,8,"['create', 'graph']",create_graph,torch.autograd.functional.vjp.yaml,2,,
854,32,8,"['create', 'graph']",create_graph,torch.autograd.functional.jvp.yaml,2,,
855,32,8,"['create', 'graph']",create_graph,torch.autograd.functional.vhp.yaml,2,,
856,32,8,"['create', 'graph']",create_graph,torch.autograd.functional.jacobian.yaml,2,,
857,32,8,"['create', 'graph']",create_graph,torch.autograd.backward.yaml,2,,
858,32,8,"['create', 'graph']",create_graph,torch.autograd.grad.yaml,2,,
859,32,8,"['create', 'graph']",create_graph,torch.autograd.functional.hessian.yaml,2,,
860,33,8,['dilation'],dilation,torch.nn.functional.conv_transpose2d.yaml,1,,
861,33,8,['dilation'],dilation,torch.nn.functional.conv2d.yaml,1,,
862,33,8,['dilation'],dilation,torch.nn.functional.conv_transpose3d.yaml,1,,
863,33,8,['dilation'],dilation,torch.nn.functional.conv_transpose1d.yaml,1,,
864,33,8,['dilation'],dilation,torch.nn.functional.conv1d.yaml,1,,
865,33,8,['dilation'],dilation,torch.nn.functional.conv3d.yaml,1,,
866,33,8,['dilation'],dilation,torch.nn.quantized.functional.conv2d.yaml,1,,
867,33,8,['dilation'],dilation,torch.nn.quantized.functional.conv3d.yaml,1,,
885,36,8,['length'],hop_length,torch.stft.yaml,1,numeric+range,
888,36,8,['length'],length,torch.narrow.yaml,1,numeric+range,
891,36,8,['length'],total_length,torch.nn.utils.rnn.pad_packed_sequence.yaml,1,numeric+range,
886,36,8,['length'],win_length,torch.stft.yaml,1,numeric+range,
884,36,8,['length'],window_length,torch.hann_window.yaml,1,numeric+range,
887,36,8,['length'],window_length,torch.hamming_window.yaml,1,numeric+range,
889,36,8,['length'],window_length,torch.blackman_window.yaml,1,numeric+range,
890,36,8,['length'],window_length,torch.bartlett_window.yaml,1,numeric+range,
876,35,8,['n'],n_power_iterations,torch.nn.utils.spectral_norm.yaml,1,,
877,35,8,['n'],n,torch.nn.utils.prune.ln_structured.yaml,1,,
878,35,8,['n'],n,torch.matrix_power.yaml,1,,
879,35,8,['n'],n,torch.polygamma.yaml,1,,
880,35,8,['n'],n,torch.eye.yaml,1,,
881,35,8,['n'],n,torch.lobpcg.yaml,1,,
882,35,8,['n'],n,torch.randperm.yaml,1,,
883,35,8,['n'],n_fft,torch.stft.yaml,1,,
892,37,8,['scale'],scale_grad_by_freq,torch.nn.functional.embedding.yaml,1,,
893,37,8,['scale'],scale,torch.nn.quantized.functional.linear.yaml,1,,
894,37,8,['scale'],scale,torch.quantize_per_tensor.yaml,1,,
895,37,8,['scale'],scale,torch.nn.quantized.functional.conv2d.yaml,1,,
896,37,8,['scale'],scale_factor,torch.nn.quantized.functional.interpolate.yaml,1,,
897,37,8,['scale'],recompute_scale_factor,torch.nn.functional.interpolate.yaml,1,,
898,37,8,['scale'],scale_factor,torch.nn.functional.interpolate.yaml,1,,
899,37,8,['scale'],scale,torch.nn.quantized.functional.conv3d.yaml,1,,
844,31,8,['unbiased'],unbiased,torch.std2.yaml,1,,
845,31,8,['unbiased'],unbiased,torch.var_mean.yaml,1,,
846,31,8,['unbiased'],unbiased,torch.var.yaml,1,,
847,31,8,['unbiased'],unbiased,torch.std_mean.yaml,1,,
848,31,8,['unbiased'],unbiased,torch.var_mean2.yaml,1,,
849,31,8,['unbiased'],unbiased,torch.var2.yaml,1,,
850,31,8,['unbiased'],unbiased,torch.std_mean2.yaml,1,,
851,31,8,['unbiased'],unbiased,torch.std.yaml,1,,
900,38,7,['batch'],batch_first,torch.nn.utils.rnn.pad_sequence.yaml,1,,
901,38,7,['batch'],batch1,torch.baddbmm.yaml,1,,
902,38,7,['batch'],batch2,torch.baddbmm.yaml,1,,
903,38,7,['batch'],batch_first,torch.nn.utils.rnn.pack_padded_sequence.yaml,1,,
904,38,7,['batch'],batch1,torch.addbmm.yaml,1,,
905,38,7,['batch'],batch2,torch.addbmm.yaml,1,,
906,38,7,['batch'],batch_first,torch.nn.utils.rnn.pad_packed_sequence.yaml,1,,
977,49,7,['beta'],beta,torch.baddbmm.yaml,1,,
978,49,7,['beta'],beta,torch.addr.yaml,1,,
979,49,7,['beta'],beta,torch.addbmm.yaml,1,,
980,49,7,['beta'],beta,torch.addmm.yaml,1,,
981,49,7,['beta'],beta,torch.sparse.addmm.yaml,1,,
982,49,7,['beta'],beta,torch.hamming_window.yaml,1,,
983,49,7,['beta'],beta,torch.addmv.yaml,1,,
955,45,7,['dst'],dst_tensor,torch.distributed.reduce_multigpu.yaml,1,tensor,^.*?_tensor\w
949,45,7,['dst'],dst,torch.distributed.isend.yaml,1,,
950,45,7,['dst'],dst,torch.distributed.gather.yaml,1,,
951,45,7,['dst'],dst,torch.hub.download_url_to_file.yaml,1,,
952,45,7,['dst'],dst,torch.distributed.reduce.yaml,1,,
953,45,7,['dst'],dst,torch.distributed.send.yaml,1,,
954,45,7,['dst'],dst,torch.distributed.reduce_multigpu.yaml,1,,
970,48,7,['eps'],eps,torch.autograd.gradgradcheck.yaml,1,,
971,48,7,['eps'],eps,torch.nn.functional.gumbel_softmax.yaml,1,,
972,48,7,['eps'],eps,torch.nn.functional.normalize.yaml,1,,
973,48,7,['eps'],eps,torch.nn.utils.spectral_norm.yaml,1,,
974,48,7,['eps'],eps,torch.nn.functional.cosine_similarity.yaml,1,,
975,48,7,['eps'],eps,torch.autograd.gradcheck.yaml,1,,
976,48,7,['eps'],eps,torch.nn.functional.poisson_nll_loss.yaml,1,,
928,42,7,['memory'],pin_memory,torch.empty_strided.yaml,1,,
929,42,7,['memory'],memory_format,torch.ones_like.yaml,1,,
930,42,7,['memory'],memory_format,torch.empty_like.yaml,1,,
931,42,7,['memory'],memory_format,torch.zeros_like.yaml,1,,
932,42,7,['memory'],memory_format,torch.randn_like.yaml,1,,
933,42,7,['memory'],pin_memory,torch.tensor.yaml,1,,
934,42,7,['memory'],memory_format,torch.rand_like.yaml,1,,
914,40,7,"['output', 'size']",output_size,torch.nn.functional.adaptive_max_pool3d.yaml,2,numeric,
915,40,7,"['output', 'size']",output_size,torch.nn.functional.adaptive_max_pool1d.yaml,2,numeric,
916,40,7,"['output', 'size']",output_size,torch.nn.functional.adaptive_avg_pool3d.yaml,2,numeric,
917,40,7,"['output', 'size']",output_size,torch.nn.functional.adaptive_avg_pool1d.yaml,2,numeric,
918,40,7,"['output', 'size']",output_size,torch.nn.quantized.functional.adaptive_avg_pool2d.yaml,2,numeric,
919,40,7,"['output', 'size']",output_size,torch.nn.functional.adaptive_max_pool2d.yaml,2,numeric,
920,40,7,"['output', 'size']",output_size,torch.nn.functional.adaptive_avg_pool2d.yaml,2,numeric,
956,46,7,['reduction'],reduction,torch.nn.functional.ctc_loss.yaml,1,,
957,46,7,['reduction'],reduction,torch.nn.functional.kl_div.yaml,1,,
958,46,7,['reduction'],reduction,torch.nn.functional.binary_cross_entropy.yaml,1,,
959,46,7,['reduction'],reduction,torch.nn.functional.nll_loss.yaml,1,,
960,46,7,['reduction'],reduction,torch.nn.functional.cross_entropy.yaml,1,,
961,46,7,['reduction'],reduction,torch.nn.functional.binary_cross_entropy_with_logits.yaml,1,,
962,46,7,['reduction'],reduction,torch.nn.functional.poisson_nll_loss.yaml,1,,
921,41,7,['return'],return_indices,torch.nn.functional.adaptive_max_pool3d.yaml,1,,
922,41,7,['return'],return_indices,torch.nn.functional.adaptive_max_pool1d.yaml,1,,
923,41,7,['return'],return_indices,torch.nn.functional.adaptive_max_pool2d.yaml,1,,
924,41,7,['return'],return_counts,torch.unique.yaml,1,,
925,41,7,['return'],return_inverse,torch.unique.yaml,1,,
926,41,7,['return'],return_counts,torch.unique_consecutive.yaml,1,,
927,41,7,['return'],return_inverse,torch.unique_consecutive.yaml,1,,
963,47,7,['target'],target_lengths,torch.nn.functional.ctc_loss.yaml,1,numeric+range,
964,47,7,['target'],target,torch.nn.functional.kl_div.yaml,1,,
965,47,7,['target'],target,torch.nn.functional.binary_cross_entropy.yaml,1,,
966,47,7,['target'],target,torch.nn.functional.nll_loss.yaml,1,,
967,47,7,['target'],target,torch.nn.functional.cross_entropy.yaml,1,,
968,47,7,['target'],target,torch.nn.functional.binary_cross_entropy_with_logits.yaml,1,,
969,47,7,['target'],target,torch.nn.functional.poisson_nll_loss.yaml,1,,
942,44,7,['type'],type_p,torch.distributions.kl.register_kl.yaml,1,,
943,44,7,['type'],type_q,torch.distributions.kl.register_kl.yaml,1,,
944,44,7,['type'],norm_type,torch.nn.utils.clip_grad_norm_.yaml,1,,
945,44,7,['type'],norm_type,torch.nn.functional.embedding.yaml,1,,
946,44,7,['type'],operator_export_type,torch.onnx.export.yaml,1,,
947,44,7,['type'],type1,torch.promote_types.yaml,1,,
948,44,7,['type'],type2,torch.promote_types.yaml,1,,
907,39,7,['value'],padding_value,torch.nn.utils.rnn.pad_sequence.yaml,1,,
908,39,7,['value'],value,torch.addcdiv.yaml,1,,
909,39,7,['value'],clip_value,torch.nn.utils.clip_grad_value_.yaml,1,,
910,39,7,['value'],value,torch.addcmul.yaml,1,,
911,39,7,['value'],value,torch.nn.functional.pad.yaml,1,,
912,39,7,['value'],fill_value,torch.full.yaml,1,,
913,39,7,['value'],padding_value,torch.nn.utils.rnn.pad_packed_sequence.yaml,1,,
935,43,7,['x'],x,torch.trapz.yaml,1,,
936,43,7,['x'],x1,torch.nn.functional.cosine_similarity.yaml,1,,
937,43,7,['x'],x2,torch.nn.functional.cosine_similarity.yaml,1,,
938,43,7,['x'],x1,torch.cdist.yaml,1,,
939,43,7,['x'],x2,torch.cdist.yaml,1,,
940,43,7,['x'],x,torch.where.yaml,1,,
941,43,7,['x'],X,torch.lobpcg.yaml,1,,
1062,63,6,['check'],check_hash,torch.utils.model_zoo.load_url.yaml,1,,
1063,63,6,['check'],check_inputs,torch.jit.trace.yaml,1,,
1064,63,6,['check'],check_tolerance,torch.jit.trace.yaml,1,,
1065,63,6,['check'],check_trace,torch.jit.trace.yaml,1,,
1066,63,6,['check'],check_sparse_nnz,torch.autograd.gradcheck.yaml,1,,
1067,63,6,['check'],check_hash,torch.hub.load_state_dict_from_url.yaml,1,,
1020,56,6,['cuda'],cuda,torch.utils.cpp_extension.include_paths.yaml,1,,
1021,56,6,['cuda'],cuda_sources,torch.utils.cpp_extension.load_inline.yaml,1,,
1022,56,6,['cuda'],extra_cuda_cflags,torch.utils.cpp_extension.load_inline.yaml,1,,
1023,56,6,['cuda'],with_cuda,torch.utils.cpp_extension.load_inline.yaml,1,,
1024,56,6,['cuda'],extra_cuda_cflags,torch.utils.cpp_extension.load.yaml,1,,
1025,56,6,['cuda'],with_cuda,torch.utils.cpp_extension.load.yaml,1,,
1014,55,6,['format'],memory_format,torch.ones_like.yaml,1,,
1015,55,6,['format'],memory_format,torch.empty_like.yaml,1,,
1016,55,6,['format'],memory_format,torch.zeros_like.yaml,1,,
1017,55,6,['format'],use_external_data_format,torch.onnx.export.yaml,1,,
1018,55,6,['format'],memory_format,torch.randn_like.yaml,1,,
1019,55,6,['format'],memory_format,torch.rand_like.yaml,1,,
996,52,6,['include'],count_include_pad,torch.nn.functional.avg_pool3d.yaml,1,,
997,52,6,['include'],count_include_pad,torch.nn.quantized.functional.avg_pool2d.yaml,1,,
998,52,6,['include'],count_include_pad,torch.nn.functional.avg_pool1d.yaml,1,,
999,52,6,['include'],extra_include_paths,torch.utils.cpp_extension.load_inline.yaml,1,,
1000,52,6,['include'],count_include_pad,torch.nn.functional.avg_pool2d.yaml,1,,
1001,52,6,['include'],extra_include_paths,torch.utils.cpp_extension.load.yaml,1,,
1008,54,6,['offset'],storage_offset,torch.as_strided.yaml,1,,
1009,54,6,['offset'],offset,torch.diag_embed.yaml,1,,
1010,54,6,['offset'],offset,torch.triu_indices.yaml,1,,
1011,54,6,['offset'],offset,torch.tril_indices.yaml,1,,
1012,54,6,['offset'],offset,torch.diagonal.yaml,1,,
1013,54,6,['offset'],offset,torch.diagflat.yaml,1,,
1002,53,6,['pad'],count_include_pad,torch.nn.functional.avg_pool3d.yaml,1,,
1003,53,6,['pad'],count_include_pad,torch.nn.quantized.functional.avg_pool2d.yaml,1,,
1004,53,6,['pad'],count_include_pad,torch.nn.functional.avg_pool1d.yaml,1,,
1005,53,6,['pad'],count_include_pad,torch.nn.functional.avg_pool2d.yaml,1,,
1006,53,6,['pad'],pad_mode,torch.stft.yaml,1,,
1007,53,6,['pad'],pad,torch.nn.functional.pad.yaml,1,,
1044,60,6,['reduce'],reduce,torch.nn.functional.kl_div.yaml,1,,
1045,60,6,['reduce'],reduce,torch.nn.functional.binary_cross_entropy.yaml,1,,
1046,60,6,['reduce'],reduce,torch.nn.functional.nll_loss.yaml,1,,
1047,60,6,['reduce'],reduce,torch.nn.functional.cross_entropy.yaml,1,,
1048,60,6,['reduce'],reduce,torch.nn.functional.binary_cross_entropy_with_logits.yaml,1,,
1049,60,6,['reduce'],reduce,torch.nn.functional.poisson_nll_loss.yaml,1,,
984,50,6,"['size', 'average']",size_average,torch.nn.functional.kl_div.yaml,2,,
985,50,6,"['size', 'average']",size_average,torch.nn.functional.binary_cross_entropy.yaml,2,,
986,50,6,"['size', 'average']",size_average,torch.nn.functional.nll_loss.yaml,2,,
987,50,6,"['size', 'average']",size_average,torch.nn.functional.cross_entropy.yaml,2,,
988,50,6,"['size', 'average']",size_average,torch.nn.functional.binary_cross_entropy_with_logits.yaml,2,,
989,50,6,"['size', 'average']",size_average,torch.nn.functional.poisson_nll_loss.yaml,2,,
1052,61,6,['src'],src_tensor,torch.distributed.broadcast_multigpu.yaml,1,tensor,^.*?_tensor\w
1050,61,6,['src'],src,torch.distributed.recv.yaml,1,,
1051,61,6,['src'],src,torch.distributed.broadcast_multigpu.yaml,1,,
1053,61,6,['src'],src,torch.distributed.scatter.yaml,1,,
1054,61,6,['src'],src,torch.distributed.irecv.yaml,1,,
1055,61,6,['src'],src,torch.distributed.broadcast.yaml,1,,
1032,58,6,['state'],new_state,torch.set_rng_state.yaml,1,,
1033,58,6,['state'],new_state,torch.random.set_rng_state.yaml,1,,
1034,58,6,['state'],new_state,torch.random.set_rng_state2.yaml,1,,
1035,58,6,['state'],preserve_rng_state,torch.utils.checkpoint.checkpoint_sequential.yaml,1,,
1036,58,6,['state'],new_state,torch.cuda.set_rng_state.yaml,1,,
1037,58,6,['state'],preserve_rng_state,torch.utils.checkpoint.checkpoint.yaml,1,,
1056,62,6,['std'],std,torch.normal.yaml,1,,
1057,62,6,['std'],std,torch.normal222.yaml,1,,
1058,62,6,['std'],std,torch.normal22.yaml,1,,
1059,62,6,['std'],std,torch.normal2.yaml,1,,
1060,62,6,['std'],std,torch.nn.init.normal_.yaml,1,,
1061,62,6,['std'],std,torch.nn.init.sparse_.yaml,1,,
990,51,6,['strict'],strict,torch.autograd.functional.hvp.yaml,1,,
991,51,6,['strict'],strict,torch.autograd.functional.vjp.yaml,1,,
992,51,6,['strict'],strict,torch.autograd.functional.jvp.yaml,1,,
993,51,6,['strict'],strict,torch.autograd.functional.vhp.yaml,1,,
994,51,6,['strict'],strict,torch.autograd.functional.jacobian.yaml,1,,
995,51,6,['strict'],strict,torch.autograd.functional.hessian.yaml,1,,
1038,59,6,['vec'],vec,torch.mv.yaml,1,ndim=1,
1039,59,6,['vec'],vec1,torch.addr.yaml,1,ndim=2,
1040,59,6,['vec'],vec2,torch.addr.yaml,1,ndim=3,
1041,59,6,['vec'],vec,torch.nn.utils.vector_to_parameters.yaml,1,ndim=4,
1042,59,6,['vec'],vec,torch.addmv.yaml,1,ndim=5,
1043,59,6,['vec'],vec2,torch.ger.yaml,1,ndim=6,
1026,57,6,['zero'],zero_infinity,torch.nn.functional.ctc_loss.yaml,1,,
1027,57,6,['zero'],zero_points,torch.quantize_per_channel.yaml,1,,
1028,57,6,['zero'],zero_point,torch.nn.quantized.functional.linear.yaml,1,,
1029,57,6,['zero'],zero_point,torch.quantize_per_tensor.yaml,1,,
1030,57,6,['zero'],zero_point,torch.nn.quantized.functional.conv2d.yaml,1,,
1031,57,6,['zero'],zero_point,torch.nn.quantized.functional.conv3d.yaml,1,,
1123,75,5,['data'],use_external_data_format,torch.onnx.export.yaml,1,,
1124,75,5,['data'],LU_data,torch.lu_unpack.yaml,1,,
1125,75,5,['data'],unpack_data,torch.lu_unpack.yaml,1,,
1126,75,5,['data'],data,torch.as_tensor.yaml,1,,
1127,75,5,['data'],data,torch.tensor.yaml,1,,
1073,65,5,['end'],end,torch.arange.yaml,1,,
1074,65,5,['end'],end,torch.lerp.yaml,1,,
1075,65,5,['end'],end_dim,torch.flatten.yaml,1,,
1076,65,5,['end'],end,torch.linspace.yaml,1,,
1077,65,5,['end'],end,torch.logspace.yaml,1,,
1093,69,5,['f'],f,torch.save.yaml,1,not useful,
1094,69,5,['f'],f,torch.onnx.export.yaml,1,not useful,
1095,69,5,['f'],f,torch.jit.save.yaml,1,not useful,
1096,69,5,['f'],f,torch.load.yaml,1,not useful,
1097,69,5,['f'],f,torch.jit.load.yaml,1,not useful,
1133,77,5,['mean'],mean,torch.normal.yaml,1,,
1134,77,5,['mean'],mean,torch.normal222.yaml,1,,
1135,77,5,['mean'],mean,torch.normal22.yaml,1,,
1136,77,5,['mean'],mean,torch.normal2.yaml,1,,
1137,77,5,['mean'],mean,torch.nn.init.normal_.yaml,1,,
1068,64,5,"['memory', 'format']",memory_format,torch.ones_like.yaml,2,,
1069,64,5,"['memory', 'format']",memory_format,torch.empty_like.yaml,2,,
1070,64,5,"['memory', 'format']",memory_format,torch.zeros_like.yaml,2,,
1071,64,5,"['memory', 'format']",memory_format,torch.randn_like.yaml,2,,
1072,64,5,"['memory', 'format']",memory_format,torch.rand_like.yaml,2,,
1088,68,5,['new'],_use_new_zipfile_serialization,torch.save.yaml,1,,
1089,68,5,['new'],new_state,torch.set_rng_state.yaml,1,,
1090,68,5,['new'],new_state,torch.random.set_rng_state.yaml,1,,
1091,68,5,['new'],new_state,torch.random.set_rng_state2.yaml,1,,
1092,68,5,['new'],new_state,torch.cuda.set_rng_state.yaml,1,,
1103,71,5,['normalized'],normalized,torch.irfft.yaml,1,,
1104,71,5,['normalized'],normalized,torch.fft.yaml,1,,
1105,71,5,['normalized'],normalized,torch.ifft.yaml,1,,
1106,71,5,['normalized'],normalized,torch.stft.yaml,1,,
1107,71,5,['normalized'],normalized,torch.rfft.yaml,1,,
1098,70,5,['outputs'],gen_non_contig_grad_outputs,torch.autograd.gradgradcheck.yaml,1,,
1099,70,5,['outputs'],grad_outputs,torch.autograd.gradgradcheck.yaml,1,,
1100,70,5,['outputs'],example_outputs,torch.onnx.export.yaml,1,,
1101,70,5,['outputs'],grad_outputs,torch.autograd.grad.yaml,1,,
1102,70,5,['outputs'],outputs,torch.autograd.grad.yaml,1,,
1113,73,5,['parameters'],parameters,torch.nn.utils.clip_grad_norm_.yaml,1,,
1114,73,5,['parameters'],parameters,torch.nn.utils.clip_grad_value_.yaml,1,,
1115,73,5,['parameters'],parameters,torch.nn.utils.prune.global_unstructured.yaml,1,,
1116,73,5,['parameters'],parameters,torch.nn.utils.vector_to_parameters.yaml,1,,
1117,73,5,['parameters'],parameters,torch.nn.utils.parameters_to_vector.yaml,1,,
1128,76,5,['seed'],seed,torch.cuda.manual_seed.yaml,1,,
1129,76,5,['seed'],seed,torch.manual_seed.yaml,1,,
1130,76,5,['seed'],seed,torch.random.manual_seed2.yaml,1,,
1131,76,5,['seed'],seed,torch.random.manual_seed.yaml,1,,
1132,76,5,['seed'],seed,torch.cuda.manual_seed_all.yaml,1,,
1109,72,5,['signal'],signal_sizes,torch.irfft.yaml,1,numeric,
1108,72,5,['signal'],signal_ndim,torch.irfft.yaml,1,,
1110,72,5,['signal'],signal_ndim,torch.fft.yaml,1,,
1111,72,5,['signal'],signal_ndim,torch.ifft.yaml,1,,
1112,72,5,['signal'],signal_ndim,torch.rfft.yaml,1,,
1078,66,5,['start'],start,torch.arange.yaml,1,,
1079,66,5,['start'],start_dim,torch.flatten.yaml,1,,
1080,66,5,['start'],start,torch.linspace.yaml,1,,
1081,66,5,['start'],start,torch.narrow.yaml,1,,
1082,66,5,['start'],start,torch.logspace.yaml,1,,
1083,67,5,['upper'],upper,torch.cholesky.yaml,1,,
1084,67,5,['upper'],upper,torch.triangular_solve.yaml,1,,
1085,67,5,['upper'],upper,torch.cholesky_solve.yaml,1,,
1086,67,5,['upper'],upper,torch.symeig.yaml,1,,
1087,67,5,['upper'],upper,torch.cholesky_inverse.yaml,1,,
1118,74,5,['window'],window_length,torch.hann_window.yaml,1,numeric+range,
1119,74,5,['window'],window,torch.stft.yaml,1,,
1120,74,5,['window'],window_length,torch.hamming_window.yaml,1,numeric+range,
1121,74,5,['window'],window_length,torch.blackman_window.yaml,1,numeric+range,
1122,74,5,['window'],window_length,torch.bartlett_window.yaml,1,numeric+range,